Schema.java,org.apache.avro.Schema,org.pitest.mutationtest.engine.gregor.mutators.NegateConditionalsMutator,<init>,158,SURVIVED,none
Schema.java,org.apache.avro.Schema,org.pitest.mutationtest.engine.gregor.mutators.VoidMethodCallMutator,addProp,204,NO_COVERAGE,none
Schema.java,org.apache.avro.Schema,org.pitest.mutationtest.engine.gregor.mutators.VoidMethodCallMutator,addProp,198,KILLED,org.apache.avro.ISW2SchemaC3LLMTest.schemaPropertiesParticipateInEqualityAndCannotBeOverwritten(org.apache.avro.ISW2SchemaC3LLMTest)
Schema.java,org.apache.avro.Schema,org.pitest.mutationtest.engine.gregor.mutators.NegateConditionalsMutator,applyAliases,2097,KILLED,org.apache.avro.ISW2SchemaC3LLMTest.applyAliasesRewritesRecordAndFieldNamesFromReaderAliases(org.apache.avro.ISW2SchemaC3LLMTest)
Schema.java,org.apache.avro.Schema,org.pitest.mutationtest.engine.gregor.mutators.NegateConditionalsMutator,applyAliases,2101,KILLED,org.apache.avro.ISW2SchemaC3LLMTest.applyAliasesRewritesRecordAndFieldNamesFromReaderAliases(org.apache.avro.ISW2SchemaC3LLMTest)
Schema.java,org.apache.avro.Schema,org.pitest.mutationtest.engine.gregor.mutators.NegateConditionalsMutator,applyAliases,2103,KILLED,org.apache.avro.ISW2SchemaC3LLMTest.applyAliasesRewritesRecordAndFieldNamesFromReaderAliases(org.apache.avro.ISW2SchemaC3LLMTest)
Schema.java,org.apache.avro.Schema,org.pitest.mutationtest.engine.gregor.mutators.NegateConditionalsMutator,applyAliases,2118,NO_COVERAGE,none
Schema.java,org.apache.avro.Schema,org.pitest.mutationtest.engine.gregor.mutators.NegateConditionalsMutator,applyAliases,2124,NO_COVERAGE,none
Schema.java,org.apache.avro.Schema,org.pitest.mutationtest.engine.gregor.mutators.NegateConditionalsMutator,applyAliases,2129,NO_COVERAGE,none
Schema.java,org.apache.avro.Schema,org.pitest.mutationtest.engine.gregor.mutators.NegateConditionalsMutator,applyAliases,2139,NO_COVERAGE,none
Schema.java,org.apache.avro.Schema,org.pitest.mutationtest.engine.gregor.mutators.NegateConditionalsMutator,applyAliases,2145,SURVIVED,none
Schema.java,org.apache.avro.Schema,org.pitest.mutationtest.engine.gregor.mutators.VoidMethodCallMutator,applyAliases,2112,SURVIVED,none
Schema.java,org.apache.avro.Schema,org.pitest.mutationtest.engine.gregor.mutators.VoidMethodCallMutator,applyAliases,2115,KILLED,org.apache.avro.ISW2SchemaC3LLMTest.applyAliasesRewritesRecordAndFieldNamesFromReaderAliases(org.apache.avro.ISW2SchemaC3LLMTest)
Schema.java,org.apache.avro.Schema,org.pitest.mutationtest.engine.gregor.mutators.VoidMethodCallMutator,applyAliases,2146,SURVIVED,none
Schema.java,org.apache.avro.Schema,org.pitest.mutationtest.engine.gregor.mutators.returns.NullReturnValsMutator,applyAliases,2102,NO_COVERAGE,none
Schema.java,org.apache.avro.Schema,org.pitest.mutationtest.engine.gregor.mutators.returns.NullReturnValsMutator,applyAliases,2147,KILLED,org.apache.avro.ISW2SchemaC3LLMTest.applyAliasesRewritesRecordAndFieldNamesFromReaderAliases(org.apache.avro.ISW2SchemaC3LLMTest)
Schema.java,org.apache.avro.Schema,org.pitest.mutationtest.engine.gregor.mutators.NegateConditionalsMutator,applyAliases,2077,KILLED,org.apache.avro.ISW2SchemaC3LLMTest.applyAliasesRewritesRecordAndFieldNamesFromReaderAliases(org.apache.avro.ISW2SchemaC3LLMTest)
Schema.java,org.apache.avro.Schema,org.pitest.mutationtest.engine.gregor.mutators.NegateConditionalsMutator,applyAliases,2086,SURVIVED,none
Schema.java,org.apache.avro.Schema,org.pitest.mutationtest.engine.gregor.mutators.NegateConditionalsMutator,applyAliases,2086,NO_COVERAGE,none
Schema.java,org.apache.avro.Schema,org.pitest.mutationtest.engine.gregor.mutators.VoidMethodCallMutator,applyAliases,2084,KILLED,org.apache.avro.ISW2SchemaC3LLMTest.applyAliasesRewritesRecordAndFieldNamesFromReaderAliases(org.apache.avro.ISW2SchemaC3LLMTest)
Schema.java,org.apache.avro.Schema,org.pitest.mutationtest.engine.gregor.mutators.VoidMethodCallMutator,applyAliases,2089,SURVIVED,none
Schema.java,org.apache.avro.Schema,org.pitest.mutationtest.engine.gregor.mutators.returns.NullReturnValsMutator,applyAliases,2078,NO_COVERAGE,none
Schema.java,org.apache.avro.Schema,org.pitest.mutationtest.engine.gregor.mutators.returns.NullReturnValsMutator,applyAliases,2087,NO_COVERAGE,none
Schema.java,org.apache.avro.Schema,org.pitest.mutationtest.engine.gregor.mutators.returns.NullReturnValsMutator,applyAliases,2090,KILLED,org.apache.avro.ISW2SchemaC3LLMTest.applyAliasesRewritesRecordAndFieldNamesFromReaderAliases(org.apache.avro.ISW2SchemaC3LLMTest)
Schema.java,org.apache.avro.Schema,org.pitest.mutationtest.engine.gregor.mutators.MathMutator,computeHash,507,NO_COVERAGE,none
Schema.java,org.apache.avro.Schema,org.pitest.mutationtest.engine.gregor.mutators.returns.PrimitiveReturnsMutator,computeHash,507,NO_COVERAGE,none
Schema.java,org.apache.avro.Schema,org.pitest.mutationtest.engine.gregor.mutators.returns.NullReturnValsMutator,create,166,KILLED,org.apache.avro.ISW2SchemaC3LLMTest.schemaPropertiesParticipateInEqualityAndCannotBeOverwritten(org.apache.avro.ISW2SchemaC3LLMTest)
Schema.java,org.apache.avro.Schema,org.pitest.mutationtest.engine.gregor.mutators.returns.NullReturnValsMutator,create,168,KILLED,org.apache.avro.ISW2SchemaC3LLMTest.primitiveFactoriesExposeTypeNameAndNullability(org.apache.avro.ISW2SchemaC3LLMTest)
Schema.java,org.apache.avro.Schema,org.pitest.mutationtest.engine.gregor.mutators.returns.NullReturnValsMutator,create,170,KILLED,org.apache.avro.ISW2SchemaC3LLMTest.primitiveFactoriesExposeTypeNameAndNullability(org.apache.avro.ISW2SchemaC3LLMTest)
Schema.java,org.apache.avro.Schema,org.pitest.mutationtest.engine.gregor.mutators.returns.NullReturnValsMutator,create,172,KILLED,org.apache.avro.ISW2SchemaC3LLMTest.primitiveFactoriesExposeTypeNameAndNullability(org.apache.avro.ISW2SchemaC3LLMTest)
Schema.java,org.apache.avro.Schema,org.pitest.mutationtest.engine.gregor.mutators.returns.NullReturnValsMutator,create,174,KILLED,org.apache.avro.ISW2SchemaC3LLMTest.primitiveFactoriesExposeTypeNameAndNullability(org.apache.avro.ISW2SchemaC3LLMTest)
Schema.java,org.apache.avro.Schema,org.pitest.mutationtest.engine.gregor.mutators.returns.NullReturnValsMutator,create,176,KILLED,org.apache.avro.ISW2SchemaC3LLMTest.primitiveFactoriesExposeTypeNameAndNullability(org.apache.avro.ISW2SchemaC3LLMTest)
Schema.java,org.apache.avro.Schema,org.pitest.mutationtest.engine.gregor.mutators.returns.NullReturnValsMutator,create,178,KILLED,org.apache.avro.ISW2SchemaC3LLMTest.primitiveFactoriesExposeTypeNameAndNullability(org.apache.avro.ISW2SchemaC3LLMTest)
Schema.java,org.apache.avro.Schema,org.pitest.mutationtest.engine.gregor.mutators.returns.NullReturnValsMutator,create,180,KILLED,org.apache.avro.ISW2SchemaC3LLMTest.primitiveFactoriesExposeTypeNameAndNullability(org.apache.avro.ISW2SchemaC3LLMTest)
Schema.java,org.apache.avro.Schema,org.pitest.mutationtest.engine.gregor.mutators.returns.NullReturnValsMutator,createArray,254,KILLED,org.apache.avro.ISW2SchemaC3LLMTest.arrayAndMapExposeTheirComponentSchemas(org.apache.avro.ISW2SchemaC3LLMTest)
Schema.java,org.apache.avro.Schema,org.pitest.mutationtest.engine.gregor.mutators.returns.NullReturnValsMutator,createEnum,244,NO_COVERAGE,none
Schema.java,org.apache.avro.Schema,org.pitest.mutationtest.engine.gregor.mutators.returns.NullReturnValsMutator,createEnum,249,KILLED,org.apache.avro.ISW2SchemaC3LLMTest.enumExposesSymbolsOrdinalsMembershipAndDefault(org.apache.avro.ISW2SchemaC3LLMTest)
Schema.java,org.apache.avro.Schema,org.pitest.mutationtest.engine.gregor.mutators.returns.NullReturnValsMutator,createFixed,274,KILLED,org.apache.avro.ISW2SchemaC3LLMTest.namedFixedSchemaExposesIdentityDocumentationAliasesAndSize(org.apache.avro.ISW2SchemaC3LLMTest)
Schema.java,org.apache.avro.Schema,org.pitest.mutationtest.engine.gregor.mutators.returns.NullReturnValsMutator,createMap,259,KILLED,org.apache.avro.ISW2SchemaC3LLMTest.arrayAndMapExposeTheirComponentSchemas(org.apache.avro.ISW2SchemaC3LLMTest)
Schema.java,org.apache.avro.Schema,org.pitest.mutationtest.engine.gregor.mutators.returns.NullReturnValsMutator,createRecord,234,KILLED,org.apache.avro.ISW2SchemaC3LLMTest.unsetRecordFieldsFailUntilSetAndCanOnlyBeSetOnce(org.apache.avro.ISW2SchemaC3LLMTest)
Schema.java,org.apache.avro.Schema,org.pitest.mutationtest.engine.gregor.mutators.returns.NullReturnValsMutator,createRecord,239,KILLED,org.apache.avro.ISW2SchemaC3LLMTest.recordAssignsFieldPositionsAndSupportsLookup(org.apache.avro.ISW2SchemaC3LLMTest)
Schema.java,org.apache.avro.Schema,org.pitest.mutationtest.engine.gregor.mutators.VoidMethodCallMutator,createRecord,228,NO_COVERAGE,none
Schema.java,org.apache.avro.Schema,org.pitest.mutationtest.engine.gregor.mutators.returns.NullReturnValsMutator,createRecord,229,NO_COVERAGE,none
Schema.java,org.apache.avro.Schema,org.pitest.mutationtest.engine.gregor.mutators.returns.NullReturnValsMutator,createUnion,264,KILLED,org.apache.avro.ISW2SchemaC3LLMTest.unionRejectsProperties(org.apache.avro.ISW2SchemaC3LLMTest)
Schema.java,org.apache.avro.Schema,org.pitest.mutationtest.engine.gregor.mutators.returns.NullReturnValsMutator,createUnion,269,KILLED,org.apache.avro.ISW2SchemaC3LLMTest.unionRejectsProperties(org.apache.avro.ISW2SchemaC3LLMTest)
Schema.java,org.apache.avro.Schema,org.pitest.mutationtest.engine.gregor.mutators.NegateConditionalsMutator,equalCachedHash,511,SURVIVED,none
Schema.java,org.apache.avro.Schema,org.pitest.mutationtest.engine.gregor.mutators.NegateConditionalsMutator,equalCachedHash,511,NO_COVERAGE,none
Schema.java,org.apache.avro.Schema,org.pitest.mutationtest.engine.gregor.mutators.NegateConditionalsMutator,equalCachedHash,511,NO_COVERAGE,none
Schema.java,org.apache.avro.Schema,org.pitest.mutationtest.engine.gregor.mutators.returns.BooleanTrueReturnValsMutator,equalCachedHash,511,SURVIVED,none
Schema.java,org.apache.avro.Schema,org.pitest.mutationtest.engine.gregor.mutators.NegateConditionalsMutator,equals,489,KILLED,org.apache.avro.ISW2SchemaC3LLMTest.schemaPropertiesParticipateInEqualityAndCannotBeOverwritten(org.apache.avro.ISW2SchemaC3LLMTest)
Schema.java,org.apache.avro.Schema,org.pitest.mutationtest.engine.gregor.mutators.NegateConditionalsMutator,equals,491,KILLED,org.apache.avro.ISW2SchemaC3LLMTest.schemaPropertiesParticipateInEqualityAndCannotBeOverwritten(org.apache.avro.ISW2SchemaC3LLMTest)
Schema.java,org.apache.avro.Schema,org.pitest.mutationtest.engine.gregor.mutators.NegateConditionalsMutator,equals,494,KILLED,org.apache.avro.ISW2SchemaC3LLMTest.schemaPropertiesParticipateInEqualityAndCannotBeOverwritten(org.apache.avro.ISW2SchemaC3LLMTest)
Schema.java,org.apache.avro.Schema,org.pitest.mutationtest.engine.gregor.mutators.NegateConditionalsMutator,equals,496,KILLED,org.apache.avro.ISW2SchemaC3LLMTest.schemaPropertiesParticipateInEqualityAndCannotBeOverwritten(org.apache.avro.ISW2SchemaC3LLMTest)
Schema.java,org.apache.avro.Schema,org.pitest.mutationtest.engine.gregor.mutators.NegateConditionalsMutator,equals,496,KILLED,org.apache.avro.ISW2SchemaC3LLMTest.schemaPropertiesParticipateInEqualityAndCannotBeOverwritten(org.apache.avro.ISW2SchemaC3LLMTest)
Schema.java,org.apache.avro.Schema,org.pitest.mutationtest.engine.gregor.mutators.returns.BooleanFalseReturnValsMutator,equals,490,SURVIVED,none
Schema.java,org.apache.avro.Schema,org.pitest.mutationtest.engine.gregor.mutators.returns.BooleanTrueReturnValsMutator,equals,492,NO_COVERAGE,none
Schema.java,org.apache.avro.Schema,org.pitest.mutationtest.engine.gregor.mutators.returns.BooleanTrueReturnValsMutator,equals,495,NO_COVERAGE,none
Schema.java,org.apache.avro.Schema,org.pitest.mutationtest.engine.gregor.mutators.returns.BooleanTrueReturnValsMutator,equals,496,KILLED,org.apache.avro.ISW2SchemaC3LLMTest.schemaPropertiesParticipateInEqualityAndCannotBeOverwritten(org.apache.avro.ISW2SchemaC3LLMTest)
Schema.java,org.apache.avro.Schema,org.pitest.mutationtest.engine.gregor.mutators.NegateConditionalsMutator,getAliases,2153,KILLED,org.apache.avro.ISW2SchemaC3LLMTest.applyAliasesRewritesRecordAndFieldNamesFromReaderAliases(org.apache.avro.ISW2SchemaC3LLMTest)
Schema.java,org.apache.avro.Schema,org.pitest.mutationtest.engine.gregor.mutators.NegateConditionalsMutator,getAliases,2155,KILLED,org.apache.avro.ISW2SchemaC3LLMTest.applyAliasesRewritesRecordAndFieldNamesFromReaderAliases(org.apache.avro.ISW2SchemaC3LLMTest)
Schema.java,org.apache.avro.Schema,org.pitest.mutationtest.engine.gregor.mutators.NegateConditionalsMutator,getAliases,2161,KILLED,org.apache.avro.ISW2SchemaC3LLMTest.applyAliasesRewritesRecordAndFieldNamesFromReaderAliases(org.apache.avro.ISW2SchemaC3LLMTest)
Schema.java,org.apache.avro.Schema,org.pitest.mutationtest.engine.gregor.mutators.NegateConditionalsMutator,getAliases,2166,KILLED,org.apache.avro.ISW2SchemaC3LLMTest.applyAliasesRewritesRecordAndFieldNamesFromReaderAliases(org.apache.avro.ISW2SchemaC3LLMTest)
Schema.java,org.apache.avro.Schema,org.pitest.mutationtest.engine.gregor.mutators.NegateConditionalsMutator,getAliases,2173,SURVIVED,none
Schema.java,org.apache.avro.Schema,org.pitest.mutationtest.engine.gregor.mutators.NegateConditionalsMutator,getAliases,2173,SURVIVED,none
Schema.java,org.apache.avro.Schema,org.pitest.mutationtest.engine.gregor.mutators.VoidMethodCallMutator,getAliases,2171,SURVIVED,none
Schema.java,org.apache.avro.Schema,org.pitest.mutationtest.engine.gregor.mutators.VoidMethodCallMutator,getAliases,2178,NO_COVERAGE,none
Schema.java,org.apache.avro.Schema,org.pitest.mutationtest.engine.gregor.mutators.VoidMethodCallMutator,getAliases,2181,NO_COVERAGE,none
Schema.java,org.apache.avro.Schema,org.pitest.mutationtest.engine.gregor.mutators.VoidMethodCallMutator,getAliases,2185,NO_COVERAGE,none
Schema.java,org.apache.avro.Schema,org.pitest.mutationtest.engine.gregor.mutators.returns.EmptyObjectReturnValsMutator,getDoc,347,NO_COVERAGE,none
Schema.java,org.apache.avro.Schema,org.pitest.mutationtest.engine.gregor.mutators.NegateConditionalsMutator,getFieldAlias,2192,KILLED,org.apache.avro.ISW2SchemaC3LLMTest.applyAliasesRewritesRecordAndFieldNamesFromReaderAliases(org.apache.avro.ISW2SchemaC3LLMTest)
Schema.java,org.apache.avro.Schema,org.pitest.mutationtest.engine.gregor.mutators.NegateConditionalsMutator,getFieldAlias,2195,KILLED,org.apache.avro.ISW2SchemaC3LLMTest.applyAliasesRewritesRecordAndFieldNamesFromReaderAliases(org.apache.avro.ISW2SchemaC3LLMTest)
Schema.java,org.apache.avro.Schema,org.pitest.mutationtest.engine.gregor.mutators.returns.EmptyObjectReturnValsMutator,getFieldAlias,2193,NO_COVERAGE,none
Schema.java,org.apache.avro.Schema,org.pitest.mutationtest.engine.gregor.mutators.returns.EmptyObjectReturnValsMutator,getFieldAlias,2196,NO_COVERAGE,none
Schema.java,org.apache.avro.Schema,org.pitest.mutationtest.engine.gregor.mutators.returns.EmptyObjectReturnValsMutator,getFieldAlias,2197,KILLED,org.apache.avro.ISW2SchemaC3LLMTest.applyAliasesRewritesRecordAndFieldNamesFromReaderAliases(org.apache.avro.ISW2SchemaC3LLMTest)
Schema.java,org.apache.avro.Schema,org.pitest.mutationtest.engine.gregor.mutators.returns.EmptyObjectReturnValsMutator,getFullName,360,KILLED,org.apache.avro.ISW2SchemaC3LLMTest.unionRejectsProperties(org.apache.avro.ISW2SchemaC3LLMTest)
Schema.java,org.apache.avro.Schema,org.pitest.mutationtest.engine.gregor.mutators.returns.NullReturnValsMutator,getLogicalType,209,SURVIVED,none
Schema.java,org.apache.avro.Schema,org.pitest.mutationtest.engine.gregor.mutators.returns.EmptyObjectReturnValsMutator,getName,339,KILLED,org.apache.avro.ISW2SchemaC3LLMTest.primitiveFactoriesExposeTypeNameAndNullability(org.apache.avro.ISW2SchemaC3LLMTest)
Schema.java,org.apache.avro.Schema,org.pitest.mutationtest.engine.gregor.mutators.returns.NullReturnValsMutator,getNameValidator,1721,SURVIVED,none
Schema.java,org.apache.avro.Schema,org.pitest.mutationtest.engine.gregor.mutators.NegateConditionalsMutator,getOptionalText,2051,KILLED,org.apache.avro.ISW2SchemaC3LLMTest.parserConcatenatesFragmentsAndRejectsDanglingContent(org.apache.avro.ISW2SchemaC3LLMTest)
Schema.java,org.apache.avro.Schema,org.pitest.mutationtest.engine.gregor.mutators.returns.EmptyObjectReturnValsMutator,getOptionalText,2051,KILLED,org.apache.avro.ISW2SchemaC3LLMTest.parserConcatenatesFragmentsAndRejectsDanglingContent(org.apache.avro.ISW2SchemaC3LLMTest)
Schema.java,org.apache.avro.Schema,org.pitest.mutationtest.engine.gregor.mutators.NegateConditionalsMutator,getRequiredText,2042,KILLED,org.apache.avro.ISW2SchemaC3LLMTest.parserConcatenatesFragmentsAndRejectsDanglingContent(org.apache.avro.ISW2SchemaC3LLMTest)
Schema.java,org.apache.avro.Schema,org.pitest.mutationtest.engine.gregor.mutators.returns.EmptyObjectReturnValsMutator,getRequiredText,2045,KILLED,org.apache.avro.ISW2SchemaC3LLMTest.parserConcatenatesFragmentsAndRejectsDanglingContent(org.apache.avro.ISW2SchemaC3LLMTest)
Schema.java,org.apache.avro.Schema,org.pitest.mutationtest.engine.gregor.mutators.returns.NullReturnValsMutator,getType,279,KILLED,org.apache.avro.ISW2SchemaC3LLMTest.arrayAndMapExposeTheirComponentSchemas(org.apache.avro.ISW2SchemaC3LLMTest)
Schema.java,org.apache.avro.Schema,org.pitest.mutationtest.engine.gregor.mutators.returns.BooleanFalseReturnValsMutator,getValidateDefaults,1747,NO_COVERAGE,none
Schema.java,org.apache.avro.Schema,org.pitest.mutationtest.engine.gregor.mutators.returns.BooleanTrueReturnValsMutator,getValidateDefaults,1747,NO_COVERAGE,none
Schema.java,org.apache.avro.Schema,org.pitest.mutationtest.engine.gregor.mutators.NegateConditionalsMutator,hashCode,501,NO_COVERAGE,none
Schema.java,org.apache.avro.Schema,org.pitest.mutationtest.engine.gregor.mutators.returns.PrimitiveReturnsMutator,hashCode,503,NO_COVERAGE,none
Schema.java,org.apache.avro.Schema,org.pitest.mutationtest.engine.gregor.mutators.NegateConditionalsMutator,isNullable,524,KILLED,org.apache.avro.ISW2SchemaC3LLMTest.primitiveFactoriesExposeTypeNameAndNullability(org.apache.avro.ISW2SchemaC3LLMTest)
Schema.java,org.apache.avro.Schema,org.pitest.mutationtest.engine.gregor.mutators.NegateConditionalsMutator,isNullable,529,SURVIVED,none
Schema.java,org.apache.avro.Schema,org.pitest.mutationtest.engine.gregor.mutators.returns.BooleanFalseReturnValsMutator,isNullable,525,KILLED,org.apache.avro.ISW2SchemaC3LLMTest.primitiveFactoriesExposeTypeNameAndNullability(org.apache.avro.ISW2SchemaC3LLMTest)
Schema.java,org.apache.avro.Schema,org.pitest.mutationtest.engine.gregor.mutators.returns.BooleanFalseReturnValsMutator,isNullable,530,KILLED,org.apache.avro.ISW2SchemaC3LLMTest.unionPreservesBranchOrderAndSupportsNameLookup(org.apache.avro.ISW2SchemaC3LLMTest)
Schema.java,org.apache.avro.Schema,org.pitest.mutationtest.engine.gregor.mutators.returns.BooleanTrueReturnValsMutator,isNullable,525,KILLED,org.apache.avro.ISW2SchemaC3LLMTest.primitiveFactoriesExposeTypeNameAndNullability(org.apache.avro.ISW2SchemaC3LLMTest)
Schema.java,org.apache.avro.Schema,org.pitest.mutationtest.engine.gregor.mutators.returns.BooleanTrueReturnValsMutator,isNullable,534,NO_COVERAGE,none
Schema.java,org.apache.avro.Schema,org.pitest.mutationtest.engine.gregor.mutators.returns.BooleanFalseReturnValsMutator,isUnion,519,KILLED,org.apache.avro.ISW2SchemaC3LLMTest.unionPreservesBranchOrderAndSupportsNameLookup(org.apache.avro.ISW2SchemaC3LLMTest)
Schema.java,org.apache.avro.Schema,org.pitest.mutationtest.engine.gregor.mutators.returns.BooleanTrueReturnValsMutator,isUnion,519,KILLED,org.apache.avro.ISW2SchemaC3LLMTest.primitiveFactoriesExposeTypeNameAndNullability(org.apache.avro.ISW2SchemaC3LLMTest)
Schema.java,org.apache.avro.Schema,org.pitest.mutationtest.engine.gregor.mutators.returns.BooleanFalseReturnValsMutator,isValidDefault,1757,KILLED,org.apache.avro.ISW2SchemaC3LLMTest.validDefaultChecksCoverPrimitiveAndContainerBoundaries(org.apache.avro.ISW2SchemaC3LLMTest)
Schema.java,org.apache.avro.Schema,org.pitest.mutationtest.engine.gregor.mutators.returns.BooleanTrueReturnValsMutator,isValidDefault,1757,KILLED,org.apache.avro.ISW2SchemaC3LLMTest.validDefaultChecksCoverPrimitiveAndContainerBoundaries(org.apache.avro.ISW2SchemaC3LLMTest)
Schema.java,org.apache.avro.Schema,org.pitest.mutationtest.engine.gregor.mutators.NegateConditionalsMutator,isValidDefault,1761,KILLED,org.apache.avro.ISW2SchemaC3LLMTest.validDefaultChecksCoverPrimitiveAndContainerBoundaries(org.apache.avro.ISW2SchemaC3LLMTest)
Schema.java,org.apache.avro.Schema,org.pitest.mutationtest.engine.gregor.mutators.NegateConditionalsMutator,isValidDefault,1770,KILLED,org.apache.avro.ISW2SchemaC3LLMTest.validDefaultChecksCoverPrimitiveAndContainerBoundaries(org.apache.avro.ISW2SchemaC3LLMTest)
Schema.java,org.apache.avro.Schema,org.pitest.mutationtest.engine.gregor.mutators.NegateConditionalsMutator,isValidDefault,1770,KILLED,org.apache.avro.ISW2SchemaC3LLMTest.validDefaultChecksCoverPrimitiveAndContainerBoundaries(org.apache.avro.ISW2SchemaC3LLMTest)
Schema.java,org.apache.avro.Schema,org.pitest.mutationtest.engine.gregor.mutators.NegateConditionalsMutator,isValidDefault,1772,NO_COVERAGE,none
Schema.java,org.apache.avro.Schema,org.pitest.mutationtest.engine.gregor.mutators.NegateConditionalsMutator,isValidDefault,1772,NO_COVERAGE,none
Schema.java,org.apache.avro.Schema,org.pitest.mutationtest.engine.gregor.mutators.NegateConditionalsMutator,isValidDefault,1781,KILLED,org.apache.avro.ISW2SchemaC3LLMTest.validDefaultChecksCoverPrimitiveAndContainerBoundaries(org.apache.avro.ISW2SchemaC3LLMTest)
Schema.java,org.apache.avro.Schema,org.pitest.mutationtest.engine.gregor.mutators.NegateConditionalsMutator,isValidDefault,1784,KILLED,org.apache.avro.ISW2SchemaC3LLMTest.validDefaultChecksCoverPrimitiveAndContainerBoundaries(org.apache.avro.ISW2SchemaC3LLMTest)
Schema.java,org.apache.avro.Schema,org.pitest.mutationtest.engine.gregor.mutators.NegateConditionalsMutator,isValidDefault,1788,KILLED,org.apache.avro.ISW2SchemaC3LLMTest.validDefaultChecksCoverPrimitiveAndContainerBoundaries(org.apache.avro.ISW2SchemaC3LLMTest)
Schema.java,org.apache.avro.Schema,org.pitest.mutationtest.engine.gregor.mutators.NegateConditionalsMutator,isValidDefault,1791,KILLED,org.apache.avro.ISW2SchemaC3LLMTest.validDefaultChecksCoverPrimitiveAndContainerBoundaries(org.apache.avro.ISW2SchemaC3LLMTest)
Schema.java,org.apache.avro.Schema,org.pitest.mutationtest.engine.gregor.mutators.NegateConditionalsMutator,isValidDefault,1797,NO_COVERAGE,none
Schema.java,org.apache.avro.Schema,org.pitest.mutationtest.engine.gregor.mutators.NegateConditionalsMutator,isValidDefault,1801,NO_COVERAGE,none
Schema.java,org.apache.avro.Schema,org.pitest.mutationtest.engine.gregor.mutators.NegateConditionalsMutator,isValidDefault,1800,NO_COVERAGE,none
Schema.java,org.apache.avro.Schema,org.pitest.mutationtest.engine.gregor.mutators.returns.BooleanFalseReturnValsMutator,isValidDefault,1768,NO_COVERAGE,none
Schema.java,org.apache.avro.Schema,org.pitest.mutationtest.engine.gregor.mutators.returns.BooleanFalseReturnValsMutator,isValidDefault,1775,NO_COVERAGE,none
Schema.java,org.apache.avro.Schema,org.pitest.mutationtest.engine.gregor.mutators.returns.BooleanFalseReturnValsMutator,isValidDefault,1777,KILLED,org.apache.avro.ISW2SchemaC3LLMTest.validDefaultChecksCoverPrimitiveAndContainerBoundaries(org.apache.avro.ISW2SchemaC3LLMTest)
Schema.java,org.apache.avro.Schema,org.pitest.mutationtest.engine.gregor.mutators.returns.BooleanFalseReturnValsMutator,isValidDefault,1779,KILLED,org.apache.avro.ISW2SchemaC3LLMTest.validDefaultChecksCoverPrimitiveAndContainerBoundaries(org.apache.avro.ISW2SchemaC3LLMTest)
Schema.java,org.apache.avro.Schema,org.pitest.mutationtest.engine.gregor.mutators.returns.BooleanFalseReturnValsMutator,isValidDefault,1786,KILLED,org.apache.avro.ISW2SchemaC3LLMTest.validDefaultChecksCoverPrimitiveAndContainerBoundaries(org.apache.avro.ISW2SchemaC3LLMTest)
Schema.java,org.apache.avro.Schema,org.pitest.mutationtest.engine.gregor.mutators.returns.BooleanFalseReturnValsMutator,isValidDefault,1793,KILLED,org.apache.avro.ISW2SchemaC3LLMTest.validDefaultChecksCoverPrimitiveAndContainerBoundaries(org.apache.avro.ISW2SchemaC3LLMTest)
Schema.java,org.apache.avro.Schema,org.pitest.mutationtest.engine.gregor.mutators.returns.BooleanFalseReturnValsMutator,isValidDefault,1795,NO_COVERAGE,none
Schema.java,org.apache.avro.Schema,org.pitest.mutationtest.engine.gregor.mutators.returns.BooleanFalseReturnValsMutator,isValidDefault,1803,NO_COVERAGE,none
Schema.java,org.apache.avro.Schema,org.pitest.mutationtest.engine.gregor.mutators.returns.BooleanTrueReturnValsMutator,isValidDefault,1762,NO_COVERAGE,none
Schema.java,org.apache.avro.Schema,org.pitest.mutationtest.engine.gregor.mutators.returns.BooleanTrueReturnValsMutator,isValidDefault,1768,NO_COVERAGE,none
Schema.java,org.apache.avro.Schema,org.pitest.mutationtest.engine.gregor.mutators.returns.BooleanTrueReturnValsMutator,isValidDefault,1770,KILLED,org.apache.avro.ISW2SchemaC3LLMTest.validDefaultChecksCoverPrimitiveAndContainerBoundaries(org.apache.avro.ISW2SchemaC3LLMTest)
Schema.java,org.apache.avro.Schema,org.pitest.mutationtest.engine.gregor.mutators.returns.BooleanTrueReturnValsMutator,isValidDefault,1772,NO_COVERAGE,none
Schema.java,org.apache.avro.Schema,org.pitest.mutationtest.engine.gregor.mutators.returns.BooleanTrueReturnValsMutator,isValidDefault,1775,NO_COVERAGE,none
Schema.java,org.apache.avro.Schema,org.pitest.mutationtest.engine.gregor.mutators.returns.BooleanTrueReturnValsMutator,isValidDefault,1777,SURVIVED,none
Schema.java,org.apache.avro.Schema,org.pitest.mutationtest.engine.gregor.mutators.returns.BooleanTrueReturnValsMutator,isValidDefault,1779,SURVIVED,none
Schema.java,org.apache.avro.Schema,org.pitest.mutationtest.engine.gregor.mutators.returns.BooleanTrueReturnValsMutator,isValidDefault,1782,NO_COVERAGE,none
Schema.java,org.apache.avro.Schema,org.pitest.mutationtest.engine.gregor.mutators.returns.BooleanTrueReturnValsMutator,isValidDefault,1785,KILLED,org.apache.avro.ISW2SchemaC3LLMTest.validDefaultChecksCoverPrimitiveAndContainerBoundaries(org.apache.avro.ISW2SchemaC3LLMTest)
Schema.java,org.apache.avro.Schema,org.pitest.mutationtest.engine.gregor.mutators.returns.BooleanTrueReturnValsMutator,isValidDefault,1789,NO_COVERAGE,none
Schema.java,org.apache.avro.Schema,org.pitest.mutationtest.engine.gregor.mutators.returns.BooleanTrueReturnValsMutator,isValidDefault,1792,NO_COVERAGE,none
Schema.java,org.apache.avro.Schema,org.pitest.mutationtest.engine.gregor.mutators.returns.BooleanTrueReturnValsMutator,isValidDefault,1795,NO_COVERAGE,none
Schema.java,org.apache.avro.Schema,org.pitest.mutationtest.engine.gregor.mutators.returns.BooleanTrueReturnValsMutator,isValidDefault,1798,NO_COVERAGE,none
Schema.java,org.apache.avro.Schema,org.pitest.mutationtest.engine.gregor.mutators.returns.BooleanTrueReturnValsMutator,isValidDefault,1802,NO_COVERAGE,none
Schema.java,org.apache.avro.Schema,org.pitest.mutationtest.engine.gregor.mutators.returns.BooleanTrueReturnValsMutator,isValidDefault,1805,NO_COVERAGE,none
Schema.java,org.apache.avro.Schema,org.pitest.mutationtest.engine.gregor.mutators.NegateConditionalsMutator,isValidValue,1817,NO_COVERAGE,none
Schema.java,org.apache.avro.Schema,org.pitest.mutationtest.engine.gregor.mutators.NegateConditionalsMutator,isValidValue,1819,NO_COVERAGE,none
Schema.java,org.apache.avro.Schema,org.pitest.mutationtest.engine.gregor.mutators.NegateConditionalsMutator,isValidValue,1822,NO_COVERAGE,none
Schema.java,org.apache.avro.Schema,org.pitest.mutationtest.engine.gregor.mutators.returns.BooleanFalseReturnValsMutator,isValidValue,1823,NO_COVERAGE,none
Schema.java,org.apache.avro.Schema,org.pitest.mutationtest.engine.gregor.mutators.returns.BooleanFalseReturnValsMutator,isValidValue,1829,NO_COVERAGE,none
Schema.java,org.apache.avro.Schema,org.pitest.mutationtest.engine.gregor.mutators.returns.BooleanTrueReturnValsMutator,isValidValue,1818,NO_COVERAGE,none
Schema.java,org.apache.avro.Schema,org.pitest.mutationtest.engine.gregor.mutators.returns.BooleanTrueReturnValsMutator,isValidValue,1826,NO_COVERAGE,none
Schema.java,org.apache.avro.Schema,org.pitest.mutationtest.engine.gregor.mutators.returns.BooleanTrueReturnValsMutator,isValidValue,1829,NO_COVERAGE,none
Schema.java,org.apache.avro.Schema,org.pitest.mutationtest.engine.gregor.mutators.returns.EmptyObjectReturnValsMutator,lambda$getAliases$4,2168,KILLED,org.apache.avro.ISW2SchemaC3LLMTest.applyAliasesRewritesRecordAndFieldNamesFromReaderAliases(org.apache.avro.ISW2SchemaC3LLMTest)
Schema.java,org.apache.avro.Schema,org.pitest.mutationtest.engine.gregor.mutators.returns.BooleanFalseReturnValsMutator,lambda$isValidDefault$2,1795,NO_COVERAGE,none
Schema.java,org.apache.avro.Schema,org.pitest.mutationtest.engine.gregor.mutators.returns.BooleanTrueReturnValsMutator,lambda$isValidDefault$2,1795,NO_COVERAGE,none
Schema.java,org.apache.avro.Schema,org.pitest.mutationtest.engine.gregor.mutators.NegateConditionalsMutator,lambda$parseProperties$3,1994,KILLED,org.apache.avro.ISW2SchemaC3LLMTest.parserConcatenatesFragmentsAndRejectsDanglingContent(org.apache.avro.ISW2SchemaC3LLMTest)
Schema.java,org.apache.avro.Schema,org.pitest.mutationtest.engine.gregor.mutators.VoidMethodCallMutator,lambda$parseProperties$3,1995,NO_COVERAGE,none
Schema.java,org.apache.avro.Schema,org.pitest.mutationtest.engine.gregor.mutators.NegateConditionalsMutator,parse,1835,KILLED,org.apache.avro.ISW2SchemaC3LLMTest.parserLeavesInputStreamOpen(org.apache.avro.ISW2SchemaC3LLMTest)
Schema.java,org.apache.avro.Schema,org.pitest.mutationtest.engine.gregor.mutators.NegateConditionalsMutator,parse,1837,KILLED,org.apache.avro.ISW2SchemaC3LLMTest.parserLeavesInputStreamOpen(org.apache.avro.ISW2SchemaC3LLMTest)
Schema.java,org.apache.avro.Schema,org.pitest.mutationtest.engine.gregor.mutators.NegateConditionalsMutator,parse,1839,KILLED,org.apache.avro.ISW2SchemaC3LLMTest.parserConcatenatesFragmentsAndRejectsDanglingContent(org.apache.avro.ISW2SchemaC3LLMTest)
Schema.java,org.apache.avro.Schema,org.pitest.mutationtest.engine.gregor.mutators.NegateConditionalsMutator,parse,1842,KILLED,org.apache.avro.ISW2SchemaC3LLMTest.parserConcatenatesFragmentsAndRejectsDanglingContent(org.apache.avro.ISW2SchemaC3LLMTest)
Schema.java,org.apache.avro.Schema,org.pitest.mutationtest.engine.gregor.mutators.NegateConditionalsMutator,parse,1844,KILLED,org.apache.avro.ISW2SchemaC3LLMTest.parserConcatenatesFragmentsAndRejectsDanglingContent(org.apache.avro.ISW2SchemaC3LLMTest)
Schema.java,org.apache.avro.Schema,org.pitest.mutationtest.engine.gregor.mutators.NegateConditionalsMutator,parse,1844,KILLED,org.apache.avro.ISW2SchemaC3LLMTest.parserConcatenatesFragmentsAndRejectsDanglingContent(org.apache.avro.ISW2SchemaC3LLMTest)
Schema.java,org.apache.avro.Schema,org.pitest.mutationtest.engine.gregor.mutators.NegateConditionalsMutator,parse,1846,KILLED,org.apache.avro.ISW2SchemaC3LLMTest.parserConcatenatesFragmentsAndRejectsDanglingContent(org.apache.avro.ISW2SchemaC3LLMTest)
Schema.java,org.apache.avro.Schema,org.pitest.mutationtest.engine.gregor.mutators.NegateConditionalsMutator,parse,1848,KILLED,org.apache.avro.ISW2SchemaC3LLMTest.parserConcatenatesFragmentsAndRejectsDanglingContent(org.apache.avro.ISW2SchemaC3LLMTest)
Schema.java,org.apache.avro.Schema,org.pitest.mutationtest.engine.gregor.mutators.NegateConditionalsMutator,parse,1850,KILLED,org.apache.avro.ISW2SchemaC3LLMTest.jsonRenderingRoundTripsRepresentativeSchema(org.apache.avro.ISW2SchemaC3LLMTest)
Schema.java,org.apache.avro.Schema,org.pitest.mutationtest.engine.gregor.mutators.NegateConditionalsMutator,parse,1852,NO_COVERAGE,none
Schema.java,org.apache.avro.Schema,org.pitest.mutationtest.engine.gregor.mutators.NegateConditionalsMutator,parse,1858,NO_COVERAGE,none
Schema.java,org.apache.avro.Schema,org.pitest.mutationtest.engine.gregor.mutators.returns.NullReturnValsMutator,parse,1838,KILLED,org.apache.avro.ISW2SchemaC3LLMTest.parserLeavesInputStreamOpen(org.apache.avro.ISW2SchemaC3LLMTest)
Schema.java,org.apache.avro.Schema,org.pitest.mutationtest.engine.gregor.mutators.returns.NullReturnValsMutator,parse,1843,NO_COVERAGE,none
Schema.java,org.apache.avro.Schema,org.pitest.mutationtest.engine.gregor.mutators.returns.NullReturnValsMutator,parse,1845,KILLED,org.apache.avro.ISW2SchemaC3LLMTest.parserBuildsNamedRecordAndRetainsNamedTypes(org.apache.avro.ISW2SchemaC3LLMTest)
Schema.java,org.apache.avro.Schema,org.pitest.mutationtest.engine.gregor.mutators.returns.NullReturnValsMutator,parse,1847,NO_COVERAGE,none
Schema.java,org.apache.avro.Schema,org.pitest.mutationtest.engine.gregor.mutators.returns.NullReturnValsMutator,parse,1849,KILLED,org.apache.avro.ISW2SchemaC3LLMTest.parserConcatenatesFragmentsAndRejectsDanglingContent(org.apache.avro.ISW2SchemaC3LLMTest)
Schema.java,org.apache.avro.Schema,org.pitest.mutationtest.engine.gregor.mutators.returns.NullReturnValsMutator,parse,1851,KILLED,org.apache.avro.ISW2SchemaC3LLMTest.jsonRenderingRoundTripsRepresentativeSchema(org.apache.avro.ISW2SchemaC3LLMTest)
Schema.java,org.apache.avro.Schema,org.pitest.mutationtest.engine.gregor.mutators.returns.NullReturnValsMutator,parse,1853,NO_COVERAGE,none
Schema.java,org.apache.avro.Schema,org.pitest.mutationtest.engine.gregor.mutators.returns.NullReturnValsMutator,parse,1859,NO_COVERAGE,none
Schema.java,org.apache.avro.Schema,org.pitest.mutationtest.engine.gregor.mutators.returns.NullReturnValsMutator,parse,1591,NO_COVERAGE,none
Schema.java,org.apache.avro.Schema,org.pitest.mutationtest.engine.gregor.mutators.returns.NullReturnValsMutator,parse,1606,NO_COVERAGE,none
Schema.java,org.apache.avro.Schema,org.pitest.mutationtest.engine.gregor.mutators.returns.NullReturnValsMutator,parse,1616,NO_COVERAGE,none
Schema.java,org.apache.avro.Schema,org.pitest.mutationtest.engine.gregor.mutators.NegateConditionalsMutator,parse,1627,NO_COVERAGE,none
Schema.java,org.apache.avro.Schema,org.pitest.mutationtest.engine.gregor.mutators.returns.NullReturnValsMutator,parse,1628,NO_COVERAGE,none
Schema.java,org.apache.avro.Schema,org.pitest.mutationtest.engine.gregor.mutators.NegateConditionalsMutator,parseAliases,2019,KILLED,org.apache.avro.ISW2SchemaC3LLMTest.parserBuildsNamedRecordAndRetainsNamedTypes(org.apache.avro.ISW2SchemaC3LLMTest)
Schema.java,org.apache.avro.Schema,org.pitest.mutationtest.engine.gregor.mutators.NegateConditionalsMutator,parseAliases,2021,NO_COVERAGE,none
Schema.java,org.apache.avro.Schema,org.pitest.mutationtest.engine.gregor.mutators.NegateConditionalsMutator,parseAliases,2025,NO_COVERAGE,none
Schema.java,org.apache.avro.Schema,org.pitest.mutationtest.engine.gregor.mutators.returns.EmptyObjectReturnValsMutator,parseAliases,2020,SURVIVED,none
Schema.java,org.apache.avro.Schema,org.pitest.mutationtest.engine.gregor.mutators.returns.EmptyObjectReturnValsMutator,parseAliases,2029,NO_COVERAGE,none
Schema.java,org.apache.avro.Schema,org.pitest.mutationtest.engine.gregor.mutators.NegateConditionalsMutator,parseAliases,2012,KILLED,org.apache.avro.ISW2SchemaC3LLMTest.parserBuildsNamedRecordAndRetainsNamedTypes(org.apache.avro.ISW2SchemaC3LLMTest)
Schema.java,org.apache.avro.Schema,org.pitest.mutationtest.engine.gregor.mutators.VoidMethodCallMutator,parseAliases,2014,NO_COVERAGE,none
Schema.java,org.apache.avro.Schema,org.pitest.mutationtest.engine.gregor.mutators.NegateConditionalsMutator,parseArray,1947,KILLED,org.apache.avro.ISW2SchemaC3LLMTest.parserConcatenatesFragmentsAndRejectsDanglingContent(org.apache.avro.ISW2SchemaC3LLMTest)
Schema.java,org.apache.avro.Schema,org.pitest.mutationtest.engine.gregor.mutators.VoidMethodCallMutator,parseArray,1950,SURVIVED,none
Schema.java,org.apache.avro.Schema,org.pitest.mutationtest.engine.gregor.mutators.returns.NullReturnValsMutator,parseArray,1951,KILLED,org.apache.avro.ISW2SchemaC3LLMTest.parserConcatenatesFragmentsAndRejectsDanglingContent(org.apache.avro.ISW2SchemaC3LLMTest)
Schema.java,org.apache.avro.Schema,org.pitest.mutationtest.engine.gregor.mutators.returns.EmptyObjectReturnValsMutator,parseDoc,2007,SURVIVED,none
Schema.java,org.apache.avro.Schema,org.pitest.mutationtest.engine.gregor.mutators.NegateConditionalsMutator,parseEnum,1925,NO_COVERAGE,none
Schema.java,org.apache.avro.Schema,org.pitest.mutationtest.engine.gregor.mutators.NegateConditionalsMutator,parseEnum,1925,NO_COVERAGE,none
Schema.java,org.apache.avro.Schema,org.pitest.mutationtest.engine.gregor.mutators.NegateConditionalsMutator,parseEnum,1933,NO_COVERAGE,none
Schema.java,org.apache.avro.Schema,org.pitest.mutationtest.engine.gregor.mutators.VoidMethodCallMutator,parseEnum,1938,NO_COVERAGE,none
Schema.java,org.apache.avro.Schema,org.pitest.mutationtest.engine.gregor.mutators.VoidMethodCallMutator,parseEnum,1939,NO_COVERAGE,none
Schema.java,org.apache.avro.Schema,org.pitest.mutationtest.engine.gregor.mutators.VoidMethodCallMutator,parseEnum,1940,NO_COVERAGE,none
Schema.java,org.apache.avro.Schema,org.pitest.mutationtest.engine.gregor.mutators.returns.NullReturnValsMutator,parseEnum,1941,NO_COVERAGE,none
Schema.java,org.apache.avro.Schema,org.pitest.mutationtest.engine.gregor.mutators.NegateConditionalsMutator,parseField,1900,KILLED,org.apache.avro.ISW2SchemaC3LLMTest.parserBuildsNamedRecordAndRetainsNamedTypes(org.apache.avro.ISW2SchemaC3LLMTest)
Schema.java,org.apache.avro.Schema,org.pitest.mutationtest.engine.gregor.mutators.NegateConditionalsMutator,parseField,1906,KILLED,org.apache.avro.ISW2SchemaC3LLMTest.parserBuildsNamedRecordAndRetainsNamedTypes(org.apache.avro.ISW2SchemaC3LLMTest)
Schema.java,org.apache.avro.Schema,org.pitest.mutationtest.engine.gregor.mutators.NegateConditionalsMutator,parseField,1910,SURVIVED,none
Schema.java,org.apache.avro.Schema,org.pitest.mutationtest.engine.gregor.mutators.NegateConditionalsMutator,parseField,1910,KILLED,org.apache.avro.ISW2SchemaC3LLMTest.parserDefaultValidationSettingControlsInvalidDefaults(org.apache.avro.ISW2SchemaC3LLMTest)
Schema.java,org.apache.avro.Schema,org.pitest.mutationtest.engine.gregor.mutators.NegateConditionalsMutator,parseField,1910,KILLED,org.apache.avro.ISW2SchemaC3LLMTest.parserDefaultValidationSettingControlsInvalidDefaults(org.apache.avro.ISW2SchemaC3LLMTest)
Schema.java,org.apache.avro.Schema,org.pitest.mutationtest.engine.gregor.mutators.NegateConditionalsMutator,parseField,1911,NO_COVERAGE,none
Schema.java,org.apache.avro.Schema,org.pitest.mutationtest.engine.gregor.mutators.VoidMethodCallMutator,parseField,1915,SURVIVED,none
Schema.java,org.apache.avro.Schema,org.pitest.mutationtest.engine.gregor.mutators.returns.NullReturnValsMutator,parseField,1917,KILLED,org.apache.avro.ISW2SchemaC3LLMTest.parserBuildsNamedRecordAndRetainsNamedTypes(org.apache.avro.ISW2SchemaC3LLMTest)
Schema.java,org.apache.avro.Schema,org.pitest.mutationtest.engine.gregor.mutators.NegateConditionalsMutator,parseFixed,1969,NO_COVERAGE,none
Schema.java,org.apache.avro.Schema,org.pitest.mutationtest.engine.gregor.mutators.NegateConditionalsMutator,parseFixed,1969,NO_COVERAGE,none
Schema.java,org.apache.avro.Schema,org.pitest.mutationtest.engine.gregor.mutators.VoidMethodCallMutator,parseFixed,1973,NO_COVERAGE,none
Schema.java,org.apache.avro.Schema,org.pitest.mutationtest.engine.gregor.mutators.VoidMethodCallMutator,parseFixed,1974,NO_COVERAGE,none
Schema.java,org.apache.avro.Schema,org.pitest.mutationtest.engine.gregor.mutators.VoidMethodCallMutator,parseFixed,1975,NO_COVERAGE,none
Schema.java,org.apache.avro.Schema,org.pitest.mutationtest.engine.gregor.mutators.returns.NullReturnValsMutator,parseFixed,1976,NO_COVERAGE,none
Schema.java,org.apache.avro.Schema,org.pitest.mutationtest.engine.gregor.mutators.returns.NullReturnValsMutator,parseJson,2056,NO_COVERAGE,none
Schema.java,org.apache.avro.Schema,org.pitest.mutationtest.engine.gregor.mutators.returns.NullReturnValsMutator,parseJsonToObject,2066,NO_COVERAGE,none
Schema.java,org.apache.avro.Schema,org.pitest.mutationtest.engine.gregor.mutators.NegateConditionalsMutator,parseMap,1957,KILLED,org.apache.avro.ISW2SchemaC3LLMTest.jsonRenderingRoundTripsRepresentativeSchema(org.apache.avro.ISW2SchemaC3LLMTest)
Schema.java,org.apache.avro.Schema,org.pitest.mutationtest.engine.gregor.mutators.VoidMethodCallMutator,parseMap,1960,SURVIVED,none
Schema.java,org.apache.avro.Schema,org.pitest.mutationtest.engine.gregor.mutators.returns.NullReturnValsMutator,parseMap,1961,KILLED,org.apache.avro.ISW2SchemaC3LLMTest.jsonRenderingRoundTripsRepresentativeSchema(org.apache.avro.ISW2SchemaC3LLMTest)
Schema.java,org.apache.avro.Schema,org.pitest.mutationtest.engine.gregor.mutators.NegateConditionalsMutator,parseName,2001,KILLED,org.apache.avro.ISW2SchemaC3LLMTest.parserBuildsNamedRecordAndRetainsNamedTypes(org.apache.avro.ISW2SchemaC3LLMTest)
Schema.java,org.apache.avro.Schema,org.pitest.mutationtest.engine.gregor.mutators.returns.NullReturnValsMutator,parseName,2003,KILLED,org.apache.avro.ISW2SchemaC3LLMTest.parserBuildsNamedRecordAndRetainsNamedTypes(org.apache.avro.ISW2SchemaC3LLMTest)
Schema.java,org.apache.avro.Schema,org.pitest.mutationtest.engine.gregor.mutators.VoidMethodCallMutator,parsePrimitive,1867,NO_COVERAGE,none
Schema.java,org.apache.avro.Schema,org.pitest.mutationtest.engine.gregor.mutators.returns.NullReturnValsMutator,parsePrimitive,1868,NO_COVERAGE,none
Schema.java,org.apache.avro.Schema,org.pitest.mutationtest.engine.gregor.mutators.VoidMethodCallMutator,parseProperties,1993,SURVIVED,none
Schema.java,org.apache.avro.Schema,org.pitest.mutationtest.engine.gregor.mutators.VoidMethodCallMutator,parsePropertiesAndLogicalType,1987,SURVIVED,none
Schema.java,org.apache.avro.Schema,org.pitest.mutationtest.engine.gregor.mutators.NegateConditionalsMutator,parseRecord,1878,KILLED,org.apache.avro.ISW2SchemaC3LLMTest.parserBuildsNamedRecordAndRetainsNamedTypes(org.apache.avro.ISW2SchemaC3LLMTest)
Schema.java,org.apache.avro.Schema,org.pitest.mutationtest.engine.gregor.mutators.NegateConditionalsMutator,parseRecord,1878,KILLED,org.apache.avro.ISW2SchemaC3LLMTest.parserBuildsNamedRecordAndRetainsNamedTypes(org.apache.avro.ISW2SchemaC3LLMTest)
Schema.java,org.apache.avro.Schema,org.pitest.mutationtest.engine.gregor.mutators.NegateConditionalsMutator,parseRecord,1884,SURVIVED,none
Schema.java,org.apache.avro.Schema,org.pitest.mutationtest.engine.gregor.mutators.NegateConditionalsMutator,parseRecord,1884,SURVIVED,none
Schema.java,org.apache.avro.Schema,org.pitest.mutationtest.engine.gregor.mutators.VoidMethodCallMutator,parseRecord,1889,KILLED,org.apache.avro.ISW2SchemaC3LLMTest.parserBuildsNamedRecordAndRetainsNamedTypes(org.apache.avro.ISW2SchemaC3LLMTest)
Schema.java,org.apache.avro.Schema,org.pitest.mutationtest.engine.gregor.mutators.VoidMethodCallMutator,parseRecord,1890,SURVIVED,none
Schema.java,org.apache.avro.Schema,org.pitest.mutationtest.engine.gregor.mutators.VoidMethodCallMutator,parseRecord,1891,SURVIVED,none
Schema.java,org.apache.avro.Schema,org.pitest.mutationtest.engine.gregor.mutators.VoidMethodCallMutator,parseRecord,1892,KILLED,org.apache.avro.ISW2SchemaC3LLMTest.parserBuildsNamedRecordAndRetainsNamedTypes(org.apache.avro.ISW2SchemaC3LLMTest)
Schema.java,org.apache.avro.Schema,org.pitest.mutationtest.engine.gregor.mutators.returns.NullReturnValsMutator,parseRecord,1893,KILLED,org.apache.avro.ISW2SchemaC3LLMTest.parserBuildsNamedRecordAndRetainsNamedTypes(org.apache.avro.ISW2SchemaC3LLMTest)
Schema.java,org.apache.avro.Schema,org.pitest.mutationtest.engine.gregor.mutators.returns.NullReturnValsMutator,parseUnion,1983,NO_COVERAGE,none
Schema.java,org.apache.avro.Schema,org.pitest.mutationtest.engine.gregor.mutators.VoidMethodCallMutator,setNameValidator,1713,SURVIVED,none
Schema.java,org.apache.avro.Schema,org.pitest.mutationtest.engine.gregor.mutators.VoidMethodCallMutator,setValidateDefaults,1739,NO_COVERAGE,none
Schema.java,org.apache.avro.Schema,org.pitest.mutationtest.engine.gregor.mutators.NegateConditionalsMutator,toJson,472,SURVIVED,none
Schema.java,org.apache.avro.Schema,org.pitest.mutationtest.engine.gregor.mutators.VoidMethodCallMutator,toJson,473,KILLED,org.apache.avro.ISW2SchemaC3LLMTest.jsonRenderingRoundTripsRepresentativeSchema(org.apache.avro.ISW2SchemaC3LLMTest)
Schema.java,org.apache.avro.Schema,org.pitest.mutationtest.engine.gregor.mutators.VoidMethodCallMutator,toJson,475,NO_COVERAGE,none
Schema.java,org.apache.avro.Schema,org.pitest.mutationtest.engine.gregor.mutators.VoidMethodCallMutator,toJson,476,NO_COVERAGE,none
Schema.java,org.apache.avro.Schema,org.pitest.mutationtest.engine.gregor.mutators.VoidMethodCallMutator,toJson,477,NO_COVERAGE,none
Schema.java,org.apache.avro.Schema,org.pitest.mutationtest.engine.gregor.mutators.VoidMethodCallMutator,toJson,478,NO_COVERAGE,none
Schema.java,org.apache.avro.Schema,org.pitest.mutationtest.engine.gregor.mutators.returns.EmptyObjectReturnValsMutator,toString,420,KILLED,org.apache.avro.ISW2SchemaC3LLMTest.jsonRenderingRoundTripsRepresentativeSchema(org.apache.avro.ISW2SchemaC3LLMTest)
Schema.java,org.apache.avro.Schema,org.pitest.mutationtest.engine.gregor.mutators.NegateConditionalsMutator,toString,446,NO_COVERAGE,none
Schema.java,org.apache.avro.Schema,org.pitest.mutationtest.engine.gregor.mutators.returns.EmptyObjectReturnValsMutator,toString,451,NO_COVERAGE,none
Schema.java,org.apache.avro.Schema,org.pitest.mutationtest.engine.gregor.mutators.NegateConditionalsMutator,toString,459,SURVIVED,none
Schema.java,org.apache.avro.Schema,org.pitest.mutationtest.engine.gregor.mutators.VoidMethodCallMutator,toString,461,KILLED,org.apache.avro.ISW2SchemaC3LLMTest.jsonRenderingRoundTripsRepresentativeSchema(org.apache.avro.ISW2SchemaC3LLMTest)
Schema.java,org.apache.avro.Schema,org.pitest.mutationtest.engine.gregor.mutators.VoidMethodCallMutator,toString,462,KILLED,org.apache.avro.ISW2SchemaC3LLMTest.jsonRenderingRoundTripsRepresentativeSchema(org.apache.avro.ISW2SchemaC3LLMTest)
Schema.java,org.apache.avro.Schema,org.pitest.mutationtest.engine.gregor.mutators.returns.EmptyObjectReturnValsMutator,toString,432,KILLED,org.apache.avro.ISW2SchemaC3LLMTest.jsonRenderingRoundTripsRepresentativeSchema(org.apache.avro.ISW2SchemaC3LLMTest)
Schema.java,org.apache.avro.Schema,org.pitest.mutationtest.engine.gregor.mutators.NegateConditionalsMutator,validateDefault,1727,KILLED,org.apache.avro.ISW2SchemaC3LLMTest.invalidFieldDefaultIsRejectedWithAvroTypeException(org.apache.avro.ISW2SchemaC3LLMTest)
Schema.java,org.apache.avro.Schema,org.pitest.mutationtest.engine.gregor.mutators.NegateConditionalsMutator,validateDefault,1727,KILLED,org.apache.avro.ISW2SchemaC3LLMTest.unsetRecordFieldsFailUntilSetAndCanOnlyBeSetOnce(org.apache.avro.ISW2SchemaC3LLMTest)
Schema.java,org.apache.avro.Schema,org.pitest.mutationtest.engine.gregor.mutators.NegateConditionalsMutator,validateDefault,1727,KILLED,org.apache.avro.ISW2SchemaC3LLMTest.fieldExposesMetadataDefaultAndAliases(org.apache.avro.ISW2SchemaC3LLMTest)
Schema.java,org.apache.avro.Schema,org.pitest.mutationtest.engine.gregor.mutators.returns.NullReturnValsMutator,validateDefault,1731,KILLED,org.apache.avro.ISW2SchemaC3LLMTest.fieldExposesMetadataDefaultAndAliases(org.apache.avro.ISW2SchemaC3LLMTest)
Schema.java,org.apache.avro.Schema,org.pitest.mutationtest.engine.gregor.mutators.NegateConditionalsMutator,validateName,1702,KILLED,org.apache.avro.ISW2SchemaC3LLMTest.enumRejectsDuplicateSymbolsAndUnknownDefault(org.apache.avro.ISW2SchemaC3LLMTest)
Schema.java,org.apache.avro.Schema,org.pitest.mutationtest.engine.gregor.mutators.returns.EmptyObjectReturnValsMutator,validateName,1705,KILLED,org.apache.avro.ISW2SchemaC3LLMTest.enumRejectsDuplicateSymbolsAndUnknownDefault(org.apache.avro.ISW2SchemaC3LLMTest)
Schema.java,org.apache.avro.Schema,org.pitest.mutationtest.engine.gregor.mutators.returns.NullReturnValsMutator,writeReplace,103,NO_COVERAGE,none
Schema.java,org.apache.avro.Schema$RecordSchema,org.pitest.mutationtest.engine.gregor.mutators.VoidMethodCallMutator,<init>,947,KILLED,org.apache.avro.ISW2SchemaC3LLMTest.recordAssignsFieldPositionsAndSupportsLookup(org.apache.avro.ISW2SchemaC3LLMTest)
Schema.java,org.apache.avro.Schema$RecordSchema,org.pitest.mutationtest.engine.gregor.mutators.MathMutator,computeHash,1033,NO_COVERAGE,none
Schema.java,org.apache.avro.Schema$RecordSchema,org.pitest.mutationtest.engine.gregor.mutators.NegateConditionalsMutator,computeHash,1028,NO_COVERAGE,none
Schema.java,org.apache.avro.Schema$RecordSchema,org.pitest.mutationtest.engine.gregor.mutators.NegateConditionalsMutator,computeHash,1035,NO_COVERAGE,none
Schema.java,org.apache.avro.Schema$RecordSchema,org.pitest.mutationtest.engine.gregor.mutators.VoidMethodCallMutator,computeHash,1036,NO_COVERAGE,none
Schema.java,org.apache.avro.Schema$RecordSchema,org.pitest.mutationtest.engine.gregor.mutators.returns.PrimitiveReturnsMutator,computeHash,1033,NO_COVERAGE,none
Schema.java,org.apache.avro.Schema$RecordSchema,org.pitest.mutationtest.engine.gregor.mutators.NegateConditionalsMutator,equals,1000,KILLED,org.apache.avro.ISW2SchemaC3LLMTest.applyAliasesRewritesRecordAndFieldNamesFromReaderAliases(org.apache.avro.ISW2SchemaC3LLMTest)
Schema.java,org.apache.avro.Schema$RecordSchema,org.pitest.mutationtest.engine.gregor.mutators.NegateConditionalsMutator,equals,1002,KILLED,org.apache.avro.ISW2SchemaC3LLMTest.jsonRenderingRoundTripsRepresentativeSchema(org.apache.avro.ISW2SchemaC3LLMTest)
Schema.java,org.apache.avro.Schema$RecordSchema,org.pitest.mutationtest.engine.gregor.mutators.NegateConditionalsMutator,equals,1005,KILLED,org.apache.avro.ISW2SchemaC3LLMTest.jsonRenderingRoundTripsRepresentativeSchema(org.apache.avro.ISW2SchemaC3LLMTest)
Schema.java,org.apache.avro.Schema$RecordSchema,org.pitest.mutationtest.engine.gregor.mutators.NegateConditionalsMutator,equals,1007,KILLED,org.apache.avro.ISW2SchemaC3LLMTest.jsonRenderingRoundTripsRepresentativeSchema(org.apache.avro.ISW2SchemaC3LLMTest)
Schema.java,org.apache.avro.Schema$RecordSchema,org.pitest.mutationtest.engine.gregor.mutators.NegateConditionalsMutator,equals,1009,KILLED,org.apache.avro.ISW2SchemaC3LLMTest.jsonRenderingRoundTripsRepresentativeSchema(org.apache.avro.ISW2SchemaC3LLMTest)
Schema.java,org.apache.avro.Schema$RecordSchema,org.pitest.mutationtest.engine.gregor.mutators.NegateConditionalsMutator,equals,1013,SURVIVED,none
Schema.java,org.apache.avro.Schema$RecordSchema,org.pitest.mutationtest.engine.gregor.mutators.NegateConditionalsMutator,equals,1020,SURVIVED,none
Schema.java,org.apache.avro.Schema$RecordSchema,org.pitest.mutationtest.engine.gregor.mutators.VoidMethodCallMutator,equals,1021,SURVIVED,none
Schema.java,org.apache.avro.Schema$RecordSchema,org.pitest.mutationtest.engine.gregor.mutators.returns.BooleanFalseReturnValsMutator,equals,1001,NO_COVERAGE,none
Schema.java,org.apache.avro.Schema$RecordSchema,org.pitest.mutationtest.engine.gregor.mutators.returns.BooleanFalseReturnValsMutator,equals,1014,NO_COVERAGE,none
Schema.java,org.apache.avro.Schema$RecordSchema,org.pitest.mutationtest.engine.gregor.mutators.returns.BooleanFalseReturnValsMutator,equals,1018,KILLED,org.apache.avro.ISW2SchemaC3LLMTest.jsonRenderingRoundTripsRepresentativeSchema(org.apache.avro.ISW2SchemaC3LLMTest)
Schema.java,org.apache.avro.Schema$RecordSchema,org.pitest.mutationtest.engine.gregor.mutators.returns.BooleanTrueReturnValsMutator,equals,1003,NO_COVERAGE,none
Schema.java,org.apache.avro.Schema$RecordSchema,org.pitest.mutationtest.engine.gregor.mutators.returns.BooleanTrueReturnValsMutator,equals,1006,NO_COVERAGE,none
Schema.java,org.apache.avro.Schema$RecordSchema,org.pitest.mutationtest.engine.gregor.mutators.returns.BooleanTrueReturnValsMutator,equals,1008,KILLED,org.apache.avro.ISW2SchemaC3LLMTest.applyAliasesRewritesRecordAndFieldNamesFromReaderAliases(org.apache.avro.ISW2SchemaC3LLMTest)
Schema.java,org.apache.avro.Schema$RecordSchema,org.pitest.mutationtest.engine.gregor.mutators.returns.BooleanTrueReturnValsMutator,equals,1010,NO_COVERAGE,none
Schema.java,org.apache.avro.Schema$RecordSchema,org.pitest.mutationtest.engine.gregor.mutators.returns.BooleanTrueReturnValsMutator,equals,1018,SURVIVED,none
Schema.java,org.apache.avro.Schema$RecordSchema,org.pitest.mutationtest.engine.gregor.mutators.NegateConditionalsMutator,fieldsToJson,1071,SURVIVED,none
Schema.java,org.apache.avro.Schema$RecordSchema,org.pitest.mutationtest.engine.gregor.mutators.NegateConditionalsMutator,fieldsToJson,1073,KILLED,org.apache.avro.ISW2SchemaC3LLMTest.jsonRenderingRoundTripsRepresentativeSchema(org.apache.avro.ISW2SchemaC3LLMTest)
Schema.java,org.apache.avro.Schema$RecordSchema,org.pitest.mutationtest.engine.gregor.mutators.NegateConditionalsMutator,fieldsToJson,1077,SURVIVED,none
Schema.java,org.apache.avro.Schema$RecordSchema,org.pitest.mutationtest.engine.gregor.mutators.NegateConditionalsMutator,fieldsToJson,1079,KILLED,org.apache.avro.ISW2SchemaC3LLMTest.jsonRenderingRoundTripsRepresentativeSchema(org.apache.avro.ISW2SchemaC3LLMTest)
Schema.java,org.apache.avro.Schema$RecordSchema,org.pitest.mutationtest.engine.gregor.mutators.NegateConditionalsMutator,fieldsToJson,1079,NO_COVERAGE,none
Schema.java,org.apache.avro.Schema$RecordSchema,org.pitest.mutationtest.engine.gregor.mutators.VoidMethodCallMutator,fieldsToJson,1065,KILLED,org.apache.avro.ISW2SchemaC3LLMTest.jsonRenderingRoundTripsRepresentativeSchema(org.apache.avro.ISW2SchemaC3LLMTest)
Schema.java,org.apache.avro.Schema$RecordSchema,org.pitest.mutationtest.engine.gregor.mutators.VoidMethodCallMutator,fieldsToJson,1067,KILLED,org.apache.avro.ISW2SchemaC3LLMTest.jsonRenderingRoundTripsRepresentativeSchema(org.apache.avro.ISW2SchemaC3LLMTest)
Schema.java,org.apache.avro.Schema$RecordSchema,org.pitest.mutationtest.engine.gregor.mutators.VoidMethodCallMutator,fieldsToJson,1068,KILLED,org.apache.avro.ISW2SchemaC3LLMTest.jsonRenderingRoundTripsRepresentativeSchema(org.apache.avro.ISW2SchemaC3LLMTest)
Schema.java,org.apache.avro.Schema$RecordSchema,org.pitest.mutationtest.engine.gregor.mutators.VoidMethodCallMutator,fieldsToJson,1069,KILLED,org.apache.avro.ISW2SchemaC3LLMTest.jsonRenderingRoundTripsRepresentativeSchema(org.apache.avro.ISW2SchemaC3LLMTest)
Schema.java,org.apache.avro.Schema$RecordSchema,org.pitest.mutationtest.engine.gregor.mutators.VoidMethodCallMutator,fieldsToJson,1070,KILLED,org.apache.avro.ISW2SchemaC3LLMTest.jsonRenderingRoundTripsRepresentativeSchema(org.apache.avro.ISW2SchemaC3LLMTest)
Schema.java,org.apache.avro.Schema$RecordSchema,org.pitest.mutationtest.engine.gregor.mutators.VoidMethodCallMutator,fieldsToJson,1072,NO_COVERAGE,none
Schema.java,org.apache.avro.Schema$RecordSchema,org.pitest.mutationtest.engine.gregor.mutators.VoidMethodCallMutator,fieldsToJson,1074,NO_COVERAGE,none
Schema.java,org.apache.avro.Schema$RecordSchema,org.pitest.mutationtest.engine.gregor.mutators.VoidMethodCallMutator,fieldsToJson,1075,NO_COVERAGE,none
Schema.java,org.apache.avro.Schema$RecordSchema,org.pitest.mutationtest.engine.gregor.mutators.VoidMethodCallMutator,fieldsToJson,1078,NO_COVERAGE,none
Schema.java,org.apache.avro.Schema$RecordSchema,org.pitest.mutationtest.engine.gregor.mutators.VoidMethodCallMutator,fieldsToJson,1080,NO_COVERAGE,none
Schema.java,org.apache.avro.Schema$RecordSchema,org.pitest.mutationtest.engine.gregor.mutators.VoidMethodCallMutator,fieldsToJson,1081,NO_COVERAGE,none
Schema.java,org.apache.avro.Schema$RecordSchema,org.pitest.mutationtest.engine.gregor.mutators.VoidMethodCallMutator,fieldsToJson,1083,NO_COVERAGE,none
Schema.java,org.apache.avro.Schema$RecordSchema,org.pitest.mutationtest.engine.gregor.mutators.VoidMethodCallMutator,fieldsToJson,1084,NO_COVERAGE,none
Schema.java,org.apache.avro.Schema$RecordSchema,org.pitest.mutationtest.engine.gregor.mutators.VoidMethodCallMutator,fieldsToJson,1086,SURVIVED,none
Schema.java,org.apache.avro.Schema$RecordSchema,org.pitest.mutationtest.engine.gregor.mutators.VoidMethodCallMutator,fieldsToJson,1087,KILLED,org.apache.avro.ISW2SchemaC3LLMTest.jsonRenderingRoundTripsRepresentativeSchema(org.apache.avro.ISW2SchemaC3LLMTest)
Schema.java,org.apache.avro.Schema$RecordSchema,org.pitest.mutationtest.engine.gregor.mutators.VoidMethodCallMutator,fieldsToJson,1089,KILLED,org.apache.avro.ISW2SchemaC3LLMTest.jsonRenderingRoundTripsRepresentativeSchema(org.apache.avro.ISW2SchemaC3LLMTest)
Schema.java,org.apache.avro.Schema$RecordSchema,org.pitest.mutationtest.engine.gregor.mutators.NegateConditionalsMutator,getField,957,KILLED,org.apache.avro.ISW2SchemaC3LLMTest.recordAssignsFieldPositionsAndSupportsLookup(org.apache.avro.ISW2SchemaC3LLMTest)
Schema.java,org.apache.avro.Schema$RecordSchema,org.pitest.mutationtest.engine.gregor.mutators.returns.NullReturnValsMutator,getField,959,KILLED,org.apache.avro.ISW2SchemaC3LLMTest.recordAssignsFieldPositionsAndSupportsLookup(org.apache.avro.ISW2SchemaC3LLMTest)
Schema.java,org.apache.avro.Schema$RecordSchema,org.pitest.mutationtest.engine.gregor.mutators.NegateConditionalsMutator,getFields,964,KILLED,org.apache.avro.ISW2SchemaC3LLMTest.unsetRecordFieldsFailUntilSetAndCanOnlyBeSetOnce(org.apache.avro.ISW2SchemaC3LLMTest)
Schema.java,org.apache.avro.Schema$RecordSchema,org.pitest.mutationtest.engine.gregor.mutators.returns.EmptyObjectReturnValsMutator,getFields,966,KILLED,org.apache.avro.ISW2SchemaC3LLMTest.recordAssignsFieldPositionsAndSupportsLookup(org.apache.avro.ISW2SchemaC3LLMTest)
Schema.java,org.apache.avro.Schema$RecordSchema,org.pitest.mutationtest.engine.gregor.mutators.NegateConditionalsMutator,hasFields,971,KILLED,org.apache.avro.ISW2SchemaC3LLMTest.unsetRecordFieldsFailUntilSetAndCanOnlyBeSetOnce(org.apache.avro.ISW2SchemaC3LLMTest)
Schema.java,org.apache.avro.Schema$RecordSchema,org.pitest.mutationtest.engine.gregor.mutators.returns.BooleanTrueReturnValsMutator,hasFields,971,KILLED,org.apache.avro.ISW2SchemaC3LLMTest.unsetRecordFieldsFailUntilSetAndCanOnlyBeSetOnce(org.apache.avro.ISW2SchemaC3LLMTest)
Schema.java,org.apache.avro.Schema$RecordSchema,org.pitest.mutationtest.engine.gregor.mutators.returns.BooleanFalseReturnValsMutator,isError,952,SURVIVED,none
Schema.java,org.apache.avro.Schema$RecordSchema,org.pitest.mutationtest.engine.gregor.mutators.returns.BooleanTrueReturnValsMutator,isError,952,KILLED,org.apache.avro.ISW2SchemaC3LLMTest.recordAssignsFieldPositionsAndSupportsLookup(org.apache.avro.ISW2SchemaC3LLMTest)
Schema.java,org.apache.avro.Schema$RecordSchema,org.pitest.mutationtest.engine.gregor.mutators.IncrementsMutator,setFields,986,KILLED,org.apache.avro.ISW2SchemaC3LLMTest.recordAssignsFieldPositionsAndSupportsLookup(org.apache.avro.ISW2SchemaC3LLMTest)
Schema.java,org.apache.avro.Schema$RecordSchema,org.pitest.mutationtest.engine.gregor.mutators.NegateConditionalsMutator,setFields,976,KILLED,org.apache.avro.ISW2SchemaC3LLMTest.unsetRecordFieldsFailUntilSetAndCanOnlyBeSetOnce(org.apache.avro.ISW2SchemaC3LLMTest)
Schema.java,org.apache.avro.Schema$RecordSchema,org.pitest.mutationtest.engine.gregor.mutators.NegateConditionalsMutator,setFields,983,KILLED,org.apache.avro.ISW2SchemaC3LLMTest.unsetRecordFieldsFailUntilSetAndCanOnlyBeSetOnce(org.apache.avro.ISW2SchemaC3LLMTest)
Schema.java,org.apache.avro.Schema$RecordSchema,org.pitest.mutationtest.engine.gregor.mutators.NegateConditionalsMutator,setFields,988,KILLED,org.apache.avro.ISW2SchemaC3LLMTest.unsetRecordFieldsFailUntilSetAndCanOnlyBeSetOnce(org.apache.avro.ISW2SchemaC3LLMTest)
Schema.java,org.apache.avro.Schema$RecordSchema,org.pitest.mutationtest.engine.gregor.mutators.NegateConditionalsMutator,toJson,1043,KILLED,org.apache.avro.ISW2SchemaC3LLMTest.jsonRenderingRoundTripsRepresentativeSchema(org.apache.avro.ISW2SchemaC3LLMTest)
Schema.java,org.apache.avro.Schema$RecordSchema,org.pitest.mutationtest.engine.gregor.mutators.NegateConditionalsMutator,toJson,1046,SURVIVED,none
Schema.java,org.apache.avro.Schema$RecordSchema,org.pitest.mutationtest.engine.gregor.mutators.NegateConditionalsMutator,toJson,1048,SURVIVED,none
Schema.java,org.apache.avro.Schema$RecordSchema,org.pitest.mutationtest.engine.gregor.mutators.NegateConditionalsMutator,toJson,1052,KILLED,org.apache.avro.ISW2SchemaC3LLMTest.jsonRenderingRoundTripsRepresentativeSchema(org.apache.avro.ISW2SchemaC3LLMTest)
Schema.java,org.apache.avro.Schema$RecordSchema,org.pitest.mutationtest.engine.gregor.mutators.VoidMethodCallMutator,toJson,1045,KILLED,org.apache.avro.ISW2SchemaC3LLMTest.jsonRenderingRoundTripsRepresentativeSchema(org.apache.avro.ISW2SchemaC3LLMTest)
Schema.java,org.apache.avro.Schema$RecordSchema,org.pitest.mutationtest.engine.gregor.mutators.VoidMethodCallMutator,toJson,1046,KILLED,org.apache.avro.ISW2SchemaC3LLMTest.jsonRenderingRoundTripsRepresentativeSchema(org.apache.avro.ISW2SchemaC3LLMTest)
Schema.java,org.apache.avro.Schema$RecordSchema,org.pitest.mutationtest.engine.gregor.mutators.VoidMethodCallMutator,toJson,1047,KILLED,org.apache.avro.ISW2SchemaC3LLMTest.jsonRenderingRoundTripsRepresentativeSchema(org.apache.avro.ISW2SchemaC3LLMTest)
Schema.java,org.apache.avro.Schema$RecordSchema,org.pitest.mutationtest.engine.gregor.mutators.VoidMethodCallMutator,toJson,1049,SURVIVED,none
Schema.java,org.apache.avro.Schema$RecordSchema,org.pitest.mutationtest.engine.gregor.mutators.VoidMethodCallMutator,toJson,1053,KILLED,org.apache.avro.ISW2SchemaC3LLMTest.jsonRenderingRoundTripsRepresentativeSchema(org.apache.avro.ISW2SchemaC3LLMTest)
Schema.java,org.apache.avro.Schema$RecordSchema,org.pitest.mutationtest.engine.gregor.mutators.VoidMethodCallMutator,toJson,1054,KILLED,org.apache.avro.ISW2SchemaC3LLMTest.jsonRenderingRoundTripsRepresentativeSchema(org.apache.avro.ISW2SchemaC3LLMTest)
Schema.java,org.apache.avro.Schema$RecordSchema,org.pitest.mutationtest.engine.gregor.mutators.VoidMethodCallMutator,toJson,1057,SURVIVED,none
Schema.java,org.apache.avro.Schema$RecordSchema,org.pitest.mutationtest.engine.gregor.mutators.VoidMethodCallMutator,toJson,1058,SURVIVED,none
Schema.java,org.apache.avro.Schema$RecordSchema,org.pitest.mutationtest.engine.gregor.mutators.VoidMethodCallMutator,toJson,1059,KILLED,org.apache.avro.ISW2SchemaC3LLMTest.jsonRenderingRoundTripsRepresentativeSchema(org.apache.avro.ISW2SchemaC3LLMTest)
Schema.java,org.apache.avro.Schema$Field,org.pitest.mutationtest.engine.gregor.mutators.NegateConditionalsMutator,<init>,590,KILLED,org.apache.avro.ISW2SchemaC3LLMTest.invalidFieldDefaultIsRejectedWithAvroTypeException(org.apache.avro.ISW2SchemaC3LLMTest)
Schema.java,org.apache.avro.Schema$Field,org.pitest.mutationtest.engine.gregor.mutators.NegateConditionalsMutator,<init>,627,KILLED,org.apache.avro.ISW2SchemaC3LLMTest.fieldDistinguishesAbsentDefaultFromExplicitNullDefault(org.apache.avro.ISW2SchemaC3LLMTest)
Schema.java,org.apache.avro.Schema$Field,org.pitest.mutationtest.engine.gregor.mutators.NegateConditionalsMutator,<init>,637,KILLED,org.apache.avro.ISW2SchemaC3LLMTest.fieldExposesMetadataDefaultAndAliases(org.apache.avro.ISW2SchemaC3LLMTest)
Schema.java,org.apache.avro.Schema$Field,org.pitest.mutationtest.engine.gregor.mutators.NegateConditionalsMutator,<init>,603,KILLED,org.apache.avro.ISW2SchemaC3LLMTest.parserBuildsNamedRecordAndRetainsNamedTypes(org.apache.avro.ISW2SchemaC3LLMTest)
Schema.java,org.apache.avro.Schema$Field,org.pitest.mutationtest.engine.gregor.mutators.VoidMethodCallMutator,<init>,602,SURVIVED,none
Schema.java,org.apache.avro.Schema$Field,org.pitest.mutationtest.engine.gregor.mutators.NegateConditionalsMutator,addAlias,686,KILLED,org.apache.avro.ISW2SchemaC3LLMTest.fieldExposesMetadataDefaultAndAliases(org.apache.avro.ISW2SchemaC3LLMTest)
Schema.java,org.apache.avro.Schema$Field,org.pitest.mutationtest.engine.gregor.mutators.NegateConditionalsMutator,aliases,693,KILLED,org.apache.avro.ISW2SchemaC3LLMTest.fieldExposesMetadataDefaultAndAliases(org.apache.avro.ISW2SchemaC3LLMTest)
Schema.java,org.apache.avro.Schema$Field,org.pitest.mutationtest.engine.gregor.mutators.returns.EmptyObjectReturnValsMutator,aliases,695,KILLED,org.apache.avro.ISW2SchemaC3LLMTest.fieldExposesMetadataDefaultAndAliases(org.apache.avro.ISW2SchemaC3LLMTest)
Schema.java,org.apache.avro.Schema$Field,org.pitest.mutationtest.engine.gregor.mutators.returns.NullReturnValsMutator,defaultVal,678,KILLED,org.apache.avro.ISW2SchemaC3LLMTest.fieldExposesMetadataDefaultAndAliases(org.apache.avro.ISW2SchemaC3LLMTest)
Schema.java,org.apache.avro.Schema$Field,org.pitest.mutationtest.engine.gregor.mutators.returns.NullReturnValsMutator,defaultValue,670,NO_COVERAGE,none
Schema.java,org.apache.avro.Schema$Field,org.pitest.mutationtest.engine.gregor.mutators.NegateConditionalsMutator,defaultValueEquals,715,KILLED,org.apache.avro.ISW2SchemaC3LLMTest.jsonRenderingRoundTripsRepresentativeSchema(org.apache.avro.ISW2SchemaC3LLMTest)
Schema.java,org.apache.avro.Schema$Field,org.pitest.mutationtest.engine.gregor.mutators.NegateConditionalsMutator,defaultValueEquals,716,KILLED,org.apache.avro.ISW2SchemaC3LLMTest.jsonRenderingRoundTripsRepresentativeSchema(org.apache.avro.ISW2SchemaC3LLMTest)
Schema.java,org.apache.avro.Schema$Field,org.pitest.mutationtest.engine.gregor.mutators.NegateConditionalsMutator,defaultValueEquals,717,NO_COVERAGE,none
Schema.java,org.apache.avro.Schema$Field,org.pitest.mutationtest.engine.gregor.mutators.NegateConditionalsMutator,defaultValueEquals,719,NO_COVERAGE,none
Schema.java,org.apache.avro.Schema$Field,org.pitest.mutationtest.engine.gregor.mutators.returns.BooleanFalseReturnValsMutator,defaultValueEquals,720,NO_COVERAGE,none
Schema.java,org.apache.avro.Schema$Field,org.pitest.mutationtest.engine.gregor.mutators.returns.BooleanFalseReturnValsMutator,defaultValueEquals,721,NO_COVERAGE,none
Schema.java,org.apache.avro.Schema$Field,org.pitest.mutationtest.engine.gregor.mutators.returns.BooleanTrueReturnValsMutator,defaultValueEquals,716,SURVIVED,none
Schema.java,org.apache.avro.Schema$Field,org.pitest.mutationtest.engine.gregor.mutators.returns.BooleanTrueReturnValsMutator,defaultValueEquals,718,NO_COVERAGE,none
Schema.java,org.apache.avro.Schema$Field,org.pitest.mutationtest.engine.gregor.mutators.returns.BooleanTrueReturnValsMutator,defaultValueEquals,720,NO_COVERAGE,none
Schema.java,org.apache.avro.Schema$Field,org.pitest.mutationtest.engine.gregor.mutators.returns.BooleanTrueReturnValsMutator,defaultValueEquals,721,NO_COVERAGE,none
Schema.java,org.apache.avro.Schema$Field,org.pitest.mutationtest.engine.gregor.mutators.returns.EmptyObjectReturnValsMutator,doc,657,KILLED,org.apache.avro.ISW2SchemaC3LLMTest.fieldExposesMetadataDefaultAndAliases(org.apache.avro.ISW2SchemaC3LLMTest)
Schema.java,org.apache.avro.Schema$Field,org.pitest.mutationtest.engine.gregor.mutators.NegateConditionalsMutator,equals,700,SURVIVED,none
Schema.java,org.apache.avro.Schema$Field,org.pitest.mutationtest.engine.gregor.mutators.NegateConditionalsMutator,equals,702,KILLED,org.apache.avro.ISW2SchemaC3LLMTest.jsonRenderingRoundTripsRepresentativeSchema(org.apache.avro.ISW2SchemaC3LLMTest)
Schema.java,org.apache.avro.Schema$Field,org.pitest.mutationtest.engine.gregor.mutators.NegateConditionalsMutator,equals,705,KILLED,org.apache.avro.ISW2SchemaC3LLMTest.jsonRenderingRoundTripsRepresentativeSchema(org.apache.avro.ISW2SchemaC3LLMTest)
Schema.java,org.apache.avro.Schema$Field,org.pitest.mutationtest.engine.gregor.mutators.NegateConditionalsMutator,equals,705,KILLED,org.apache.avro.ISW2SchemaC3LLMTest.jsonRenderingRoundTripsRepresentativeSchema(org.apache.avro.ISW2SchemaC3LLMTest)
Schema.java,org.apache.avro.Schema$Field,org.pitest.mutationtest.engine.gregor.mutators.NegateConditionalsMutator,equals,705,KILLED,org.apache.avro.ISW2SchemaC3LLMTest.jsonRenderingRoundTripsRepresentativeSchema(org.apache.avro.ISW2SchemaC3LLMTest)
Schema.java,org.apache.avro.Schema$Field,org.pitest.mutationtest.engine.gregor.mutators.NegateConditionalsMutator,equals,705,KILLED,org.apache.avro.ISW2SchemaC3LLMTest.jsonRenderingRoundTripsRepresentativeSchema(org.apache.avro.ISW2SchemaC3LLMTest)
Schema.java,org.apache.avro.Schema$Field,org.pitest.mutationtest.engine.gregor.mutators.NegateConditionalsMutator,equals,706,KILLED,org.apache.avro.ISW2SchemaC3LLMTest.jsonRenderingRoundTripsRepresentativeSchema(org.apache.avro.ISW2SchemaC3LLMTest)
Schema.java,org.apache.avro.Schema$Field,org.pitest.mutationtest.engine.gregor.mutators.returns.BooleanFalseReturnValsMutator,equals,701,NO_COVERAGE,none
Schema.java,org.apache.avro.Schema$Field,org.pitest.mutationtest.engine.gregor.mutators.returns.BooleanTrueReturnValsMutator,equals,703,NO_COVERAGE,none
Schema.java,org.apache.avro.Schema$Field,org.pitest.mutationtest.engine.gregor.mutators.returns.BooleanTrueReturnValsMutator,equals,705,SURVIVED,none
Schema.java,org.apache.avro.Schema$Field,org.pitest.mutationtest.engine.gregor.mutators.NegateConditionalsMutator,hasDefaultValue,666,KILLED,org.apache.avro.ISW2SchemaC3LLMTest.fieldExposesMetadataDefaultAndAliases(org.apache.avro.ISW2SchemaC3LLMTest)
Schema.java,org.apache.avro.Schema$Field,org.pitest.mutationtest.engine.gregor.mutators.returns.BooleanTrueReturnValsMutator,hasDefaultValue,666,KILLED,org.apache.avro.ISW2SchemaC3LLMTest.fieldDistinguishesAbsentDefaultFromExplicitNullDefault(org.apache.avro.ISW2SchemaC3LLMTest)
Schema.java,org.apache.avro.Schema$Field,org.pitest.mutationtest.engine.gregor.mutators.MathMutator,hashCode,711,NO_COVERAGE,none
Schema.java,org.apache.avro.Schema$Field,org.pitest.mutationtest.engine.gregor.mutators.returns.PrimitiveReturnsMutator,hashCode,711,NO_COVERAGE,none
Schema.java,org.apache.avro.Schema$Field,org.pitest.mutationtest.engine.gregor.mutators.returns.EmptyObjectReturnValsMutator,name,642,KILLED,org.apache.avro.ISW2SchemaC3LLMTest.fieldExposesMetadataDefaultAndAliases(org.apache.avro.ISW2SchemaC3LLMTest)
Schema.java,org.apache.avro.Schema$Field,org.pitest.mutationtest.engine.gregor.mutators.returns.NullReturnValsMutator,order,682,KILLED,org.apache.avro.ISW2SchemaC3LLMTest.fieldExposesMetadataDefaultAndAliases(org.apache.avro.ISW2SchemaC3LLMTest)
Schema.java,org.apache.avro.Schema$Field,org.pitest.mutationtest.engine.gregor.mutators.returns.PrimitiveReturnsMutator,pos,647,KILLED,org.apache.avro.ISW2SchemaC3LLMTest.recordAssignsFieldPositionsAndSupportsLookup(org.apache.avro.ISW2SchemaC3LLMTest)
Schema.java,org.apache.avro.Schema$Field,org.pitest.mutationtest.engine.gregor.mutators.returns.NullReturnValsMutator,schema,652,KILLED,org.apache.avro.ISW2SchemaC3LLMTest.fieldExposesMetadataDefaultAndAliases(org.apache.avro.ISW2SchemaC3LLMTest)
Schema.java,org.apache.avro.Schema$Field,org.pitest.mutationtest.engine.gregor.mutators.returns.EmptyObjectReturnValsMutator,toString,726,SURVIVED,none
Schema.java,org.apache.avro.Schema$EnumSchema,org.pitest.mutationtest.engine.gregor.mutators.IncrementsMutator,<init>,1105,KILLED,org.apache.avro.ISW2SchemaC3LLMTest.enumExposesSymbolsOrdinalsMembershipAndDefault(org.apache.avro.ISW2SchemaC3LLMTest)
Schema.java,org.apache.avro.Schema$EnumSchema,org.pitest.mutationtest.engine.gregor.mutators.NegateConditionalsMutator,<init>,1105,KILLED,org.apache.avro.ISW2SchemaC3LLMTest.enumRejectsDuplicateSymbolsAndUnknownDefault(org.apache.avro.ISW2SchemaC3LLMTest)
Schema.java,org.apache.avro.Schema$EnumSchema,org.pitest.mutationtest.engine.gregor.mutators.NegateConditionalsMutator,<init>,1109,KILLED,org.apache.avro.ISW2SchemaC3LLMTest.enumRejectsDuplicateSymbolsAndUnknownDefault(org.apache.avro.ISW2SchemaC3LLMTest)
Schema.java,org.apache.avro.Schema$EnumSchema,org.pitest.mutationtest.engine.gregor.mutators.NegateConditionalsMutator,<init>,1109,KILLED,org.apache.avro.ISW2SchemaC3LLMTest.enumRejectsDuplicateSymbolsAndUnknownDefault(org.apache.avro.ISW2SchemaC3LLMTest)
Schema.java,org.apache.avro.Schema$EnumSchema,org.pitest.mutationtest.engine.gregor.mutators.MathMutator,computeHash,1152,NO_COVERAGE,none
Schema.java,org.apache.avro.Schema$EnumSchema,org.pitest.mutationtest.engine.gregor.mutators.returns.PrimitiveReturnsMutator,computeHash,1152,NO_COVERAGE,none
Schema.java,org.apache.avro.Schema$EnumSchema,org.pitest.mutationtest.engine.gregor.mutators.NegateConditionalsMutator,equals,1137,NO_COVERAGE,none
Schema.java,org.apache.avro.Schema$EnumSchema,org.pitest.mutationtest.engine.gregor.mutators.NegateConditionalsMutator,equals,1139,NO_COVERAGE,none
Schema.java,org.apache.avro.Schema$EnumSchema,org.pitest.mutationtest.engine.gregor.mutators.NegateConditionalsMutator,equals,1142,NO_COVERAGE,none
Schema.java,org.apache.avro.Schema$EnumSchema,org.pitest.mutationtest.engine.gregor.mutators.NegateConditionalsMutator,equals,1142,NO_COVERAGE,none
Schema.java,org.apache.avro.Schema$EnumSchema,org.pitest.mutationtest.engine.gregor.mutators.NegateConditionalsMutator,equals,1142,NO_COVERAGE,none
Schema.java,org.apache.avro.Schema$EnumSchema,org.pitest.mutationtest.engine.gregor.mutators.NegateConditionalsMutator,equals,1142,NO_COVERAGE,none
Schema.java,org.apache.avro.Schema$EnumSchema,org.pitest.mutationtest.engine.gregor.mutators.returns.BooleanFalseReturnValsMutator,equals,1138,NO_COVERAGE,none
Schema.java,org.apache.avro.Schema$EnumSchema,org.pitest.mutationtest.engine.gregor.mutators.returns.BooleanTrueReturnValsMutator,equals,1140,NO_COVERAGE,none
Schema.java,org.apache.avro.Schema$EnumSchema,org.pitest.mutationtest.engine.gregor.mutators.returns.BooleanTrueReturnValsMutator,equals,1142,NO_COVERAGE,none
Schema.java,org.apache.avro.Schema$EnumSchema,org.pitest.mutationtest.engine.gregor.mutators.returns.EmptyObjectReturnValsMutator,getEnumDefault,1147,KILLED,org.apache.avro.ISW2SchemaC3LLMTest.enumExposesSymbolsOrdinalsMembershipAndDefault(org.apache.avro.ISW2SchemaC3LLMTest)
Schema.java,org.apache.avro.Schema$EnumSchema,org.pitest.mutationtest.engine.gregor.mutators.NegateConditionalsMutator,getEnumOrdinal,1128,KILLED,org.apache.avro.ISW2SchemaC3LLMTest.enumExposesSymbolsOrdinalsMembershipAndDefault(org.apache.avro.ISW2SchemaC3LLMTest)
Schema.java,org.apache.avro.Schema$EnumSchema,org.pitest.mutationtest.engine.gregor.mutators.returns.PrimitiveReturnsMutator,getEnumOrdinal,1132,KILLED,org.apache.avro.ISW2SchemaC3LLMTest.enumExposesSymbolsOrdinalsMembershipAndDefault(org.apache.avro.ISW2SchemaC3LLMTest)
Schema.java,org.apache.avro.Schema$EnumSchema,org.pitest.mutationtest.engine.gregor.mutators.returns.EmptyObjectReturnValsMutator,getEnumSymbols,1117,KILLED,org.apache.avro.ISW2SchemaC3LLMTest.enumExposesSymbolsOrdinalsMembershipAndDefault(org.apache.avro.ISW2SchemaC3LLMTest)
Schema.java,org.apache.avro.Schema$EnumSchema,org.pitest.mutationtest.engine.gregor.mutators.returns.BooleanFalseReturnValsMutator,hasEnumSymbol,1122,KILLED,org.apache.avro.ISW2SchemaC3LLMTest.enumExposesSymbolsOrdinalsMembershipAndDefault(org.apache.avro.ISW2SchemaC3LLMTest)
Schema.java,org.apache.avro.Schema$EnumSchema,org.pitest.mutationtest.engine.gregor.mutators.returns.BooleanTrueReturnValsMutator,hasEnumSymbol,1122,KILLED,org.apache.avro.ISW2SchemaC3LLMTest.enumExposesSymbolsOrdinalsMembershipAndDefault(org.apache.avro.ISW2SchemaC3LLMTest)
Schema.java,org.apache.avro.Schema$EnumSchema,org.pitest.mutationtest.engine.gregor.mutators.NegateConditionalsMutator,toJson,1158,NO_COVERAGE,none
Schema.java,org.apache.avro.Schema$EnumSchema,org.pitest.mutationtest.engine.gregor.mutators.NegateConditionalsMutator,toJson,1163,NO_COVERAGE,none
Schema.java,org.apache.avro.Schema$EnumSchema,org.pitest.mutationtest.engine.gregor.mutators.NegateConditionalsMutator,toJson,1169,NO_COVERAGE,none
Schema.java,org.apache.avro.Schema$EnumSchema,org.pitest.mutationtest.engine.gregor.mutators.VoidMethodCallMutator,toJson,1160,NO_COVERAGE,none
Schema.java,org.apache.avro.Schema$EnumSchema,org.pitest.mutationtest.engine.gregor.mutators.VoidMethodCallMutator,toJson,1161,NO_COVERAGE,none
Schema.java,org.apache.avro.Schema$EnumSchema,org.pitest.mutationtest.engine.gregor.mutators.VoidMethodCallMutator,toJson,1162,NO_COVERAGE,none
Schema.java,org.apache.avro.Schema$EnumSchema,org.pitest.mutationtest.engine.gregor.mutators.VoidMethodCallMutator,toJson,1164,NO_COVERAGE,none
Schema.java,org.apache.avro.Schema$EnumSchema,org.pitest.mutationtest.engine.gregor.mutators.VoidMethodCallMutator,toJson,1165,NO_COVERAGE,none
Schema.java,org.apache.avro.Schema$EnumSchema,org.pitest.mutationtest.engine.gregor.mutators.VoidMethodCallMutator,toJson,1167,NO_COVERAGE,none
Schema.java,org.apache.avro.Schema$EnumSchema,org.pitest.mutationtest.engine.gregor.mutators.VoidMethodCallMutator,toJson,1168,NO_COVERAGE,none
Schema.java,org.apache.avro.Schema$EnumSchema,org.pitest.mutationtest.engine.gregor.mutators.VoidMethodCallMutator,toJson,1170,NO_COVERAGE,none
Schema.java,org.apache.avro.Schema$EnumSchema,org.pitest.mutationtest.engine.gregor.mutators.VoidMethodCallMutator,toJson,1171,NO_COVERAGE,none
Schema.java,org.apache.avro.Schema$EnumSchema,org.pitest.mutationtest.engine.gregor.mutators.VoidMethodCallMutator,toJson,1172,NO_COVERAGE,none
Schema.java,org.apache.avro.Schema$EnumSchema,org.pitest.mutationtest.engine.gregor.mutators.VoidMethodCallMutator,toJson,1173,NO_COVERAGE,none
Schema.java,org.apache.avro.Schema$Name,org.pitest.mutationtest.engine.gregor.mutators.ConditionalsBoundaryMutator,<init>,741,SURVIVED,none
Schema.java,org.apache.avro.Schema$Name,org.pitest.mutationtest.engine.gregor.mutators.MathMutator,<init>,745,KILLED,org.apache.avro.ISW2SchemaC3LLMTest.applyAliasesRewritesRecordAndFieldNamesFromReaderAliases(org.apache.avro.ISW2SchemaC3LLMTest)
Schema.java,org.apache.avro.Schema$Name,org.pitest.mutationtest.engine.gregor.mutators.NegateConditionalsMutator,<init>,736,KILLED,org.apache.avro.ISW2SchemaC3LLMTest.namedFixedSchemaExposesIdentityDocumentationAliasesAndSize(org.apache.avro.ISW2SchemaC3LLMTest)
Schema.java,org.apache.avro.Schema$Name,org.pitest.mutationtest.engine.gregor.mutators.NegateConditionalsMutator,<init>,741,KILLED,org.apache.avro.ISW2SchemaC3LLMTest.enumRejectsDuplicateSymbolsAndUnknownDefault(org.apache.avro.ISW2SchemaC3LLMTest)
Schema.java,org.apache.avro.Schema$Name,org.pitest.mutationtest.engine.gregor.mutators.NegateConditionalsMutator,<init>,747,KILLED,org.apache.avro.ISW2SchemaC3LLMTest.namedFixedSchemaExposesIdentityDocumentationAliasesAndSize(org.apache.avro.ISW2SchemaC3LLMTest)
Schema.java,org.apache.avro.Schema$Name,org.pitest.mutationtest.engine.gregor.mutators.NegateConditionalsMutator,<init>,750,KILLED,org.apache.avro.ISW2SchemaC3LLMTest.namedFixedSchemaExposesIdentityDocumentationAliasesAndSize(org.apache.avro.ISW2SchemaC3LLMTest)
Schema.java,org.apache.avro.Schema$Name,org.pitest.mutationtest.engine.gregor.mutators.NegateConditionalsMutator,equals,755,SURVIVED,none
Schema.java,org.apache.avro.Schema$Name,org.pitest.mutationtest.engine.gregor.mutators.NegateConditionalsMutator,equals,757,KILLED,org.apache.avro.ISW2SchemaC3LLMTest.jsonRenderingRoundTripsRepresentativeSchema(org.apache.avro.ISW2SchemaC3LLMTest)
Schema.java,org.apache.avro.Schema$Name,org.pitest.mutationtest.engine.gregor.mutators.returns.BooleanFalseReturnValsMutator,equals,756,NO_COVERAGE,none
Schema.java,org.apache.avro.Schema$Name,org.pitest.mutationtest.engine.gregor.mutators.returns.BooleanFalseReturnValsMutator,equals,760,KILLED,org.apache.avro.ISW2SchemaC3LLMTest.jsonRenderingRoundTripsRepresentativeSchema(org.apache.avro.ISW2SchemaC3LLMTest)
Schema.java,org.apache.avro.Schema$Name,org.pitest.mutationtest.engine.gregor.mutators.returns.BooleanTrueReturnValsMutator,equals,758,NO_COVERAGE,none
Schema.java,org.apache.avro.Schema$Name,org.pitest.mutationtest.engine.gregor.mutators.returns.BooleanTrueReturnValsMutator,equals,760,SURVIVED,none
Schema.java,org.apache.avro.Schema$Name,org.pitest.mutationtest.engine.gregor.mutators.NegateConditionalsMutator,getQualified,785,NO_COVERAGE,none
Schema.java,org.apache.avro.Schema$Name,org.pitest.mutationtest.engine.gregor.mutators.returns.EmptyObjectReturnValsMutator,getQualified,785,NO_COVERAGE,none
Schema.java,org.apache.avro.Schema$Name,org.pitest.mutationtest.engine.gregor.mutators.NegateConditionalsMutator,hashCode,765,SURVIVED,none
Schema.java,org.apache.avro.Schema$Name,org.pitest.mutationtest.engine.gregor.mutators.returns.PrimitiveReturnsMutator,hashCode,765,SURVIVED,none
Schema.java,org.apache.avro.Schema$Name,org.pitest.mutationtest.engine.gregor.mutators.NegateConditionalsMutator,shouldWriteFull,797,NO_COVERAGE,none
Schema.java,org.apache.avro.Schema$Name,org.pitest.mutationtest.engine.gregor.mutators.NegateConditionalsMutator,shouldWriteFull,797,NO_COVERAGE,none
Schema.java,org.apache.avro.Schema$Name,org.pitest.mutationtest.engine.gregor.mutators.NegateConditionalsMutator,shouldWriteFull,799,NO_COVERAGE,none
Schema.java,org.apache.avro.Schema$Name,org.pitest.mutationtest.engine.gregor.mutators.returns.BooleanFalseReturnValsMutator,shouldWriteFull,801,NO_COVERAGE,none
Schema.java,org.apache.avro.Schema$Name,org.pitest.mutationtest.engine.gregor.mutators.returns.BooleanFalseReturnValsMutator,shouldWriteFull,808,NO_COVERAGE,none
Schema.java,org.apache.avro.Schema$Name,org.pitest.mutationtest.engine.gregor.mutators.returns.BooleanTrueReturnValsMutator,shouldWriteFull,805,NO_COVERAGE,none
Schema.java,org.apache.avro.Schema$Name,org.pitest.mutationtest.engine.gregor.mutators.returns.EmptyObjectReturnValsMutator,toString,770,SURVIVED,none
Schema.java,org.apache.avro.Schema$Name,org.pitest.mutationtest.engine.gregor.mutators.NegateConditionalsMutator,writeName,774,KILLED,org.apache.avro.ISW2SchemaC3LLMTest.jsonRenderingRoundTripsRepresentativeSchema(org.apache.avro.ISW2SchemaC3LLMTest)
Schema.java,org.apache.avro.Schema$Name,org.pitest.mutationtest.engine.gregor.mutators.NegateConditionalsMutator,writeName,776,KILLED,org.apache.avro.ISW2SchemaC3LLMTest.jsonRenderingRoundTripsRepresentativeSchema(org.apache.avro.ISW2SchemaC3LLMTest)
Schema.java,org.apache.avro.Schema$Name,org.pitest.mutationtest.engine.gregor.mutators.NegateConditionalsMutator,writeName,777,KILLED,org.apache.avro.ISW2SchemaC3LLMTest.jsonRenderingRoundTripsRepresentativeSchema(org.apache.avro.ISW2SchemaC3LLMTest)
Schema.java,org.apache.avro.Schema$Name,org.pitest.mutationtest.engine.gregor.mutators.NegateConditionalsMutator,writeName,779,NO_COVERAGE,none
Schema.java,org.apache.avro.Schema$Name,org.pitest.mutationtest.engine.gregor.mutators.VoidMethodCallMutator,writeName,775,KILLED,org.apache.avro.ISW2SchemaC3LLMTest.jsonRenderingRoundTripsRepresentativeSchema(org.apache.avro.ISW2SchemaC3LLMTest)
Schema.java,org.apache.avro.Schema$Name,org.pitest.mutationtest.engine.gregor.mutators.VoidMethodCallMutator,writeName,778,KILLED,org.apache.avro.ISW2SchemaC3LLMTest.jsonRenderingRoundTripsRepresentativeSchema(org.apache.avro.ISW2SchemaC3LLMTest)
Schema.java,org.apache.avro.Schema$Name,org.pitest.mutationtest.engine.gregor.mutators.VoidMethodCallMutator,writeName,780,NO_COVERAGE,none
Schema.java,org.apache.avro.Schema$NamedSchema,org.pitest.mutationtest.engine.gregor.mutators.NegateConditionalsMutator,<init>,822,KILLED,org.apache.avro.ISW2SchemaC3LLMTest.enumRejectsDuplicateSymbolsAndUnknownDefault(org.apache.avro.ISW2SchemaC3LLMTest)
Schema.java,org.apache.avro.Schema$NamedSchema,org.pitest.mutationtest.engine.gregor.mutators.VoidMethodCallMutator,addAlias,849,KILLED,org.apache.avro.ISW2SchemaC3LLMTest.namedFixedSchemaExposesIdentityDocumentationAliasesAndSize(org.apache.avro.ISW2SchemaC3LLMTest)
Schema.java,org.apache.avro.Schema$NamedSchema,org.pitest.mutationtest.engine.gregor.mutators.NegateConditionalsMutator,addAlias,854,KILLED,org.apache.avro.ISW2SchemaC3LLMTest.namedFixedSchemaExposesIdentityDocumentationAliasesAndSize(org.apache.avro.ISW2SchemaC3LLMTest)
Schema.java,org.apache.avro.Schema$NamedSchema,org.pitest.mutationtest.engine.gregor.mutators.NegateConditionalsMutator,addAlias,856,KILLED,org.apache.avro.ISW2SchemaC3LLMTest.namedFixedSchemaExposesIdentityDocumentationAliasesAndSize(org.apache.avro.ISW2SchemaC3LLMTest)
Schema.java,org.apache.avro.Schema$NamedSchema,org.pitest.mutationtest.engine.gregor.mutators.NegateConditionalsMutator,aliasesToJson,895,KILLED,org.apache.avro.ISW2SchemaC3LLMTest.jsonRenderingRoundTripsRepresentativeSchema(org.apache.avro.ISW2SchemaC3LLMTest)
Schema.java,org.apache.avro.Schema$NamedSchema,org.pitest.mutationtest.engine.gregor.mutators.NegateConditionalsMutator,aliasesToJson,895,NO_COVERAGE,none
Schema.java,org.apache.avro.Schema$NamedSchema,org.pitest.mutationtest.engine.gregor.mutators.VoidMethodCallMutator,aliasesToJson,897,NO_COVERAGE,none
Schema.java,org.apache.avro.Schema$NamedSchema,org.pitest.mutationtest.engine.gregor.mutators.VoidMethodCallMutator,aliasesToJson,898,NO_COVERAGE,none
Schema.java,org.apache.avro.Schema$NamedSchema,org.pitest.mutationtest.engine.gregor.mutators.VoidMethodCallMutator,aliasesToJson,900,NO_COVERAGE,none
Schema.java,org.apache.avro.Schema$NamedSchema,org.pitest.mutationtest.engine.gregor.mutators.VoidMethodCallMutator,aliasesToJson,901,NO_COVERAGE,none
Schema.java,org.apache.avro.Schema$NamedSchema,org.pitest.mutationtest.engine.gregor.mutators.MathMutator,computeHash,891,NO_COVERAGE,none
Schema.java,org.apache.avro.Schema$NamedSchema,org.pitest.mutationtest.engine.gregor.mutators.returns.PrimitiveReturnsMutator,computeHash,891,NO_COVERAGE,none
Schema.java,org.apache.avro.Schema$NamedSchema,org.pitest.mutationtest.engine.gregor.mutators.returns.BooleanFalseReturnValsMutator,equalNames,886,KILLED,org.apache.avro.ISW2SchemaC3LLMTest.jsonRenderingRoundTripsRepresentativeSchema(org.apache.avro.ISW2SchemaC3LLMTest)
Schema.java,org.apache.avro.Schema$NamedSchema,org.pitest.mutationtest.engine.gregor.mutators.returns.BooleanTrueReturnValsMutator,equalNames,886,SURVIVED,none
Schema.java,org.apache.avro.Schema$NamedSchema,org.pitest.mutationtest.engine.gregor.mutators.NegateConditionalsMutator,getAliases,864,KILLED,org.apache.avro.ISW2SchemaC3LLMTest.namedFixedSchemaExposesIdentityDocumentationAliasesAndSize(org.apache.avro.ISW2SchemaC3LLMTest)
Schema.java,org.apache.avro.Schema$NamedSchema,org.pitest.mutationtest.engine.gregor.mutators.NegateConditionalsMutator,getAliases,866,KILLED,org.apache.avro.ISW2SchemaC3LLMTest.namedFixedSchemaExposesIdentityDocumentationAliasesAndSize(org.apache.avro.ISW2SchemaC3LLMTest)
Schema.java,org.apache.avro.Schema$NamedSchema,org.pitest.mutationtest.engine.gregor.mutators.NegateConditionalsMutator,getAliases,866,NO_COVERAGE,none
Schema.java,org.apache.avro.Schema$NamedSchema,org.pitest.mutationtest.engine.gregor.mutators.returns.EmptyObjectReturnValsMutator,getAliases,870,KILLED,org.apache.avro.ISW2SchemaC3LLMTest.namedFixedSchemaExposesIdentityDocumentationAliasesAndSize(org.apache.avro.ISW2SchemaC3LLMTest)
Schema.java,org.apache.avro.Schema$NamedSchema,org.pitest.mutationtest.engine.gregor.mutators.returns.EmptyObjectReturnValsMutator,getDoc,834,KILLED,org.apache.avro.ISW2SchemaC3LLMTest.namedFixedSchemaExposesIdentityDocumentationAliasesAndSize(org.apache.avro.ISW2SchemaC3LLMTest)
Schema.java,org.apache.avro.Schema$NamedSchema,org.pitest.mutationtest.engine.gregor.mutators.returns.EmptyObjectReturnValsMutator,getFullName,844,KILLED,org.apache.avro.ISW2SchemaC3LLMTest.namedFixedSchemaExposesIdentityDocumentationAliasesAndSize(org.apache.avro.ISW2SchemaC3LLMTest)
Schema.java,org.apache.avro.Schema$NamedSchema,org.pitest.mutationtest.engine.gregor.mutators.returns.EmptyObjectReturnValsMutator,getName,829,KILLED,org.apache.avro.ISW2SchemaC3LLMTest.namedFixedSchemaExposesIdentityDocumentationAliasesAndSize(org.apache.avro.ISW2SchemaC3LLMTest)
Schema.java,org.apache.avro.Schema$NamedSchema,org.pitest.mutationtest.engine.gregor.mutators.returns.EmptyObjectReturnValsMutator,getNamespace,839,KILLED,org.apache.avro.ISW2SchemaC3LLMTest.namedFixedSchemaExposesIdentityDocumentationAliasesAndSize(org.apache.avro.ISW2SchemaC3LLMTest)
Schema.java,org.apache.avro.Schema$NamedSchema,org.pitest.mutationtest.engine.gregor.mutators.VoidMethodCallMutator,writeName,882,KILLED,org.apache.avro.ISW2SchemaC3LLMTest.jsonRenderingRoundTripsRepresentativeSchema(org.apache.avro.ISW2SchemaC3LLMTest)
Schema.java,org.apache.avro.Schema$NamedSchema,org.pitest.mutationtest.engine.gregor.mutators.NegateConditionalsMutator,writeNameRef,874,SURVIVED,none
Schema.java,org.apache.avro.Schema$NamedSchema,org.pitest.mutationtest.engine.gregor.mutators.NegateConditionalsMutator,writeNameRef,874,KILLED,org.apache.avro.ISW2SchemaC3LLMTest.jsonRenderingRoundTripsRepresentativeSchema(org.apache.avro.ISW2SchemaC3LLMTest)
Schema.java,org.apache.avro.Schema$NamedSchema,org.pitest.mutationtest.engine.gregor.mutators.VoidMethodCallMutator,writeNameRef,875,NO_COVERAGE,none
Schema.java,org.apache.avro.Schema$NamedSchema,org.pitest.mutationtest.engine.gregor.mutators.returns.BooleanFalseReturnValsMutator,writeNameRef,876,NO_COVERAGE,none
Schema.java,org.apache.avro.Schema$NamedSchema,org.pitest.mutationtest.engine.gregor.mutators.returns.BooleanTrueReturnValsMutator,writeNameRef,878,KILLED,org.apache.avro.ISW2SchemaC3LLMTest.jsonRenderingRoundTripsRepresentativeSchema(org.apache.avro.ISW2SchemaC3LLMTest)
Schema.java,org.apache.avro.Schema$Parser,org.pitest.mutationtest.engine.gregor.mutators.NegateConditionalsMutator,<init>,1448,SURVIVED,none
Schema.java,org.apache.avro.Schema$Parser,org.pitest.mutationtest.engine.gregor.mutators.VoidMethodCallMutator,addTypes,1474,NO_COVERAGE,none
Schema.java,org.apache.avro.Schema$Parser,org.pitest.mutationtest.engine.gregor.mutators.returns.NullReturnValsMutator,addTypes,1475,NO_COVERAGE,none
Schema.java,org.apache.avro.Schema$Parser,org.pitest.mutationtest.engine.gregor.mutators.returns.NullReturnValsMutator,addTypes,1465,NO_COVERAGE,none
Schema.java,org.apache.avro.Schema$Parser,org.pitest.mutationtest.engine.gregor.mutators.returns.EmptyObjectReturnValsMutator,getTypes,1480,KILLED,org.apache.avro.ISW2SchemaC3LLMTest.parserBuildsNamedRecordAndRetainsNamedTypes(org.apache.avro.ISW2SchemaC3LLMTest)
Schema.java,org.apache.avro.Schema$Parser,org.pitest.mutationtest.engine.gregor.mutators.returns.BooleanFalseReturnValsMutator,getValidateDefaults,1491,KILLED,org.apache.avro.ISW2SchemaC3LLMTest.parserDefaultValidationSettingControlsInvalidDefaults(org.apache.avro.ISW2SchemaC3LLMTest)
Schema.java,org.apache.avro.Schema$Parser,org.pitest.mutationtest.engine.gregor.mutators.returns.BooleanTrueReturnValsMutator,getValidateDefaults,1491,KILLED,org.apache.avro.ISW2SchemaC3LLMTest.parserDefaultValidationSettingControlsInvalidDefaults(org.apache.avro.ISW2SchemaC3LLMTest)
Schema.java,org.apache.avro.Schema$Parser,org.pitest.mutationtest.engine.gregor.mutators.NegateConditionalsMutator,parse,1549,SURVIVED,none
Schema.java,org.apache.avro.Schema$Parser,org.pitest.mutationtest.engine.gregor.mutators.NegateConditionalsMutator,parse,1553,KILLED,org.apache.avro.ISW2SchemaC3LLMTest.parserConcatenatesFragmentsAndRejectsDanglingContent(org.apache.avro.ISW2SchemaC3LLMTest)
Schema.java,org.apache.avro.Schema$Parser,org.pitest.mutationtest.engine.gregor.mutators.NegateConditionalsMutator,parse,1557,KILLED,org.apache.avro.ISW2SchemaC3LLMTest.parserConcatenatesFragmentsAndRejectsDanglingContent(org.apache.avro.ISW2SchemaC3LLMTest)
Schema.java,org.apache.avro.Schema$Parser,org.pitest.mutationtest.engine.gregor.mutators.NegateConditionalsMutator,parse,1564,KILLED,org.apache.avro.ISW2SchemaC3LLMTest.parserConcatenatesFragmentsAndRejectsDanglingContent(org.apache.avro.ISW2SchemaC3LLMTest)
Schema.java,org.apache.avro.Schema$Parser,org.pitest.mutationtest.engine.gregor.mutators.VoidMethodCallMutator,parse,1545,SURVIVED,none
Schema.java,org.apache.avro.Schema$Parser,org.pitest.mutationtest.engine.gregor.mutators.VoidMethodCallMutator,parse,1546,KILLED,org.apache.avro.ISW2SchemaC3LLMTest.parserDefaultValidationSettingControlsInvalidDefaults(org.apache.avro.ISW2SchemaC3LLMTest)
Schema.java,org.apache.avro.Schema$Parser,org.pitest.mutationtest.engine.gregor.mutators.VoidMethodCallMutator,parse,1550,KILLED,org.apache.avro.ISW2SchemaC3LLMTest.parserBuildsNamedRecordAndRetainsNamedTypes(org.apache.avro.ISW2SchemaC3LLMTest)
Schema.java,org.apache.avro.Schema$Parser,org.pitest.mutationtest.engine.gregor.mutators.VoidMethodCallMutator,parse,1572,SURVIVED,none
Schema.java,org.apache.avro.Schema$Parser,org.pitest.mutationtest.engine.gregor.mutators.VoidMethodCallMutator,parse,1573,SURVIVED,none
Schema.java,org.apache.avro.Schema$Parser,org.pitest.mutationtest.engine.gregor.mutators.VoidMethodCallMutator,parse,1574,SURVIVED,none
Schema.java,org.apache.avro.Schema$Parser,org.pitest.mutationtest.engine.gregor.mutators.returns.NullReturnValsMutator,parse,1568,KILLED,org.apache.avro.ISW2SchemaC3LLMTest.parserLeavesInputStreamOpen(org.apache.avro.ISW2SchemaC3LLMTest)
Schema.java,org.apache.avro.Schema$Parser,org.pitest.mutationtest.engine.gregor.mutators.returns.NullReturnValsMutator,parse,1499,NO_COVERAGE,none
Schema.java,org.apache.avro.Schema$Parser,org.pitest.mutationtest.engine.gregor.mutators.returns.NullReturnValsMutator,parse,1508,KILLED,org.apache.avro.ISW2SchemaC3LLMTest.parserLeavesInputStreamOpen(org.apache.avro.ISW2SchemaC3LLMTest)
Schema.java,org.apache.avro.Schema$Parser,org.pitest.mutationtest.engine.gregor.mutators.returns.NullReturnValsMutator,parse,1525,KILLED,org.apache.avro.ISW2SchemaC3LLMTest.parserConcatenatesFragmentsAndRejectsDanglingContent(org.apache.avro.ISW2SchemaC3LLMTest)
Schema.java,org.apache.avro.Schema$Parser,org.pitest.mutationtest.engine.gregor.mutators.returns.NullReturnValsMutator,parse,1516,KILLED,org.apache.avro.ISW2SchemaC3LLMTest.parserConcatenatesFragmentsAndRejectsDanglingContent(org.apache.avro.ISW2SchemaC3LLMTest)
Schema.java,org.apache.avro.Schema$Parser,org.pitest.mutationtest.engine.gregor.mutators.returns.NullReturnValsMutator,parseInternal,1533,NO_COVERAGE,none
Schema.java,org.apache.avro.Schema$Parser,org.pitest.mutationtest.engine.gregor.mutators.returns.NullReturnValsMutator,setValidateDefaults,1486,KILLED,org.apache.avro.ISW2SchemaC3LLMTest.parserDefaultValidationSettingControlsInvalidDefaults(org.apache.avro.ISW2SchemaC3LLMTest)
Schema.java,org.apache.avro.Schema$UnionSchema,org.pitest.mutationtest.engine.gregor.mutators.IncrementsMutator,<init>,1274,KILLED,org.apache.avro.ISW2SchemaC3LLMTest.unionPreservesBranchOrderAndSupportsNameLookup(org.apache.avro.ISW2SchemaC3LLMTest)
Schema.java,org.apache.avro.Schema$UnionSchema,org.pitest.mutationtest.engine.gregor.mutators.NegateConditionalsMutator,<init>,1267,KILLED,org.apache.avro.ISW2SchemaC3LLMTest.unionRejectsProperties(org.apache.avro.ISW2SchemaC3LLMTest)
Schema.java,org.apache.avro.Schema$UnionSchema,org.pitest.mutationtest.engine.gregor.mutators.NegateConditionalsMutator,<init>,1271,KILLED,org.apache.avro.ISW2SchemaC3LLMTest.unionRejectsProperties(org.apache.avro.ISW2SchemaC3LLMTest)
Schema.java,org.apache.avro.Schema$UnionSchema,org.pitest.mutationtest.engine.gregor.mutators.NegateConditionalsMutator,<init>,1274,KILLED,org.apache.avro.ISW2SchemaC3LLMTest.unionRejectsProperties(org.apache.avro.ISW2SchemaC3LLMTest)
Schema.java,org.apache.avro.Schema$UnionSchema,org.pitest.mutationtest.engine.gregor.mutators.MathMutator,computeHash,1314,NO_COVERAGE,none
Schema.java,org.apache.avro.Schema$UnionSchema,org.pitest.mutationtest.engine.gregor.mutators.returns.PrimitiveReturnsMutator,computeHash,1315,NO_COVERAGE,none
Schema.java,org.apache.avro.Schema$UnionSchema,org.pitest.mutationtest.engine.gregor.mutators.NegateConditionalsMutator,equals,1302,NO_COVERAGE,none
Schema.java,org.apache.avro.Schema$UnionSchema,org.pitest.mutationtest.engine.gregor.mutators.NegateConditionalsMutator,equals,1304,NO_COVERAGE,none
Schema.java,org.apache.avro.Schema$UnionSchema,org.pitest.mutationtest.engine.gregor.mutators.NegateConditionalsMutator,equals,1307,NO_COVERAGE,none
Schema.java,org.apache.avro.Schema$UnionSchema,org.pitest.mutationtest.engine.gregor.mutators.NegateConditionalsMutator,equals,1307,NO_COVERAGE,none
Schema.java,org.apache.avro.Schema$UnionSchema,org.pitest.mutationtest.engine.gregor.mutators.NegateConditionalsMutator,equals,1307,NO_COVERAGE,none
Schema.java,org.apache.avro.Schema$UnionSchema,org.pitest.mutationtest.engine.gregor.mutators.returns.BooleanFalseReturnValsMutator,equals,1303,NO_COVERAGE,none
Schema.java,org.apache.avro.Schema$UnionSchema,org.pitest.mutationtest.engine.gregor.mutators.returns.BooleanTrueReturnValsMutator,equals,1305,NO_COVERAGE,none
Schema.java,org.apache.avro.Schema$UnionSchema,org.pitest.mutationtest.engine.gregor.mutators.returns.BooleanTrueReturnValsMutator,equals,1307,NO_COVERAGE,none
Schema.java,org.apache.avro.Schema$UnionSchema,org.pitest.mutationtest.engine.gregor.mutators.returns.EmptyObjectReturnValsMutator,getIndexNamed,1297,KILLED,org.apache.avro.ISW2SchemaC3LLMTest.unionPreservesBranchOrderAndSupportsNameLookup(org.apache.avro.ISW2SchemaC3LLMTest)
Schema.java,org.apache.avro.Schema$UnionSchema,org.pitest.mutationtest.engine.gregor.mutators.returns.EmptyObjectReturnValsMutator,getName,1334,NO_COVERAGE,none
Schema.java,org.apache.avro.Schema$UnionSchema,org.pitest.mutationtest.engine.gregor.mutators.returns.EmptyObjectReturnValsMutator,getTypes,1292,KILLED,org.apache.avro.ISW2SchemaC3LLMTest.unionPreservesBranchOrderAndSupportsNameLookup(org.apache.avro.ISW2SchemaC3LLMTest)
Schema.java,org.apache.avro.Schema$UnionSchema,org.pitest.mutationtest.engine.gregor.mutators.returns.BooleanFalseReturnValsMutator,isValidDefault,1287,KILLED,org.apache.avro.ISW2SchemaC3LLMTest.fieldDistinguishesAbsentDefaultFromExplicitNullDefault(org.apache.avro.ISW2SchemaC3LLMTest)
Schema.java,org.apache.avro.Schema$UnionSchema,org.pitest.mutationtest.engine.gregor.mutators.returns.BooleanTrueReturnValsMutator,isValidDefault,1287,SURVIVED,none
Schema.java,org.apache.avro.Schema$UnionSchema,org.pitest.mutationtest.engine.gregor.mutators.returns.BooleanFalseReturnValsMutator,lambda$isValidDefault$0,1287,KILLED,org.apache.avro.ISW2SchemaC3LLMTest.fieldDistinguishesAbsentDefaultFromExplicitNullDefault(org.apache.avro.ISW2SchemaC3LLMTest)
Schema.java,org.apache.avro.Schema$UnionSchema,org.pitest.mutationtest.engine.gregor.mutators.returns.BooleanTrueReturnValsMutator,lambda$isValidDefault$0,1287,SURVIVED,none
Schema.java,org.apache.avro.Schema$UnionSchema,org.pitest.mutationtest.engine.gregor.mutators.VoidMethodCallMutator,toJson,1326,KILLED,org.apache.avro.ISW2SchemaC3LLMTest.unionRejectsProperties(org.apache.avro.ISW2SchemaC3LLMTest)
Schema.java,org.apache.avro.Schema$UnionSchema,org.pitest.mutationtest.engine.gregor.mutators.VoidMethodCallMutator,toJson,1328,SURVIVED,none
Schema.java,org.apache.avro.Schema$UnionSchema,org.pitest.mutationtest.engine.gregor.mutators.VoidMethodCallMutator,toJson,1329,SURVIVED,none
Schema.java,org.apache.avro.Schema$LockableArrayList,org.pitest.mutationtest.engine.gregor.mutators.VoidMethodCallMutator,add,2251,SURVIVED,none
Schema.java,org.apache.avro.Schema$LockableArrayList,org.pitest.mutationtest.engine.gregor.mutators.returns.BooleanFalseReturnValsMutator,add,2252,SURVIVED,none
Schema.java,org.apache.avro.Schema$LockableArrayList,org.pitest.mutationtest.engine.gregor.mutators.returns.BooleanTrueReturnValsMutator,add,2252,SURVIVED,none
Schema.java,org.apache.avro.Schema$LockableArrayList,org.pitest.mutationtest.engine.gregor.mutators.VoidMethodCallMutator,addAll,2275,NO_COVERAGE,none
Schema.java,org.apache.avro.Schema$LockableArrayList,org.pitest.mutationtest.engine.gregor.mutators.returns.BooleanFalseReturnValsMutator,addAll,2276,NO_COVERAGE,none
Schema.java,org.apache.avro.Schema$LockableArrayList,org.pitest.mutationtest.engine.gregor.mutators.returns.BooleanTrueReturnValsMutator,addAll,2276,NO_COVERAGE,none
Schema.java,org.apache.avro.Schema$LockableArrayList,org.pitest.mutationtest.engine.gregor.mutators.VoidMethodCallMutator,addAll,2269,NO_COVERAGE,none
Schema.java,org.apache.avro.Schema$LockableArrayList,org.pitest.mutationtest.engine.gregor.mutators.returns.BooleanFalseReturnValsMutator,addAll,2270,NO_COVERAGE,none
Schema.java,org.apache.avro.Schema$LockableArrayList,org.pitest.mutationtest.engine.gregor.mutators.returns.BooleanTrueReturnValsMutator,addAll,2270,NO_COVERAGE,none
Schema.java,org.apache.avro.Schema$LockableArrayList,org.pitest.mutationtest.engine.gregor.mutators.VoidMethodCallMutator,clear,2293,NO_COVERAGE,none
Schema.java,org.apache.avro.Schema$LockableArrayList,org.pitest.mutationtest.engine.gregor.mutators.VoidMethodCallMutator,clear,2294,NO_COVERAGE,none
Schema.java,org.apache.avro.Schema$LockableArrayList,org.pitest.mutationtest.engine.gregor.mutators.NegateConditionalsMutator,ensureUnlocked,2244,KILLED,org.apache.avro.ISW2SchemaC3LLMTest.unionRejectsProperties(org.apache.avro.ISW2SchemaC3LLMTest)
Schema.java,org.apache.avro.Schema$LockableArrayList,org.pitest.mutationtest.engine.gregor.mutators.returns.EmptyObjectReturnValsMutator,lock,2240,KILLED,org.apache.avro.ISW2SchemaC3LLMTest.enumExposesSymbolsOrdinalsMembershipAndDefault(org.apache.avro.ISW2SchemaC3LLMTest)
Schema.java,org.apache.avro.Schema$LockableArrayList,org.pitest.mutationtest.engine.gregor.mutators.VoidMethodCallMutator,remove,2263,NO_COVERAGE,none
Schema.java,org.apache.avro.Schema$LockableArrayList,org.pitest.mutationtest.engine.gregor.mutators.returns.NullReturnValsMutator,remove,2264,NO_COVERAGE,none
Schema.java,org.apache.avro.Schema$LockableArrayList,org.pitest.mutationtest.engine.gregor.mutators.VoidMethodCallMutator,remove,2257,NO_COVERAGE,none
Schema.java,org.apache.avro.Schema$LockableArrayList,org.pitest.mutationtest.engine.gregor.mutators.returns.BooleanFalseReturnValsMutator,remove,2258,NO_COVERAGE,none
Schema.java,org.apache.avro.Schema$LockableArrayList,org.pitest.mutationtest.engine.gregor.mutators.returns.BooleanTrueReturnValsMutator,remove,2258,NO_COVERAGE,none
Schema.java,org.apache.avro.Schema$LockableArrayList,org.pitest.mutationtest.engine.gregor.mutators.VoidMethodCallMutator,removeAll,2281,NO_COVERAGE,none
Schema.java,org.apache.avro.Schema$LockableArrayList,org.pitest.mutationtest.engine.gregor.mutators.returns.BooleanFalseReturnValsMutator,removeAll,2282,NO_COVERAGE,none
Schema.java,org.apache.avro.Schema$LockableArrayList,org.pitest.mutationtest.engine.gregor.mutators.returns.BooleanTrueReturnValsMutator,removeAll,2282,NO_COVERAGE,none
Schema.java,org.apache.avro.Schema$LockableArrayList,org.pitest.mutationtest.engine.gregor.mutators.VoidMethodCallMutator,retainAll,2287,NO_COVERAGE,none
Schema.java,org.apache.avro.Schema$LockableArrayList,org.pitest.mutationtest.engine.gregor.mutators.returns.BooleanFalseReturnValsMutator,retainAll,2288,NO_COVERAGE,none
Schema.java,org.apache.avro.Schema$LockableArrayList,org.pitest.mutationtest.engine.gregor.mutators.returns.BooleanTrueReturnValsMutator,retainAll,2288,NO_COVERAGE,none
Schema.java,org.apache.avro.Schema$FixedSchema,org.pitest.mutationtest.engine.gregor.mutators.MathMutator,computeHash,1365,NO_COVERAGE,none
Schema.java,org.apache.avro.Schema$FixedSchema,org.pitest.mutationtest.engine.gregor.mutators.returns.PrimitiveReturnsMutator,computeHash,1365,NO_COVERAGE,none
Schema.java,org.apache.avro.Schema$FixedSchema,org.pitest.mutationtest.engine.gregor.mutators.NegateConditionalsMutator,equals,1355,NO_COVERAGE,none
Schema.java,org.apache.avro.Schema$FixedSchema,org.pitest.mutationtest.engine.gregor.mutators.NegateConditionalsMutator,equals,1357,NO_COVERAGE,none
Schema.java,org.apache.avro.Schema$FixedSchema,org.pitest.mutationtest.engine.gregor.mutators.NegateConditionalsMutator,equals,1360,NO_COVERAGE,none
Schema.java,org.apache.avro.Schema$FixedSchema,org.pitest.mutationtest.engine.gregor.mutators.NegateConditionalsMutator,equals,1360,NO_COVERAGE,none
Schema.java,org.apache.avro.Schema$FixedSchema,org.pitest.mutationtest.engine.gregor.mutators.NegateConditionalsMutator,equals,1360,NO_COVERAGE,none
Schema.java,org.apache.avro.Schema$FixedSchema,org.pitest.mutationtest.engine.gregor.mutators.NegateConditionalsMutator,equals,1360,NO_COVERAGE,none
Schema.java,org.apache.avro.Schema$FixedSchema,org.pitest.mutationtest.engine.gregor.mutators.returns.BooleanFalseReturnValsMutator,equals,1356,NO_COVERAGE,none
Schema.java,org.apache.avro.Schema$FixedSchema,org.pitest.mutationtest.engine.gregor.mutators.returns.BooleanTrueReturnValsMutator,equals,1358,NO_COVERAGE,none
Schema.java,org.apache.avro.Schema$FixedSchema,org.pitest.mutationtest.engine.gregor.mutators.returns.BooleanTrueReturnValsMutator,equals,1360,NO_COVERAGE,none
Schema.java,org.apache.avro.Schema$FixedSchema,org.pitest.mutationtest.engine.gregor.mutators.returns.PrimitiveReturnsMutator,getFixedSize,1350,KILLED,org.apache.avro.ISW2SchemaC3LLMTest.namedFixedSchemaExposesIdentityDocumentationAliasesAndSize(org.apache.avro.ISW2SchemaC3LLMTest)
Schema.java,org.apache.avro.Schema$FixedSchema,org.pitest.mutationtest.engine.gregor.mutators.NegateConditionalsMutator,toJson,1371,NO_COVERAGE,none
Schema.java,org.apache.avro.Schema$FixedSchema,org.pitest.mutationtest.engine.gregor.mutators.NegateConditionalsMutator,toJson,1376,NO_COVERAGE,none
Schema.java,org.apache.avro.Schema$FixedSchema,org.pitest.mutationtest.engine.gregor.mutators.VoidMethodCallMutator,toJson,1373,NO_COVERAGE,none
Schema.java,org.apache.avro.Schema$FixedSchema,org.pitest.mutationtest.engine.gregor.mutators.VoidMethodCallMutator,toJson,1374,NO_COVERAGE,none
Schema.java,org.apache.avro.Schema$FixedSchema,org.pitest.mutationtest.engine.gregor.mutators.VoidMethodCallMutator,toJson,1375,NO_COVERAGE,none
Schema.java,org.apache.avro.Schema$FixedSchema,org.pitest.mutationtest.engine.gregor.mutators.VoidMethodCallMutator,toJson,1377,NO_COVERAGE,none
Schema.java,org.apache.avro.Schema$FixedSchema,org.pitest.mutationtest.engine.gregor.mutators.VoidMethodCallMutator,toJson,1378,NO_COVERAGE,none
Schema.java,org.apache.avro.Schema$FixedSchema,org.pitest.mutationtest.engine.gregor.mutators.VoidMethodCallMutator,toJson,1379,NO_COVERAGE,none
Schema.java,org.apache.avro.Schema$FixedSchema,org.pitest.mutationtest.engine.gregor.mutators.VoidMethodCallMutator,toJson,1380,NO_COVERAGE,none
Schema.java,org.apache.avro.Schema$FixedSchema,org.pitest.mutationtest.engine.gregor.mutators.VoidMethodCallMutator,toJson,1381,NO_COVERAGE,none
Schema.java,org.apache.avro.Schema$MapSchema,org.pitest.mutationtest.engine.gregor.mutators.MathMutator,computeHash,1242,NO_COVERAGE,none
Schema.java,org.apache.avro.Schema$MapSchema,org.pitest.mutationtest.engine.gregor.mutators.returns.PrimitiveReturnsMutator,computeHash,1242,NO_COVERAGE,none
Schema.java,org.apache.avro.Schema$MapSchema,org.pitest.mutationtest.engine.gregor.mutators.NegateConditionalsMutator,equals,1232,SURVIVED,none
Schema.java,org.apache.avro.Schema$MapSchema,org.pitest.mutationtest.engine.gregor.mutators.NegateConditionalsMutator,equals,1234,KILLED,org.apache.avro.ISW2SchemaC3LLMTest.jsonRenderingRoundTripsRepresentativeSchema(org.apache.avro.ISW2SchemaC3LLMTest)
Schema.java,org.apache.avro.Schema$MapSchema,org.pitest.mutationtest.engine.gregor.mutators.NegateConditionalsMutator,equals,1237,KILLED,org.apache.avro.ISW2SchemaC3LLMTest.jsonRenderingRoundTripsRepresentativeSchema(org.apache.avro.ISW2SchemaC3LLMTest)
Schema.java,org.apache.avro.Schema$MapSchema,org.pitest.mutationtest.engine.gregor.mutators.NegateConditionalsMutator,equals,1237,KILLED,org.apache.avro.ISW2SchemaC3LLMTest.jsonRenderingRoundTripsRepresentativeSchema(org.apache.avro.ISW2SchemaC3LLMTest)
Schema.java,org.apache.avro.Schema$MapSchema,org.pitest.mutationtest.engine.gregor.mutators.NegateConditionalsMutator,equals,1237,KILLED,org.apache.avro.ISW2SchemaC3LLMTest.jsonRenderingRoundTripsRepresentativeSchema(org.apache.avro.ISW2SchemaC3LLMTest)
Schema.java,org.apache.avro.Schema$MapSchema,org.pitest.mutationtest.engine.gregor.mutators.returns.BooleanFalseReturnValsMutator,equals,1233,NO_COVERAGE,none
Schema.java,org.apache.avro.Schema$MapSchema,org.pitest.mutationtest.engine.gregor.mutators.returns.BooleanTrueReturnValsMutator,equals,1235,NO_COVERAGE,none
Schema.java,org.apache.avro.Schema$MapSchema,org.pitest.mutationtest.engine.gregor.mutators.returns.BooleanTrueReturnValsMutator,equals,1237,SURVIVED,none
Schema.java,org.apache.avro.Schema$MapSchema,org.pitest.mutationtest.engine.gregor.mutators.returns.NullReturnValsMutator,getValueType,1227,KILLED,org.apache.avro.ISW2SchemaC3LLMTest.arrayAndMapExposeTheirComponentSchemas(org.apache.avro.ISW2SchemaC3LLMTest)
Schema.java,org.apache.avro.Schema$MapSchema,org.pitest.mutationtest.engine.gregor.mutators.VoidMethodCallMutator,toJson,1248,KILLED,org.apache.avro.ISW2SchemaC3LLMTest.jsonRenderingRoundTripsRepresentativeSchema(org.apache.avro.ISW2SchemaC3LLMTest)
Schema.java,org.apache.avro.Schema$MapSchema,org.pitest.mutationtest.engine.gregor.mutators.VoidMethodCallMutator,toJson,1249,KILLED,org.apache.avro.ISW2SchemaC3LLMTest.jsonRenderingRoundTripsRepresentativeSchema(org.apache.avro.ISW2SchemaC3LLMTest)
Schema.java,org.apache.avro.Schema$MapSchema,org.pitest.mutationtest.engine.gregor.mutators.VoidMethodCallMutator,toJson,1250,KILLED,org.apache.avro.ISW2SchemaC3LLMTest.jsonRenderingRoundTripsRepresentativeSchema(org.apache.avro.ISW2SchemaC3LLMTest)
Schema.java,org.apache.avro.Schema$MapSchema,org.pitest.mutationtest.engine.gregor.mutators.VoidMethodCallMutator,toJson,1251,KILLED,org.apache.avro.ISW2SchemaC3LLMTest.jsonRenderingRoundTripsRepresentativeSchema(org.apache.avro.ISW2SchemaC3LLMTest)
Schema.java,org.apache.avro.Schema$MapSchema,org.pitest.mutationtest.engine.gregor.mutators.VoidMethodCallMutator,toJson,1252,SURVIVED,none
Schema.java,org.apache.avro.Schema$MapSchema,org.pitest.mutationtest.engine.gregor.mutators.VoidMethodCallMutator,toJson,1253,KILLED,org.apache.avro.ISW2SchemaC3LLMTest.jsonRenderingRoundTripsRepresentativeSchema(org.apache.avro.ISW2SchemaC3LLMTest)
Schema.java,org.apache.avro.Schema$ArraySchema,org.pitest.mutationtest.engine.gregor.mutators.MathMutator,computeHash,1202,NO_COVERAGE,none
Schema.java,org.apache.avro.Schema$ArraySchema,org.pitest.mutationtest.engine.gregor.mutators.returns.PrimitiveReturnsMutator,computeHash,1202,NO_COVERAGE,none
Schema.java,org.apache.avro.Schema$ArraySchema,org.pitest.mutationtest.engine.gregor.mutators.NegateConditionalsMutator,equals,1192,SURVIVED,none
Schema.java,org.apache.avro.Schema$ArraySchema,org.pitest.mutationtest.engine.gregor.mutators.NegateConditionalsMutator,equals,1194,KILLED,org.apache.avro.ISW2SchemaC3LLMTest.jsonRenderingRoundTripsRepresentativeSchema(org.apache.avro.ISW2SchemaC3LLMTest)
Schema.java,org.apache.avro.Schema$ArraySchema,org.pitest.mutationtest.engine.gregor.mutators.NegateConditionalsMutator,equals,1197,KILLED,org.apache.avro.ISW2SchemaC3LLMTest.jsonRenderingRoundTripsRepresentativeSchema(org.apache.avro.ISW2SchemaC3LLMTest)
Schema.java,org.apache.avro.Schema$ArraySchema,org.pitest.mutationtest.engine.gregor.mutators.NegateConditionalsMutator,equals,1197,KILLED,org.apache.avro.ISW2SchemaC3LLMTest.jsonRenderingRoundTripsRepresentativeSchema(org.apache.avro.ISW2SchemaC3LLMTest)
Schema.java,org.apache.avro.Schema$ArraySchema,org.pitest.mutationtest.engine.gregor.mutators.NegateConditionalsMutator,equals,1197,KILLED,org.apache.avro.ISW2SchemaC3LLMTest.jsonRenderingRoundTripsRepresentativeSchema(org.apache.avro.ISW2SchemaC3LLMTest)
Schema.java,org.apache.avro.Schema$ArraySchema,org.pitest.mutationtest.engine.gregor.mutators.returns.BooleanFalseReturnValsMutator,equals,1193,NO_COVERAGE,none
Schema.java,org.apache.avro.Schema$ArraySchema,org.pitest.mutationtest.engine.gregor.mutators.returns.BooleanTrueReturnValsMutator,equals,1195,NO_COVERAGE,none
Schema.java,org.apache.avro.Schema$ArraySchema,org.pitest.mutationtest.engine.gregor.mutators.returns.BooleanTrueReturnValsMutator,equals,1197,SURVIVED,none
Schema.java,org.apache.avro.Schema$ArraySchema,org.pitest.mutationtest.engine.gregor.mutators.returns.NullReturnValsMutator,getElementType,1187,KILLED,org.apache.avro.ISW2SchemaC3LLMTest.arrayAndMapExposeTheirComponentSchemas(org.apache.avro.ISW2SchemaC3LLMTest)
Schema.java,org.apache.avro.Schema$ArraySchema,org.pitest.mutationtest.engine.gregor.mutators.VoidMethodCallMutator,toJson,1208,KILLED,org.apache.avro.ISW2SchemaC3LLMTest.jsonRenderingRoundTripsRepresentativeSchema(org.apache.avro.ISW2SchemaC3LLMTest)
Schema.java,org.apache.avro.Schema$ArraySchema,org.pitest.mutationtest.engine.gregor.mutators.VoidMethodCallMutator,toJson,1209,KILLED,org.apache.avro.ISW2SchemaC3LLMTest.jsonRenderingRoundTripsRepresentativeSchema(org.apache.avro.ISW2SchemaC3LLMTest)
Schema.java,org.apache.avro.Schema$ArraySchema,org.pitest.mutationtest.engine.gregor.mutators.VoidMethodCallMutator,toJson,1210,KILLED,org.apache.avro.ISW2SchemaC3LLMTest.jsonRenderingRoundTripsRepresentativeSchema(org.apache.avro.ISW2SchemaC3LLMTest)
Schema.java,org.apache.avro.Schema$ArraySchema,org.pitest.mutationtest.engine.gregor.mutators.VoidMethodCallMutator,toJson,1211,KILLED,org.apache.avro.ISW2SchemaC3LLMTest.jsonRenderingRoundTripsRepresentativeSchema(org.apache.avro.ISW2SchemaC3LLMTest)
Schema.java,org.apache.avro.Schema$ArraySchema,org.pitest.mutationtest.engine.gregor.mutators.VoidMethodCallMutator,toJson,1212,SURVIVED,none
Schema.java,org.apache.avro.Schema$ArraySchema,org.pitest.mutationtest.engine.gregor.mutators.VoidMethodCallMutator,toJson,1213,KILLED,org.apache.avro.ISW2SchemaC3LLMTest.jsonRenderingRoundTripsRepresentativeSchema(org.apache.avro.ISW2SchemaC3LLMTest)
Schema.java,org.apache.avro.Schema$Names,org.pitest.mutationtest.engine.gregor.mutators.NegateConditionalsMutator,contains,1676,NO_COVERAGE,none
Schema.java,org.apache.avro.Schema$Names,org.pitest.mutationtest.engine.gregor.mutators.returns.BooleanTrueReturnValsMutator,contains,1676,NO_COVERAGE,none
Schema.java,org.apache.avro.Schema$Names,org.pitest.mutationtest.engine.gregor.mutators.NegateConditionalsMutator,get,1664,NO_COVERAGE,none
Schema.java,org.apache.avro.Schema$Names,org.pitest.mutationtest.engine.gregor.mutators.NegateConditionalsMutator,get,1668,NO_COVERAGE,none
Schema.java,org.apache.avro.Schema$Names,org.pitest.mutationtest.engine.gregor.mutators.returns.NullReturnValsMutator,get,1665,NO_COVERAGE,none
Schema.java,org.apache.avro.Schema$Names,org.pitest.mutationtest.engine.gregor.mutators.returns.NullReturnValsMutator,get,1672,NO_COVERAGE,none
Schema.java,org.apache.avro.Schema$Names,org.pitest.mutationtest.engine.gregor.mutators.NegateConditionalsMutator,put,1685,NO_COVERAGE,none
Schema.java,org.apache.avro.Schema$Names,org.pitest.mutationtest.engine.gregor.mutators.NegateConditionalsMutator,put,1687,NO_COVERAGE,none
Schema.java,org.apache.avro.Schema$Names,org.pitest.mutationtest.engine.gregor.mutators.returns.NullReturnValsMutator,put,1690,NO_COVERAGE,none
Schema.java,org.apache.avro.Schema$Names,org.pitest.mutationtest.engine.gregor.mutators.returns.NullReturnValsMutator,put,1693,NO_COVERAGE,none
Schema.java,org.apache.avro.Schema$Names,org.pitest.mutationtest.engine.gregor.mutators.returns.EmptyObjectReturnValsMutator,space,1655,NO_COVERAGE,none
Schema.java,org.apache.avro.Schema$SeenPair,org.pitest.mutationtest.engine.gregor.mutators.NegateConditionalsMutator,equals,920,NO_COVERAGE,none
Schema.java,org.apache.avro.Schema$SeenPair,org.pitest.mutationtest.engine.gregor.mutators.NegateConditionalsMutator,equals,922,NO_COVERAGE,none
Schema.java,org.apache.avro.Schema$SeenPair,org.pitest.mutationtest.engine.gregor.mutators.NegateConditionalsMutator,equals,922,NO_COVERAGE,none
Schema.java,org.apache.avro.Schema$SeenPair,org.pitest.mutationtest.engine.gregor.mutators.returns.BooleanTrueReturnValsMutator,equals,921,NO_COVERAGE,none
Schema.java,org.apache.avro.Schema$SeenPair,org.pitest.mutationtest.engine.gregor.mutators.returns.BooleanTrueReturnValsMutator,equals,922,NO_COVERAGE,none
Schema.java,org.apache.avro.Schema$SeenPair,org.pitest.mutationtest.engine.gregor.mutators.MathMutator,hashCode,927,SURVIVED,none
Schema.java,org.apache.avro.Schema$SeenPair,org.pitest.mutationtest.engine.gregor.mutators.returns.PrimitiveReturnsMutator,hashCode,927,SURVIVED,none
Schema.java,org.apache.avro.Schema$Field$1,org.pitest.mutationtest.engine.gregor.mutators.returns.NullReturnValsMutator,createField,549,NO_COVERAGE,none
Schema.java,org.apache.avro.Schema$Field$1,org.pitest.mutationtest.engine.gregor.mutators.returns.NullReturnValsMutator,createField,555,NO_COVERAGE,none
Schema.java,org.apache.avro.Schema$Field$1,org.pitest.mutationtest.engine.gregor.mutators.returns.NullReturnValsMutator,defaultValue,544,NO_COVERAGE,none
Schema.java,org.apache.avro.Schema$SerializableSchema,org.pitest.mutationtest.engine.gregor.mutators.returns.NullReturnValsMutator,readResolve,116,NO_COVERAGE,none
Schema.java,org.apache.avro.Schema$Type,org.pitest.mutationtest.engine.gregor.mutators.returns.EmptyObjectReturnValsMutator,getName,150,KILLED,org.apache.avro.ISW2SchemaC3LLMTest.primitiveFactoriesExposeTypeNameAndNullability(org.apache.avro.ISW2SchemaC3LLMTest)
