Schema.java,org.apache.avro.Schema,org.pitest.mutationtest.engine.gregor.mutators.NegateConditionalsMutator,<init>,158,SURVIVED,none
Schema.java,org.apache.avro.Schema,org.pitest.mutationtest.engine.gregor.mutators.VoidMethodCallMutator,addProp,204,NO_COVERAGE,none
Schema.java,org.apache.avro.Schema,org.pitest.mutationtest.engine.gregor.mutators.VoidMethodCallMutator,addProp,198,KILLED,org.apache.avro.ISW2SchemaC1ESTest.schema_ESTest_test019(org.apache.avro.ISW2SchemaC1ESTest)
Schema.java,org.apache.avro.Schema,org.pitest.mutationtest.engine.gregor.mutators.NegateConditionalsMutator,applyAliases,2097,KILLED,org.apache.avro.ISW2SchemaC1ESTest.schema_ESTest_test022(org.apache.avro.ISW2SchemaC1ESTest)
Schema.java,org.apache.avro.Schema,org.pitest.mutationtest.engine.gregor.mutators.NegateConditionalsMutator,applyAliases,2101,KILLED,org.apache.avro.ISW2SchemaC1ESTest.schema_ESTest_test022(org.apache.avro.ISW2SchemaC1ESTest)
Schema.java,org.apache.avro.Schema,org.pitest.mutationtest.engine.gregor.mutators.NegateConditionalsMutator,applyAliases,2103,SURVIVED,none
Schema.java,org.apache.avro.Schema,org.pitest.mutationtest.engine.gregor.mutators.NegateConditionalsMutator,applyAliases,2118,NO_COVERAGE,none
Schema.java,org.apache.avro.Schema,org.pitest.mutationtest.engine.gregor.mutators.NegateConditionalsMutator,applyAliases,2123,KILLED,org.apache.avro.ISW2SchemaC1ESTest.schema_ESTest_test022(org.apache.avro.ISW2SchemaC1ESTest)
Schema.java,org.apache.avro.Schema,org.pitest.mutationtest.engine.gregor.mutators.NegateConditionalsMutator,applyAliases,2128,NO_COVERAGE,none
Schema.java,org.apache.avro.Schema,org.pitest.mutationtest.engine.gregor.mutators.NegateConditionalsMutator,applyAliases,2138,NO_COVERAGE,none
Schema.java,org.apache.avro.Schema,org.pitest.mutationtest.engine.gregor.mutators.NegateConditionalsMutator,applyAliases,2144,SURVIVED,none
Schema.java,org.apache.avro.Schema,org.pitest.mutationtest.engine.gregor.mutators.VoidMethodCallMutator,applyAliases,2112,NO_COVERAGE,none
Schema.java,org.apache.avro.Schema,org.pitest.mutationtest.engine.gregor.mutators.VoidMethodCallMutator,applyAliases,2115,KILLED,org.apache.avro.ISW2SchemaC1ESTest.schema_ESTest_test022(org.apache.avro.ISW2SchemaC1ESTest)
Schema.java,org.apache.avro.Schema,org.pitest.mutationtest.engine.gregor.mutators.VoidMethodCallMutator,applyAliases,2145,NO_COVERAGE,none
Schema.java,org.apache.avro.Schema,org.pitest.mutationtest.engine.gregor.mutators.returns.NullReturnValsMutator,applyAliases,2102,NO_COVERAGE,none
Schema.java,org.apache.avro.Schema,org.pitest.mutationtest.engine.gregor.mutators.returns.NullReturnValsMutator,applyAliases,2146,KILLED,org.apache.avro.ISW2SchemaC1ESTest.schema_ESTest_test022(org.apache.avro.ISW2SchemaC1ESTest)
Schema.java,org.apache.avro.Schema,org.pitest.mutationtest.engine.gregor.mutators.NegateConditionalsMutator,applyAliases,2077,KILLED,org.apache.avro.ISW2SchemaC1ESTest.schema_ESTest_test017(org.apache.avro.ISW2SchemaC1ESTest)
Schema.java,org.apache.avro.Schema,org.pitest.mutationtest.engine.gregor.mutators.NegateConditionalsMutator,applyAliases,2086,KILLED,org.apache.avro.ISW2SchemaC1ESTest.schema_ESTest_test013(org.apache.avro.ISW2SchemaC1ESTest)
Schema.java,org.apache.avro.Schema,org.pitest.mutationtest.engine.gregor.mutators.NegateConditionalsMutator,applyAliases,2086,KILLED,org.apache.avro.ISW2SchemaC1ESTest.schema_ESTest_test013(org.apache.avro.ISW2SchemaC1ESTest)
Schema.java,org.apache.avro.Schema,org.pitest.mutationtest.engine.gregor.mutators.VoidMethodCallMutator,applyAliases,2084,SURVIVED,none
Schema.java,org.apache.avro.Schema,org.pitest.mutationtest.engine.gregor.mutators.VoidMethodCallMutator,applyAliases,2089,SURVIVED,none
Schema.java,org.apache.avro.Schema,org.pitest.mutationtest.engine.gregor.mutators.returns.NullReturnValsMutator,applyAliases,2078,KILLED,org.apache.avro.ISW2SchemaC1ESTest.schema_ESTest_test045(org.apache.avro.ISW2SchemaC1ESTest)
Schema.java,org.apache.avro.Schema,org.pitest.mutationtest.engine.gregor.mutators.returns.NullReturnValsMutator,applyAliases,2087,KILLED,org.apache.avro.ISW2SchemaC1ESTest.schema_ESTest_test018(org.apache.avro.ISW2SchemaC1ESTest)
Schema.java,org.apache.avro.Schema,org.pitest.mutationtest.engine.gregor.mutators.returns.NullReturnValsMutator,applyAliases,2090,KILLED,org.apache.avro.ISW2SchemaC1ESTest.schema_ESTest_test022(org.apache.avro.ISW2SchemaC1ESTest)
Schema.java,org.apache.avro.Schema,org.pitest.mutationtest.engine.gregor.mutators.MathMutator,computeHash,507,SURVIVED,none
Schema.java,org.apache.avro.Schema,org.pitest.mutationtest.engine.gregor.mutators.returns.PrimitiveReturnsMutator,computeHash,507,SURVIVED,none
Schema.java,org.apache.avro.Schema,org.pitest.mutationtest.engine.gregor.mutators.returns.NullReturnValsMutator,create,166,KILLED,org.apache.avro.ISW2SchemaC1ESTest.schema_ESTest_test046(org.apache.avro.ISW2SchemaC1ESTest)
Schema.java,org.apache.avro.Schema,org.pitest.mutationtest.engine.gregor.mutators.returns.NullReturnValsMutator,create,168,KILLED,org.apache.avro.ISW2SchemaC1ESTest.schema_ESTest_test054(org.apache.avro.ISW2SchemaC1ESTest)
Schema.java,org.apache.avro.Schema,org.pitest.mutationtest.engine.gregor.mutators.returns.NullReturnValsMutator,create,170,KILLED,org.apache.avro.ISW2SchemaC1ESTest.schema_ESTest_test004(org.apache.avro.ISW2SchemaC1ESTest)
Schema.java,org.apache.avro.Schema,org.pitest.mutationtest.engine.gregor.mutators.returns.NullReturnValsMutator,create,172,KILLED,org.apache.avro.ISW2SchemaC1ESTest.schema_ESTest_test057(org.apache.avro.ISW2SchemaC1ESTest)
Schema.java,org.apache.avro.Schema,org.pitest.mutationtest.engine.gregor.mutators.returns.NullReturnValsMutator,create,174,KILLED,org.apache.avro.ISW2SchemaC1ESTest.schema_ESTest_test053(org.apache.avro.ISW2SchemaC1ESTest)
Schema.java,org.apache.avro.Schema,org.pitest.mutationtest.engine.gregor.mutators.returns.NullReturnValsMutator,create,176,SURVIVED,none
Schema.java,org.apache.avro.Schema,org.pitest.mutationtest.engine.gregor.mutators.returns.NullReturnValsMutator,create,178,KILLED,org.apache.avro.ISW2SchemaC1ESTest.schema_ESTest_test055(org.apache.avro.ISW2SchemaC1ESTest)
Schema.java,org.apache.avro.Schema,org.pitest.mutationtest.engine.gregor.mutators.returns.NullReturnValsMutator,create,180,NO_COVERAGE,none
Schema.java,org.apache.avro.Schema,org.pitest.mutationtest.engine.gregor.mutators.returns.NullReturnValsMutator,createArray,254,KILLED,org.apache.avro.ISW2SchemaC1ESTest.schema_ESTest_test006(org.apache.avro.ISW2SchemaC1ESTest)
Schema.java,org.apache.avro.Schema,org.pitest.mutationtest.engine.gregor.mutators.returns.NullReturnValsMutator,createEnum,244,KILLED,org.apache.avro.ISW2SchemaC1ESTest.schema_ESTest_test025(org.apache.avro.ISW2SchemaC1ESTest)
Schema.java,org.apache.avro.Schema,org.pitest.mutationtest.engine.gregor.mutators.returns.NullReturnValsMutator,createEnum,249,NO_COVERAGE,none
Schema.java,org.apache.avro.Schema,org.pitest.mutationtest.engine.gregor.mutators.returns.NullReturnValsMutator,createFixed,274,KILLED,org.apache.avro.ISW2SchemaC1ESTest.schema_ESTest_test084(org.apache.avro.ISW2SchemaC1ESTest)
Schema.java,org.apache.avro.Schema,org.pitest.mutationtest.engine.gregor.mutators.returns.NullReturnValsMutator,createMap,259,KILLED,org.apache.avro.ISW2SchemaC1ESTest.schema_ESTest_test003(org.apache.avro.ISW2SchemaC1ESTest)
Schema.java,org.apache.avro.Schema,org.pitest.mutationtest.engine.gregor.mutators.returns.NullReturnValsMutator,createRecord,234,KILLED,org.apache.avro.ISW2SchemaC1ESTest.schema_ESTest_test029(org.apache.avro.ISW2SchemaC1ESTest)
Schema.java,org.apache.avro.Schema,org.pitest.mutationtest.engine.gregor.mutators.returns.NullReturnValsMutator,createRecord,239,KILLED,org.apache.avro.ISW2SchemaC1ESTest.schema_ESTest_test082(org.apache.avro.ISW2SchemaC1ESTest)
Schema.java,org.apache.avro.Schema,org.pitest.mutationtest.engine.gregor.mutators.VoidMethodCallMutator,createRecord,228,KILLED,org.apache.avro.ISW2SchemaC1ESTest.schema_ESTest_test029(org.apache.avro.ISW2SchemaC1ESTest)
Schema.java,org.apache.avro.Schema,org.pitest.mutationtest.engine.gregor.mutators.returns.NullReturnValsMutator,createRecord,229,KILLED,org.apache.avro.ISW2SchemaC1ESTest.schema_ESTest_test029(org.apache.avro.ISW2SchemaC1ESTest)
Schema.java,org.apache.avro.Schema,org.pitest.mutationtest.engine.gregor.mutators.returns.NullReturnValsMutator,createUnion,264,KILLED,org.apache.avro.ISW2SchemaC1ESTest.schemaParser_ESTest_test0(org.apache.avro.ISW2SchemaC1ESTest)
Schema.java,org.apache.avro.Schema,org.pitest.mutationtest.engine.gregor.mutators.returns.NullReturnValsMutator,createUnion,269,NO_COVERAGE,none
Schema.java,org.apache.avro.Schema,org.pitest.mutationtest.engine.gregor.mutators.NegateConditionalsMutator,equalCachedHash,511,SURVIVED,none
Schema.java,org.apache.avro.Schema,org.pitest.mutationtest.engine.gregor.mutators.NegateConditionalsMutator,equalCachedHash,511,KILLED,org.apache.avro.ISW2SchemaC1ESTest.schema_ESTest_test042(org.apache.avro.ISW2SchemaC1ESTest)
Schema.java,org.apache.avro.Schema,org.pitest.mutationtest.engine.gregor.mutators.NegateConditionalsMutator,equalCachedHash,511,KILLED,org.apache.avro.ISW2SchemaC1ESTest.schema_ESTest_test046(org.apache.avro.ISW2SchemaC1ESTest)
Schema.java,org.apache.avro.Schema,org.pitest.mutationtest.engine.gregor.mutators.returns.BooleanTrueReturnValsMutator,equalCachedHash,511,SURVIVED,none
Schema.java,org.apache.avro.Schema,org.pitest.mutationtest.engine.gregor.mutators.NegateConditionalsMutator,equals,489,KILLED,org.apache.avro.ISW2SchemaC1ESTest.schema_ESTest_test044(org.apache.avro.ISW2SchemaC1ESTest)
Schema.java,org.apache.avro.Schema,org.pitest.mutationtest.engine.gregor.mutators.NegateConditionalsMutator,equals,491,KILLED,org.apache.avro.ISW2SchemaC1ESTest.schema_ESTest_test044(org.apache.avro.ISW2SchemaC1ESTest)
Schema.java,org.apache.avro.Schema,org.pitest.mutationtest.engine.gregor.mutators.NegateConditionalsMutator,equals,494,KILLED,org.apache.avro.ISW2SchemaC1ESTest.schema_ESTest_test046(org.apache.avro.ISW2SchemaC1ESTest)
Schema.java,org.apache.avro.Schema,org.pitest.mutationtest.engine.gregor.mutators.NegateConditionalsMutator,equals,496,KILLED,org.apache.avro.ISW2SchemaC1ESTest.schema_ESTest_test046(org.apache.avro.ISW2SchemaC1ESTest)
Schema.java,org.apache.avro.Schema,org.pitest.mutationtest.engine.gregor.mutators.NegateConditionalsMutator,equals,496,KILLED,org.apache.avro.ISW2SchemaC1ESTest.schema_ESTest_test046(org.apache.avro.ISW2SchemaC1ESTest)
Schema.java,org.apache.avro.Schema,org.pitest.mutationtest.engine.gregor.mutators.returns.BooleanFalseReturnValsMutator,equals,490,KILLED,org.apache.avro.ISW2SchemaC1ESTest.schemaField_ESTest_test01(org.apache.avro.ISW2SchemaC1ESTest)
Schema.java,org.apache.avro.Schema,org.pitest.mutationtest.engine.gregor.mutators.returns.BooleanTrueReturnValsMutator,equals,492,KILLED,org.apache.avro.ISW2SchemaC1ESTest.schema_ESTest_test044(org.apache.avro.ISW2SchemaC1ESTest)
Schema.java,org.apache.avro.Schema,org.pitest.mutationtest.engine.gregor.mutators.returns.BooleanTrueReturnValsMutator,equals,495,NO_COVERAGE,none
Schema.java,org.apache.avro.Schema,org.pitest.mutationtest.engine.gregor.mutators.returns.BooleanTrueReturnValsMutator,equals,496,SURVIVED,none
Schema.java,org.apache.avro.Schema,org.pitest.mutationtest.engine.gregor.mutators.NegateConditionalsMutator,getAliases,2152,KILLED,org.apache.avro.ISW2SchemaC1ESTest.schema_ESTest_test018(org.apache.avro.ISW2SchemaC1ESTest)
Schema.java,org.apache.avro.Schema,org.pitest.mutationtest.engine.gregor.mutators.NegateConditionalsMutator,getAliases,2154,KILLED,org.apache.avro.ISW2SchemaC1ESTest.schema_ESTest_test023(org.apache.avro.ISW2SchemaC1ESTest)
Schema.java,org.apache.avro.Schema,org.pitest.mutationtest.engine.gregor.mutators.NegateConditionalsMutator,getAliases,2160,SURVIVED,none
Schema.java,org.apache.avro.Schema,org.pitest.mutationtest.engine.gregor.mutators.NegateConditionalsMutator,getAliases,2165,NO_COVERAGE,none
Schema.java,org.apache.avro.Schema,org.pitest.mutationtest.engine.gregor.mutators.NegateConditionalsMutator,getAliases,2172,SURVIVED,none
Schema.java,org.apache.avro.Schema,org.pitest.mutationtest.engine.gregor.mutators.NegateConditionalsMutator,getAliases,2172,SURVIVED,none
Schema.java,org.apache.avro.Schema,org.pitest.mutationtest.engine.gregor.mutators.VoidMethodCallMutator,getAliases,2170,NO_COVERAGE,none
Schema.java,org.apache.avro.Schema,org.pitest.mutationtest.engine.gregor.mutators.VoidMethodCallMutator,getAliases,2177,SURVIVED,none
Schema.java,org.apache.avro.Schema,org.pitest.mutationtest.engine.gregor.mutators.VoidMethodCallMutator,getAliases,2180,NO_COVERAGE,none
Schema.java,org.apache.avro.Schema,org.pitest.mutationtest.engine.gregor.mutators.VoidMethodCallMutator,getAliases,2184,SURVIVED,none
Schema.java,org.apache.avro.Schema,org.pitest.mutationtest.engine.gregor.mutators.returns.EmptyObjectReturnValsMutator,getDoc,347,KILLED,org.apache.avro.ISW2SchemaC1ESTest.schema_ESTest_test057(org.apache.avro.ISW2SchemaC1ESTest)
Schema.java,org.apache.avro.Schema,org.pitest.mutationtest.engine.gregor.mutators.NegateConditionalsMutator,getFieldAlias,2194,NO_COVERAGE,none
Schema.java,org.apache.avro.Schema,org.pitest.mutationtest.engine.gregor.mutators.NegateConditionalsMutator,getFieldAlias,2197,NO_COVERAGE,none
Schema.java,org.apache.avro.Schema,org.pitest.mutationtest.engine.gregor.mutators.returns.EmptyObjectReturnValsMutator,getFieldAlias,2195,NO_COVERAGE,none
Schema.java,org.apache.avro.Schema,org.pitest.mutationtest.engine.gregor.mutators.returns.EmptyObjectReturnValsMutator,getFieldAlias,2198,NO_COVERAGE,none
Schema.java,org.apache.avro.Schema,org.pitest.mutationtest.engine.gregor.mutators.returns.EmptyObjectReturnValsMutator,getFieldAlias,2199,NO_COVERAGE,none
Schema.java,org.apache.avro.Schema,org.pitest.mutationtest.engine.gregor.mutators.returns.EmptyObjectReturnValsMutator,getFullName,360,KILLED,org.apache.avro.ISW2SchemaC1ESTest.schema_ESTest_test061(org.apache.avro.ISW2SchemaC1ESTest)
Schema.java,org.apache.avro.Schema,org.pitest.mutationtest.engine.gregor.mutators.returns.NullReturnValsMutator,getLogicalType,209,SURVIVED,none
Schema.java,org.apache.avro.Schema,org.pitest.mutationtest.engine.gregor.mutators.returns.EmptyObjectReturnValsMutator,getName,339,KILLED,org.apache.avro.ISW2SchemaC1ESTest.schema_ESTest_test061(org.apache.avro.ISW2SchemaC1ESTest)
Schema.java,org.apache.avro.Schema,org.pitest.mutationtest.engine.gregor.mutators.returns.NullReturnValsMutator,getNameValidator,1721,SURVIVED,none
Schema.java,org.apache.avro.Schema,org.pitest.mutationtest.engine.gregor.mutators.NegateConditionalsMutator,getOptionalText,2051,KILLED,org.apache.avro.ISW2SchemaC1ESTest.schema_ESTest_test058(org.apache.avro.ISW2SchemaC1ESTest)
Schema.java,org.apache.avro.Schema,org.pitest.mutationtest.engine.gregor.mutators.returns.EmptyObjectReturnValsMutator,getOptionalText,2051,KILLED,org.apache.avro.ISW2SchemaC1ESTest.schema_ESTest_test058(org.apache.avro.ISW2SchemaC1ESTest)
Schema.java,org.apache.avro.Schema,org.pitest.mutationtest.engine.gregor.mutators.NegateConditionalsMutator,getRequiredText,2042,KILLED,org.apache.avro.ISW2SchemaC1ESTest.schema_ESTest_test058(org.apache.avro.ISW2SchemaC1ESTest)
Schema.java,org.apache.avro.Schema,org.pitest.mutationtest.engine.gregor.mutators.returns.EmptyObjectReturnValsMutator,getRequiredText,2045,KILLED,org.apache.avro.ISW2SchemaC1ESTest.schema_ESTest_test058(org.apache.avro.ISW2SchemaC1ESTest)
Schema.java,org.apache.avro.Schema,org.pitest.mutationtest.engine.gregor.mutators.returns.NullReturnValsMutator,getType,279,KILLED,org.apache.avro.ISW2SchemaC1ESTest.schema_ESTest_test045(org.apache.avro.ISW2SchemaC1ESTest)
Schema.java,org.apache.avro.Schema,org.pitest.mutationtest.engine.gregor.mutators.returns.BooleanFalseReturnValsMutator,getValidateDefaults,1747,NO_COVERAGE,none
Schema.java,org.apache.avro.Schema,org.pitest.mutationtest.engine.gregor.mutators.returns.BooleanTrueReturnValsMutator,getValidateDefaults,1747,NO_COVERAGE,none
Schema.java,org.apache.avro.Schema,org.pitest.mutationtest.engine.gregor.mutators.NegateConditionalsMutator,hashCode,501,KILLED,org.apache.avro.ISW2SchemaC1ESTest.schema_ESTest_test100(org.apache.avro.ISW2SchemaC1ESTest)
Schema.java,org.apache.avro.Schema,org.pitest.mutationtest.engine.gregor.mutators.returns.PrimitiveReturnsMutator,hashCode,503,SURVIVED,none
Schema.java,org.apache.avro.Schema,org.pitest.mutationtest.engine.gregor.mutators.NegateConditionalsMutator,isNullable,524,NO_COVERAGE,none
Schema.java,org.apache.avro.Schema,org.pitest.mutationtest.engine.gregor.mutators.NegateConditionalsMutator,isNullable,529,NO_COVERAGE,none
Schema.java,org.apache.avro.Schema,org.pitest.mutationtest.engine.gregor.mutators.returns.BooleanFalseReturnValsMutator,isNullable,525,NO_COVERAGE,none
Schema.java,org.apache.avro.Schema,org.pitest.mutationtest.engine.gregor.mutators.returns.BooleanFalseReturnValsMutator,isNullable,530,NO_COVERAGE,none
Schema.java,org.apache.avro.Schema,org.pitest.mutationtest.engine.gregor.mutators.returns.BooleanTrueReturnValsMutator,isNullable,525,NO_COVERAGE,none
Schema.java,org.apache.avro.Schema,org.pitest.mutationtest.engine.gregor.mutators.returns.BooleanTrueReturnValsMutator,isNullable,534,NO_COVERAGE,none
Schema.java,org.apache.avro.Schema,org.pitest.mutationtest.engine.gregor.mutators.returns.BooleanFalseReturnValsMutator,isUnion,519,SURVIVED,none
Schema.java,org.apache.avro.Schema,org.pitest.mutationtest.engine.gregor.mutators.returns.BooleanTrueReturnValsMutator,isUnion,519,KILLED,org.apache.avro.ISW2SchemaC1ESTest.schema_ESTest_test055(org.apache.avro.ISW2SchemaC1ESTest)
Schema.java,org.apache.avro.Schema,org.pitest.mutationtest.engine.gregor.mutators.returns.BooleanFalseReturnValsMutator,isValidDefault,1757,KILLED,org.apache.avro.ISW2SchemaC1ESTest.schema_ESTest_test005(org.apache.avro.ISW2SchemaC1ESTest)
Schema.java,org.apache.avro.Schema,org.pitest.mutationtest.engine.gregor.mutators.returns.BooleanTrueReturnValsMutator,isValidDefault,1757,KILLED,org.apache.avro.ISW2SchemaC1ESTest.schema_ESTest_test003(org.apache.avro.ISW2SchemaC1ESTest)
Schema.java,org.apache.avro.Schema,org.pitest.mutationtest.engine.gregor.mutators.NegateConditionalsMutator,isValidDefault,1761,KILLED,org.apache.avro.ISW2SchemaC1ESTest.schema_ESTest_test005(org.apache.avro.ISW2SchemaC1ESTest)
Schema.java,org.apache.avro.Schema,org.pitest.mutationtest.engine.gregor.mutators.NegateConditionalsMutator,isValidDefault,1770,KILLED,org.apache.avro.ISW2SchemaC1ESTest.schema_ESTest_test004(org.apache.avro.ISW2SchemaC1ESTest)
Schema.java,org.apache.avro.Schema,org.pitest.mutationtest.engine.gregor.mutators.NegateConditionalsMutator,isValidDefault,1770,NO_COVERAGE,none
Schema.java,org.apache.avro.Schema,org.pitest.mutationtest.engine.gregor.mutators.NegateConditionalsMutator,isValidDefault,1772,NO_COVERAGE,none
Schema.java,org.apache.avro.Schema,org.pitest.mutationtest.engine.gregor.mutators.NegateConditionalsMutator,isValidDefault,1772,NO_COVERAGE,none
Schema.java,org.apache.avro.Schema,org.pitest.mutationtest.engine.gregor.mutators.NegateConditionalsMutator,isValidDefault,1781,KILLED,org.apache.avro.ISW2SchemaC1ESTest.schema_ESTest_test006(org.apache.avro.ISW2SchemaC1ESTest)
Schema.java,org.apache.avro.Schema,org.pitest.mutationtest.engine.gregor.mutators.NegateConditionalsMutator,isValidDefault,1784,NO_COVERAGE,none
Schema.java,org.apache.avro.Schema,org.pitest.mutationtest.engine.gregor.mutators.NegateConditionalsMutator,isValidDefault,1788,KILLED,org.apache.avro.ISW2SchemaC1ESTest.schema_ESTest_test003(org.apache.avro.ISW2SchemaC1ESTest)
Schema.java,org.apache.avro.Schema,org.pitest.mutationtest.engine.gregor.mutators.NegateConditionalsMutator,isValidDefault,1791,KILLED,org.apache.avro.ISW2SchemaC1ESTest.schema_ESTest_test002(org.apache.avro.ISW2SchemaC1ESTest)
Schema.java,org.apache.avro.Schema,org.pitest.mutationtest.engine.gregor.mutators.NegateConditionalsMutator,isValidDefault,1797,KILLED,org.apache.avro.ISW2SchemaC1ESTest.schema_ESTest_test007(org.apache.avro.ISW2SchemaC1ESTest)
Schema.java,org.apache.avro.Schema,org.pitest.mutationtest.engine.gregor.mutators.NegateConditionalsMutator,isValidDefault,1801,NO_COVERAGE,none
Schema.java,org.apache.avro.Schema,org.pitest.mutationtest.engine.gregor.mutators.NegateConditionalsMutator,isValidDefault,1800,NO_COVERAGE,none
Schema.java,org.apache.avro.Schema,org.pitest.mutationtest.engine.gregor.mutators.returns.BooleanFalseReturnValsMutator,isValidDefault,1768,SURVIVED,none
Schema.java,org.apache.avro.Schema,org.pitest.mutationtest.engine.gregor.mutators.returns.BooleanFalseReturnValsMutator,isValidDefault,1775,NO_COVERAGE,none
Schema.java,org.apache.avro.Schema,org.pitest.mutationtest.engine.gregor.mutators.returns.BooleanFalseReturnValsMutator,isValidDefault,1777,NO_COVERAGE,none
Schema.java,org.apache.avro.Schema,org.pitest.mutationtest.engine.gregor.mutators.returns.BooleanFalseReturnValsMutator,isValidDefault,1779,NO_COVERAGE,none
Schema.java,org.apache.avro.Schema,org.pitest.mutationtest.engine.gregor.mutators.returns.BooleanFalseReturnValsMutator,isValidDefault,1786,NO_COVERAGE,none
Schema.java,org.apache.avro.Schema,org.pitest.mutationtest.engine.gregor.mutators.returns.BooleanFalseReturnValsMutator,isValidDefault,1793,KILLED,org.apache.avro.ISW2SchemaC1ESTest.schema_ESTest_test005(org.apache.avro.ISW2SchemaC1ESTest)
Schema.java,org.apache.avro.Schema,org.pitest.mutationtest.engine.gregor.mutators.returns.BooleanFalseReturnValsMutator,isValidDefault,1795,NO_COVERAGE,none
Schema.java,org.apache.avro.Schema,org.pitest.mutationtest.engine.gregor.mutators.returns.BooleanFalseReturnValsMutator,isValidDefault,1803,NO_COVERAGE,none
Schema.java,org.apache.avro.Schema,org.pitest.mutationtest.engine.gregor.mutators.returns.BooleanTrueReturnValsMutator,isValidDefault,1762,NO_COVERAGE,none
Schema.java,org.apache.avro.Schema,org.pitest.mutationtest.engine.gregor.mutators.returns.BooleanTrueReturnValsMutator,isValidDefault,1768,KILLED,org.apache.avro.ISW2SchemaC1ESTest.schema_ESTest_test062(org.apache.avro.ISW2SchemaC1ESTest)
Schema.java,org.apache.avro.Schema,org.pitest.mutationtest.engine.gregor.mutators.returns.BooleanTrueReturnValsMutator,isValidDefault,1770,KILLED,org.apache.avro.ISW2SchemaC1ESTest.schema_ESTest_test004(org.apache.avro.ISW2SchemaC1ESTest)
Schema.java,org.apache.avro.Schema,org.pitest.mutationtest.engine.gregor.mutators.returns.BooleanTrueReturnValsMutator,isValidDefault,1772,NO_COVERAGE,none
Schema.java,org.apache.avro.Schema,org.pitest.mutationtest.engine.gregor.mutators.returns.BooleanTrueReturnValsMutator,isValidDefault,1775,NO_COVERAGE,none
Schema.java,org.apache.avro.Schema,org.pitest.mutationtest.engine.gregor.mutators.returns.BooleanTrueReturnValsMutator,isValidDefault,1777,NO_COVERAGE,none
Schema.java,org.apache.avro.Schema,org.pitest.mutationtest.engine.gregor.mutators.returns.BooleanTrueReturnValsMutator,isValidDefault,1779,NO_COVERAGE,none
Schema.java,org.apache.avro.Schema,org.pitest.mutationtest.engine.gregor.mutators.returns.BooleanTrueReturnValsMutator,isValidDefault,1782,KILLED,org.apache.avro.ISW2SchemaC1ESTest.schema_ESTest_test006(org.apache.avro.ISW2SchemaC1ESTest)
Schema.java,org.apache.avro.Schema,org.pitest.mutationtest.engine.gregor.mutators.returns.BooleanTrueReturnValsMutator,isValidDefault,1785,NO_COVERAGE,none
Schema.java,org.apache.avro.Schema,org.pitest.mutationtest.engine.gregor.mutators.returns.BooleanTrueReturnValsMutator,isValidDefault,1789,KILLED,org.apache.avro.ISW2SchemaC1ESTest.schema_ESTest_test003(org.apache.avro.ISW2SchemaC1ESTest)
Schema.java,org.apache.avro.Schema,org.pitest.mutationtest.engine.gregor.mutators.returns.BooleanTrueReturnValsMutator,isValidDefault,1792,KILLED,org.apache.avro.ISW2SchemaC1ESTest.schema_ESTest_test002(org.apache.avro.ISW2SchemaC1ESTest)
Schema.java,org.apache.avro.Schema,org.pitest.mutationtest.engine.gregor.mutators.returns.BooleanTrueReturnValsMutator,isValidDefault,1795,NO_COVERAGE,none
Schema.java,org.apache.avro.Schema,org.pitest.mutationtest.engine.gregor.mutators.returns.BooleanTrueReturnValsMutator,isValidDefault,1798,KILLED,org.apache.avro.ISW2SchemaC1ESTest.schema_ESTest_test007(org.apache.avro.ISW2SchemaC1ESTest)
Schema.java,org.apache.avro.Schema,org.pitest.mutationtest.engine.gregor.mutators.returns.BooleanTrueReturnValsMutator,isValidDefault,1802,NO_COVERAGE,none
Schema.java,org.apache.avro.Schema,org.pitest.mutationtest.engine.gregor.mutators.returns.BooleanTrueReturnValsMutator,isValidDefault,1805,NO_COVERAGE,none
Schema.java,org.apache.avro.Schema,org.pitest.mutationtest.engine.gregor.mutators.NegateConditionalsMutator,isValidValue,1817,NO_COVERAGE,none
Schema.java,org.apache.avro.Schema,org.pitest.mutationtest.engine.gregor.mutators.NegateConditionalsMutator,isValidValue,1819,NO_COVERAGE,none
Schema.java,org.apache.avro.Schema,org.pitest.mutationtest.engine.gregor.mutators.NegateConditionalsMutator,isValidValue,1822,NO_COVERAGE,none
Schema.java,org.apache.avro.Schema,org.pitest.mutationtest.engine.gregor.mutators.returns.BooleanFalseReturnValsMutator,isValidValue,1823,NO_COVERAGE,none
Schema.java,org.apache.avro.Schema,org.pitest.mutationtest.engine.gregor.mutators.returns.BooleanFalseReturnValsMutator,isValidValue,1829,NO_COVERAGE,none
Schema.java,org.apache.avro.Schema,org.pitest.mutationtest.engine.gregor.mutators.returns.BooleanTrueReturnValsMutator,isValidValue,1818,NO_COVERAGE,none
Schema.java,org.apache.avro.Schema,org.pitest.mutationtest.engine.gregor.mutators.returns.BooleanTrueReturnValsMutator,isValidValue,1826,NO_COVERAGE,none
Schema.java,org.apache.avro.Schema,org.pitest.mutationtest.engine.gregor.mutators.returns.BooleanTrueReturnValsMutator,isValidValue,1829,NO_COVERAGE,none
Schema.java,org.apache.avro.Schema,org.pitest.mutationtest.engine.gregor.mutators.returns.EmptyObjectReturnValsMutator,lambda$getAliases$4,2167,NO_COVERAGE,none
Schema.java,org.apache.avro.Schema,org.pitest.mutationtest.engine.gregor.mutators.returns.BooleanFalseReturnValsMutator,lambda$isValidDefault$2,1795,NO_COVERAGE,none
Schema.java,org.apache.avro.Schema,org.pitest.mutationtest.engine.gregor.mutators.returns.BooleanTrueReturnValsMutator,lambda$isValidDefault$2,1795,NO_COVERAGE,none
Schema.java,org.apache.avro.Schema,org.pitest.mutationtest.engine.gregor.mutators.NegateConditionalsMutator,lambda$parseProperties$3,1994,KILLED,org.apache.avro.ISW2SchemaC1ESTest.schema_ESTest_test058(org.apache.avro.ISW2SchemaC1ESTest)
Schema.java,org.apache.avro.Schema,org.pitest.mutationtest.engine.gregor.mutators.VoidMethodCallMutator,lambda$parseProperties$3,1995,NO_COVERAGE,none
Schema.java,org.apache.avro.Schema,org.pitest.mutationtest.engine.gregor.mutators.NegateConditionalsMutator,parse,1835,KILLED,org.apache.avro.ISW2SchemaC1ESTest.schema_ESTest_test010(org.apache.avro.ISW2SchemaC1ESTest)
Schema.java,org.apache.avro.Schema,org.pitest.mutationtest.engine.gregor.mutators.NegateConditionalsMutator,parse,1837,KILLED,org.apache.avro.ISW2SchemaC1ESTest.schema_ESTest_test010(org.apache.avro.ISW2SchemaC1ESTest)
Schema.java,org.apache.avro.Schema,org.pitest.mutationtest.engine.gregor.mutators.NegateConditionalsMutator,parse,1839,KILLED,org.apache.avro.ISW2SchemaC1ESTest.schema_ESTest_test058(org.apache.avro.ISW2SchemaC1ESTest)
Schema.java,org.apache.avro.Schema,org.pitest.mutationtest.engine.gregor.mutators.NegateConditionalsMutator,parse,1842,KILLED,org.apache.avro.ISW2SchemaC1ESTest.schema_ESTest_test058(org.apache.avro.ISW2SchemaC1ESTest)
Schema.java,org.apache.avro.Schema,org.pitest.mutationtest.engine.gregor.mutators.NegateConditionalsMutator,parse,1844,KILLED,org.apache.avro.ISW2SchemaC1ESTest.schema_ESTest_test058(org.apache.avro.ISW2SchemaC1ESTest)
Schema.java,org.apache.avro.Schema,org.pitest.mutationtest.engine.gregor.mutators.NegateConditionalsMutator,parse,1844,KILLED,org.apache.avro.ISW2SchemaC1ESTest.schema_ESTest_test058(org.apache.avro.ISW2SchemaC1ESTest)
Schema.java,org.apache.avro.Schema,org.pitest.mutationtest.engine.gregor.mutators.NegateConditionalsMutator,parse,1846,KILLED,org.apache.avro.ISW2SchemaC1ESTest.schema_ESTest_test058(org.apache.avro.ISW2SchemaC1ESTest)
Schema.java,org.apache.avro.Schema,org.pitest.mutationtest.engine.gregor.mutators.NegateConditionalsMutator,parse,1848,KILLED,org.apache.avro.ISW2SchemaC1ESTest.schema_ESTest_test058(org.apache.avro.ISW2SchemaC1ESTest)
Schema.java,org.apache.avro.Schema,org.pitest.mutationtest.engine.gregor.mutators.NegateConditionalsMutator,parse,1850,NO_COVERAGE,none
Schema.java,org.apache.avro.Schema,org.pitest.mutationtest.engine.gregor.mutators.NegateConditionalsMutator,parse,1852,NO_COVERAGE,none
Schema.java,org.apache.avro.Schema,org.pitest.mutationtest.engine.gregor.mutators.NegateConditionalsMutator,parse,1858,KILLED,org.apache.avro.ISW2SchemaC1ESTest.schema_ESTest_test000(org.apache.avro.ISW2SchemaC1ESTest)
Schema.java,org.apache.avro.Schema,org.pitest.mutationtest.engine.gregor.mutators.returns.NullReturnValsMutator,parse,1838,KILLED,org.apache.avro.ISW2SchemaC1ESTest.schema_ESTest_test010(org.apache.avro.ISW2SchemaC1ESTest)
Schema.java,org.apache.avro.Schema,org.pitest.mutationtest.engine.gregor.mutators.returns.NullReturnValsMutator,parse,1843,NO_COVERAGE,none
Schema.java,org.apache.avro.Schema,org.pitest.mutationtest.engine.gregor.mutators.returns.NullReturnValsMutator,parse,1845,NO_COVERAGE,none
Schema.java,org.apache.avro.Schema,org.pitest.mutationtest.engine.gregor.mutators.returns.NullReturnValsMutator,parse,1847,NO_COVERAGE,none
Schema.java,org.apache.avro.Schema,org.pitest.mutationtest.engine.gregor.mutators.returns.NullReturnValsMutator,parse,1849,KILLED,org.apache.avro.ISW2SchemaC1ESTest.schema_ESTest_test058(org.apache.avro.ISW2SchemaC1ESTest)
Schema.java,org.apache.avro.Schema,org.pitest.mutationtest.engine.gregor.mutators.returns.NullReturnValsMutator,parse,1851,NO_COVERAGE,none
Schema.java,org.apache.avro.Schema,org.pitest.mutationtest.engine.gregor.mutators.returns.NullReturnValsMutator,parse,1853,NO_COVERAGE,none
Schema.java,org.apache.avro.Schema,org.pitest.mutationtest.engine.gregor.mutators.returns.NullReturnValsMutator,parse,1859,KILLED,org.apache.avro.ISW2SchemaC1ESTest.schema_ESTest_test058(org.apache.avro.ISW2SchemaC1ESTest)
Schema.java,org.apache.avro.Schema,org.pitest.mutationtest.engine.gregor.mutators.returns.NullReturnValsMutator,parse,1591,NO_COVERAGE,none
Schema.java,org.apache.avro.Schema,org.pitest.mutationtest.engine.gregor.mutators.returns.NullReturnValsMutator,parse,1606,NO_COVERAGE,none
Schema.java,org.apache.avro.Schema,org.pitest.mutationtest.engine.gregor.mutators.returns.NullReturnValsMutator,parse,1616,KILLED,org.apache.avro.ISW2SchemaC1ESTest.schema_ESTest_test058(org.apache.avro.ISW2SchemaC1ESTest)
Schema.java,org.apache.avro.Schema,org.pitest.mutationtest.engine.gregor.mutators.NegateConditionalsMutator,parse,1627,SURVIVED,none
Schema.java,org.apache.avro.Schema,org.pitest.mutationtest.engine.gregor.mutators.returns.NullReturnValsMutator,parse,1628,KILLED,org.apache.avro.ISW2SchemaC1ESTest.schema_ESTest_test010(org.apache.avro.ISW2SchemaC1ESTest)
Schema.java,org.apache.avro.Schema,org.pitest.mutationtest.engine.gregor.mutators.NegateConditionalsMutator,parseAliases,2019,NO_COVERAGE,none
Schema.java,org.apache.avro.Schema,org.pitest.mutationtest.engine.gregor.mutators.NegateConditionalsMutator,parseAliases,2021,NO_COVERAGE,none
Schema.java,org.apache.avro.Schema,org.pitest.mutationtest.engine.gregor.mutators.NegateConditionalsMutator,parseAliases,2025,NO_COVERAGE,none
Schema.java,org.apache.avro.Schema,org.pitest.mutationtest.engine.gregor.mutators.returns.EmptyObjectReturnValsMutator,parseAliases,2020,NO_COVERAGE,none
Schema.java,org.apache.avro.Schema,org.pitest.mutationtest.engine.gregor.mutators.returns.EmptyObjectReturnValsMutator,parseAliases,2029,NO_COVERAGE,none
Schema.java,org.apache.avro.Schema,org.pitest.mutationtest.engine.gregor.mutators.NegateConditionalsMutator,parseAliases,2012,NO_COVERAGE,none
Schema.java,org.apache.avro.Schema,org.pitest.mutationtest.engine.gregor.mutators.VoidMethodCallMutator,parseAliases,2014,NO_COVERAGE,none
Schema.java,org.apache.avro.Schema,org.pitest.mutationtest.engine.gregor.mutators.NegateConditionalsMutator,parseArray,1947,KILLED,org.apache.avro.ISW2SchemaC1ESTest.schema_ESTest_test058(org.apache.avro.ISW2SchemaC1ESTest)
Schema.java,org.apache.avro.Schema,org.pitest.mutationtest.engine.gregor.mutators.VoidMethodCallMutator,parseArray,1950,SURVIVED,none
Schema.java,org.apache.avro.Schema,org.pitest.mutationtest.engine.gregor.mutators.returns.NullReturnValsMutator,parseArray,1951,KILLED,org.apache.avro.ISW2SchemaC1ESTest.schema_ESTest_test058(org.apache.avro.ISW2SchemaC1ESTest)
Schema.java,org.apache.avro.Schema,org.pitest.mutationtest.engine.gregor.mutators.returns.EmptyObjectReturnValsMutator,parseDoc,2007,NO_COVERAGE,none
Schema.java,org.apache.avro.Schema,org.pitest.mutationtest.engine.gregor.mutators.NegateConditionalsMutator,parseEnum,1925,NO_COVERAGE,none
Schema.java,org.apache.avro.Schema,org.pitest.mutationtest.engine.gregor.mutators.NegateConditionalsMutator,parseEnum,1925,NO_COVERAGE,none
Schema.java,org.apache.avro.Schema,org.pitest.mutationtest.engine.gregor.mutators.NegateConditionalsMutator,parseEnum,1933,NO_COVERAGE,none
Schema.java,org.apache.avro.Schema,org.pitest.mutationtest.engine.gregor.mutators.VoidMethodCallMutator,parseEnum,1938,NO_COVERAGE,none
Schema.java,org.apache.avro.Schema,org.pitest.mutationtest.engine.gregor.mutators.VoidMethodCallMutator,parseEnum,1939,NO_COVERAGE,none
Schema.java,org.apache.avro.Schema,org.pitest.mutationtest.engine.gregor.mutators.VoidMethodCallMutator,parseEnum,1940,NO_COVERAGE,none
Schema.java,org.apache.avro.Schema,org.pitest.mutationtest.engine.gregor.mutators.returns.NullReturnValsMutator,parseEnum,1941,NO_COVERAGE,none
Schema.java,org.apache.avro.Schema,org.pitest.mutationtest.engine.gregor.mutators.NegateConditionalsMutator,parseField,1900,NO_COVERAGE,none
Schema.java,org.apache.avro.Schema,org.pitest.mutationtest.engine.gregor.mutators.NegateConditionalsMutator,parseField,1906,NO_COVERAGE,none
Schema.java,org.apache.avro.Schema,org.pitest.mutationtest.engine.gregor.mutators.NegateConditionalsMutator,parseField,1910,NO_COVERAGE,none
Schema.java,org.apache.avro.Schema,org.pitest.mutationtest.engine.gregor.mutators.NegateConditionalsMutator,parseField,1910,NO_COVERAGE,none
Schema.java,org.apache.avro.Schema,org.pitest.mutationtest.engine.gregor.mutators.NegateConditionalsMutator,parseField,1910,NO_COVERAGE,none
Schema.java,org.apache.avro.Schema,org.pitest.mutationtest.engine.gregor.mutators.NegateConditionalsMutator,parseField,1911,NO_COVERAGE,none
Schema.java,org.apache.avro.Schema,org.pitest.mutationtest.engine.gregor.mutators.VoidMethodCallMutator,parseField,1915,NO_COVERAGE,none
Schema.java,org.apache.avro.Schema,org.pitest.mutationtest.engine.gregor.mutators.returns.NullReturnValsMutator,parseField,1917,NO_COVERAGE,none
Schema.java,org.apache.avro.Schema,org.pitest.mutationtest.engine.gregor.mutators.NegateConditionalsMutator,parseFixed,1969,NO_COVERAGE,none
Schema.java,org.apache.avro.Schema,org.pitest.mutationtest.engine.gregor.mutators.NegateConditionalsMutator,parseFixed,1969,NO_COVERAGE,none
Schema.java,org.apache.avro.Schema,org.pitest.mutationtest.engine.gregor.mutators.VoidMethodCallMutator,parseFixed,1973,NO_COVERAGE,none
Schema.java,org.apache.avro.Schema,org.pitest.mutationtest.engine.gregor.mutators.VoidMethodCallMutator,parseFixed,1974,NO_COVERAGE,none
Schema.java,org.apache.avro.Schema,org.pitest.mutationtest.engine.gregor.mutators.VoidMethodCallMutator,parseFixed,1975,NO_COVERAGE,none
Schema.java,org.apache.avro.Schema,org.pitest.mutationtest.engine.gregor.mutators.returns.NullReturnValsMutator,parseFixed,1976,NO_COVERAGE,none
Schema.java,org.apache.avro.Schema,org.pitest.mutationtest.engine.gregor.mutators.returns.NullReturnValsMutator,parseJson,2056,NO_COVERAGE,none
Schema.java,org.apache.avro.Schema,org.pitest.mutationtest.engine.gregor.mutators.returns.NullReturnValsMutator,parseJsonToObject,2066,NO_COVERAGE,none
Schema.java,org.apache.avro.Schema,org.pitest.mutationtest.engine.gregor.mutators.NegateConditionalsMutator,parseMap,1957,NO_COVERAGE,none
Schema.java,org.apache.avro.Schema,org.pitest.mutationtest.engine.gregor.mutators.VoidMethodCallMutator,parseMap,1960,NO_COVERAGE,none
Schema.java,org.apache.avro.Schema,org.pitest.mutationtest.engine.gregor.mutators.returns.NullReturnValsMutator,parseMap,1961,NO_COVERAGE,none
Schema.java,org.apache.avro.Schema,org.pitest.mutationtest.engine.gregor.mutators.NegateConditionalsMutator,parseName,2001,SURVIVED,none
Schema.java,org.apache.avro.Schema,org.pitest.mutationtest.engine.gregor.mutators.returns.NullReturnValsMutator,parseName,2003,NO_COVERAGE,none
Schema.java,org.apache.avro.Schema,org.pitest.mutationtest.engine.gregor.mutators.VoidMethodCallMutator,parsePrimitive,1867,NO_COVERAGE,none
Schema.java,org.apache.avro.Schema,org.pitest.mutationtest.engine.gregor.mutators.returns.NullReturnValsMutator,parsePrimitive,1868,NO_COVERAGE,none
Schema.java,org.apache.avro.Schema,org.pitest.mutationtest.engine.gregor.mutators.VoidMethodCallMutator,parseProperties,1993,SURVIVED,none
Schema.java,org.apache.avro.Schema,org.pitest.mutationtest.engine.gregor.mutators.VoidMethodCallMutator,parsePropertiesAndLogicalType,1987,SURVIVED,none
Schema.java,org.apache.avro.Schema,org.pitest.mutationtest.engine.gregor.mutators.NegateConditionalsMutator,parseRecord,1878,NO_COVERAGE,none
Schema.java,org.apache.avro.Schema,org.pitest.mutationtest.engine.gregor.mutators.NegateConditionalsMutator,parseRecord,1878,NO_COVERAGE,none
Schema.java,org.apache.avro.Schema,org.pitest.mutationtest.engine.gregor.mutators.NegateConditionalsMutator,parseRecord,1884,NO_COVERAGE,none
Schema.java,org.apache.avro.Schema,org.pitest.mutationtest.engine.gregor.mutators.NegateConditionalsMutator,parseRecord,1884,NO_COVERAGE,none
Schema.java,org.apache.avro.Schema,org.pitest.mutationtest.engine.gregor.mutators.VoidMethodCallMutator,parseRecord,1889,NO_COVERAGE,none
Schema.java,org.apache.avro.Schema,org.pitest.mutationtest.engine.gregor.mutators.VoidMethodCallMutator,parseRecord,1890,NO_COVERAGE,none
Schema.java,org.apache.avro.Schema,org.pitest.mutationtest.engine.gregor.mutators.VoidMethodCallMutator,parseRecord,1891,NO_COVERAGE,none
Schema.java,org.apache.avro.Schema,org.pitest.mutationtest.engine.gregor.mutators.VoidMethodCallMutator,parseRecord,1892,NO_COVERAGE,none
Schema.java,org.apache.avro.Schema,org.pitest.mutationtest.engine.gregor.mutators.returns.NullReturnValsMutator,parseRecord,1893,NO_COVERAGE,none
Schema.java,org.apache.avro.Schema,org.pitest.mutationtest.engine.gregor.mutators.returns.NullReturnValsMutator,parseUnion,1983,KILLED,org.apache.avro.ISW2SchemaC1ESTest.schema_ESTest_test058(org.apache.avro.ISW2SchemaC1ESTest)
Schema.java,org.apache.avro.Schema,org.pitest.mutationtest.engine.gregor.mutators.VoidMethodCallMutator,setNameValidator,1713,SURVIVED,none
Schema.java,org.apache.avro.Schema,org.pitest.mutationtest.engine.gregor.mutators.VoidMethodCallMutator,setValidateDefaults,1739,NO_COVERAGE,none
Schema.java,org.apache.avro.Schema,org.pitest.mutationtest.engine.gregor.mutators.NegateConditionalsMutator,toJson,472,KILLED,org.apache.avro.ISW2SchemaC1ESTest.schema_ESTest_test049(org.apache.avro.ISW2SchemaC1ESTest)
Schema.java,org.apache.avro.Schema,org.pitest.mutationtest.engine.gregor.mutators.VoidMethodCallMutator,toJson,473,KILLED,org.apache.avro.ISW2SchemaC1ESTest.schema_ESTest_test049(org.apache.avro.ISW2SchemaC1ESTest)
Schema.java,org.apache.avro.Schema,org.pitest.mutationtest.engine.gregor.mutators.VoidMethodCallMutator,toJson,475,NO_COVERAGE,none
Schema.java,org.apache.avro.Schema,org.pitest.mutationtest.engine.gregor.mutators.VoidMethodCallMutator,toJson,476,NO_COVERAGE,none
Schema.java,org.apache.avro.Schema,org.pitest.mutationtest.engine.gregor.mutators.VoidMethodCallMutator,toJson,477,NO_COVERAGE,none
Schema.java,org.apache.avro.Schema,org.pitest.mutationtest.engine.gregor.mutators.VoidMethodCallMutator,toJson,478,NO_COVERAGE,none
Schema.java,org.apache.avro.Schema,org.pitest.mutationtest.engine.gregor.mutators.returns.EmptyObjectReturnValsMutator,toString,420,SURVIVED,none
Schema.java,org.apache.avro.Schema,org.pitest.mutationtest.engine.gregor.mutators.NegateConditionalsMutator,toString,446,KILLED,org.apache.avro.ISW2SchemaC1ESTest.schema_ESTest_test050(org.apache.avro.ISW2SchemaC1ESTest)
Schema.java,org.apache.avro.Schema,org.pitest.mutationtest.engine.gregor.mutators.returns.EmptyObjectReturnValsMutator,toString,451,KILLED,org.apache.avro.ISW2SchemaC1ESTest.schema_ESTest_test049(org.apache.avro.ISW2SchemaC1ESTest)
Schema.java,org.apache.avro.Schema,org.pitest.mutationtest.engine.gregor.mutators.NegateConditionalsMutator,toString,459,KILLED,org.apache.avro.ISW2SchemaC1ESTest.schema_ESTest_test050(org.apache.avro.ISW2SchemaC1ESTest)
Schema.java,org.apache.avro.Schema,org.pitest.mutationtest.engine.gregor.mutators.VoidMethodCallMutator,toString,461,KILLED,org.apache.avro.ISW2SchemaC1ESTest.schema_ESTest_test048(org.apache.avro.ISW2SchemaC1ESTest)
Schema.java,org.apache.avro.Schema,org.pitest.mutationtest.engine.gregor.mutators.VoidMethodCallMutator,toString,462,KILLED,org.apache.avro.ISW2SchemaC1ESTest.schema_ESTest_test049(org.apache.avro.ISW2SchemaC1ESTest)
Schema.java,org.apache.avro.Schema,org.pitest.mutationtest.engine.gregor.mutators.returns.EmptyObjectReturnValsMutator,toString,432,SURVIVED,none
Schema.java,org.apache.avro.Schema,org.pitest.mutationtest.engine.gregor.mutators.NegateConditionalsMutator,validateDefault,1727,SURVIVED,none
Schema.java,org.apache.avro.Schema,org.pitest.mutationtest.engine.gregor.mutators.NegateConditionalsMutator,validateDefault,1727,KILLED,org.apache.avro.ISW2SchemaC1ESTest.schemaField_ESTest_test13(org.apache.avro.ISW2SchemaC1ESTest)
Schema.java,org.apache.avro.Schema,org.pitest.mutationtest.engine.gregor.mutators.NegateConditionalsMutator,validateDefault,1727,NO_COVERAGE,none
Schema.java,org.apache.avro.Schema,org.pitest.mutationtest.engine.gregor.mutators.returns.NullReturnValsMutator,validateDefault,1731,SURVIVED,none
Schema.java,org.apache.avro.Schema,org.pitest.mutationtest.engine.gregor.mutators.NegateConditionalsMutator,validateName,1702,KILLED,org.apache.avro.ISW2SchemaC1ESTest.schemaField_ESTest_test08(org.apache.avro.ISW2SchemaC1ESTest)
Schema.java,org.apache.avro.Schema,org.pitest.mutationtest.engine.gregor.mutators.returns.EmptyObjectReturnValsMutator,validateName,1705,KILLED,org.apache.avro.ISW2SchemaC1ESTest.schemaField_ESTest_test05(org.apache.avro.ISW2SchemaC1ESTest)
Schema.java,org.apache.avro.Schema,org.pitest.mutationtest.engine.gregor.mutators.returns.NullReturnValsMutator,writeReplace,103,KILLED,org.apache.avro.ISW2SchemaC1ESTest.schema_ESTest_test093(org.apache.avro.ISW2SchemaC1ESTest)
Schema.java,org.apache.avro.Schema$RecordSchema,org.pitest.mutationtest.engine.gregor.mutators.VoidMethodCallMutator,<init>,947,KILLED,org.apache.avro.ISW2SchemaC1ESTest.schemaField_ESTest_test22(org.apache.avro.ISW2SchemaC1ESTest)
Schema.java,org.apache.avro.Schema$RecordSchema,org.pitest.mutationtest.engine.gregor.mutators.MathMutator,computeHash,1033,SURVIVED,none
Schema.java,org.apache.avro.Schema$RecordSchema,org.pitest.mutationtest.engine.gregor.mutators.NegateConditionalsMutator,computeHash,1028,SURVIVED,none
Schema.java,org.apache.avro.Schema$RecordSchema,org.pitest.mutationtest.engine.gregor.mutators.NegateConditionalsMutator,computeHash,1035,SURVIVED,none
Schema.java,org.apache.avro.Schema$RecordSchema,org.pitest.mutationtest.engine.gregor.mutators.VoidMethodCallMutator,computeHash,1036,SURVIVED,none
Schema.java,org.apache.avro.Schema$RecordSchema,org.pitest.mutationtest.engine.gregor.mutators.returns.PrimitiveReturnsMutator,computeHash,1033,SURVIVED,none
Schema.java,org.apache.avro.Schema$RecordSchema,org.pitest.mutationtest.engine.gregor.mutators.NegateConditionalsMutator,equals,1000,KILLED,org.apache.avro.ISW2SchemaC1ESTest.schemaField_ESTest_test25(org.apache.avro.ISW2SchemaC1ESTest)
Schema.java,org.apache.avro.Schema$RecordSchema,org.pitest.mutationtest.engine.gregor.mutators.NegateConditionalsMutator,equals,1002,KILLED,org.apache.avro.ISW2SchemaC1ESTest.schemaField_ESTest_test25(org.apache.avro.ISW2SchemaC1ESTest)
Schema.java,org.apache.avro.Schema$RecordSchema,org.pitest.mutationtest.engine.gregor.mutators.NegateConditionalsMutator,equals,1005,KILLED,org.apache.avro.ISW2SchemaC1ESTest.schema_ESTest_test035(org.apache.avro.ISW2SchemaC1ESTest)
Schema.java,org.apache.avro.Schema$RecordSchema,org.pitest.mutationtest.engine.gregor.mutators.NegateConditionalsMutator,equals,1007,KILLED,org.apache.avro.ISW2SchemaC1ESTest.schema_ESTest_test035(org.apache.avro.ISW2SchemaC1ESTest)
Schema.java,org.apache.avro.Schema$RecordSchema,org.pitest.mutationtest.engine.gregor.mutators.NegateConditionalsMutator,equals,1009,KILLED,org.apache.avro.ISW2SchemaC1ESTest.schema_ESTest_test035(org.apache.avro.ISW2SchemaC1ESTest)
Schema.java,org.apache.avro.Schema$RecordSchema,org.pitest.mutationtest.engine.gregor.mutators.NegateConditionalsMutator,equals,1013,SURVIVED,none
Schema.java,org.apache.avro.Schema$RecordSchema,org.pitest.mutationtest.engine.gregor.mutators.NegateConditionalsMutator,equals,1020,SURVIVED,none
Schema.java,org.apache.avro.Schema$RecordSchema,org.pitest.mutationtest.engine.gregor.mutators.VoidMethodCallMutator,equals,1021,SURVIVED,none
Schema.java,org.apache.avro.Schema$RecordSchema,org.pitest.mutationtest.engine.gregor.mutators.returns.BooleanFalseReturnValsMutator,equals,1001,SURVIVED,none
Schema.java,org.apache.avro.Schema$RecordSchema,org.pitest.mutationtest.engine.gregor.mutators.returns.BooleanFalseReturnValsMutator,equals,1014,NO_COVERAGE,none
Schema.java,org.apache.avro.Schema$RecordSchema,org.pitest.mutationtest.engine.gregor.mutators.returns.BooleanFalseReturnValsMutator,equals,1018,KILLED,org.apache.avro.ISW2SchemaC1ESTest.schema_ESTest_test035(org.apache.avro.ISW2SchemaC1ESTest)
Schema.java,org.apache.avro.Schema$RecordSchema,org.pitest.mutationtest.engine.gregor.mutators.returns.BooleanTrueReturnValsMutator,equals,1003,KILLED,org.apache.avro.ISW2SchemaC1ESTest.schemaField_ESTest_test25(org.apache.avro.ISW2SchemaC1ESTest)
Schema.java,org.apache.avro.Schema$RecordSchema,org.pitest.mutationtest.engine.gregor.mutators.returns.BooleanTrueReturnValsMutator,equals,1006,NO_COVERAGE,none
Schema.java,org.apache.avro.Schema$RecordSchema,org.pitest.mutationtest.engine.gregor.mutators.returns.BooleanTrueReturnValsMutator,equals,1008,NO_COVERAGE,none
Schema.java,org.apache.avro.Schema$RecordSchema,org.pitest.mutationtest.engine.gregor.mutators.returns.BooleanTrueReturnValsMutator,equals,1010,KILLED,org.apache.avro.ISW2SchemaC1ESTest.schema_ESTest_test026(org.apache.avro.ISW2SchemaC1ESTest)
Schema.java,org.apache.avro.Schema$RecordSchema,org.pitest.mutationtest.engine.gregor.mutators.returns.BooleanTrueReturnValsMutator,equals,1018,SURVIVED,none
Schema.java,org.apache.avro.Schema$RecordSchema,org.pitest.mutationtest.engine.gregor.mutators.NegateConditionalsMutator,fieldsToJson,1071,NO_COVERAGE,none
Schema.java,org.apache.avro.Schema$RecordSchema,org.pitest.mutationtest.engine.gregor.mutators.NegateConditionalsMutator,fieldsToJson,1073,NO_COVERAGE,none
Schema.java,org.apache.avro.Schema$RecordSchema,org.pitest.mutationtest.engine.gregor.mutators.NegateConditionalsMutator,fieldsToJson,1077,NO_COVERAGE,none
Schema.java,org.apache.avro.Schema$RecordSchema,org.pitest.mutationtest.engine.gregor.mutators.NegateConditionalsMutator,fieldsToJson,1079,NO_COVERAGE,none
Schema.java,org.apache.avro.Schema$RecordSchema,org.pitest.mutationtest.engine.gregor.mutators.NegateConditionalsMutator,fieldsToJson,1079,NO_COVERAGE,none
Schema.java,org.apache.avro.Schema$RecordSchema,org.pitest.mutationtest.engine.gregor.mutators.VoidMethodCallMutator,fieldsToJson,1065,KILLED,org.apache.avro.ISW2SchemaC1ESTest.schema_ESTest_test015(org.apache.avro.ISW2SchemaC1ESTest)
Schema.java,org.apache.avro.Schema$RecordSchema,org.pitest.mutationtest.engine.gregor.mutators.VoidMethodCallMutator,fieldsToJson,1067,NO_COVERAGE,none
Schema.java,org.apache.avro.Schema$RecordSchema,org.pitest.mutationtest.engine.gregor.mutators.VoidMethodCallMutator,fieldsToJson,1068,NO_COVERAGE,none
Schema.java,org.apache.avro.Schema$RecordSchema,org.pitest.mutationtest.engine.gregor.mutators.VoidMethodCallMutator,fieldsToJson,1069,NO_COVERAGE,none
Schema.java,org.apache.avro.Schema$RecordSchema,org.pitest.mutationtest.engine.gregor.mutators.VoidMethodCallMutator,fieldsToJson,1070,NO_COVERAGE,none
Schema.java,org.apache.avro.Schema$RecordSchema,org.pitest.mutationtest.engine.gregor.mutators.VoidMethodCallMutator,fieldsToJson,1072,NO_COVERAGE,none
Schema.java,org.apache.avro.Schema$RecordSchema,org.pitest.mutationtest.engine.gregor.mutators.VoidMethodCallMutator,fieldsToJson,1074,NO_COVERAGE,none
Schema.java,org.apache.avro.Schema$RecordSchema,org.pitest.mutationtest.engine.gregor.mutators.VoidMethodCallMutator,fieldsToJson,1075,NO_COVERAGE,none
Schema.java,org.apache.avro.Schema$RecordSchema,org.pitest.mutationtest.engine.gregor.mutators.VoidMethodCallMutator,fieldsToJson,1078,NO_COVERAGE,none
Schema.java,org.apache.avro.Schema$RecordSchema,org.pitest.mutationtest.engine.gregor.mutators.VoidMethodCallMutator,fieldsToJson,1080,NO_COVERAGE,none
Schema.java,org.apache.avro.Schema$RecordSchema,org.pitest.mutationtest.engine.gregor.mutators.VoidMethodCallMutator,fieldsToJson,1081,NO_COVERAGE,none
Schema.java,org.apache.avro.Schema$RecordSchema,org.pitest.mutationtest.engine.gregor.mutators.VoidMethodCallMutator,fieldsToJson,1083,NO_COVERAGE,none
Schema.java,org.apache.avro.Schema$RecordSchema,org.pitest.mutationtest.engine.gregor.mutators.VoidMethodCallMutator,fieldsToJson,1084,NO_COVERAGE,none
Schema.java,org.apache.avro.Schema$RecordSchema,org.pitest.mutationtest.engine.gregor.mutators.VoidMethodCallMutator,fieldsToJson,1086,NO_COVERAGE,none
Schema.java,org.apache.avro.Schema$RecordSchema,org.pitest.mutationtest.engine.gregor.mutators.VoidMethodCallMutator,fieldsToJson,1087,NO_COVERAGE,none
Schema.java,org.apache.avro.Schema$RecordSchema,org.pitest.mutationtest.engine.gregor.mutators.VoidMethodCallMutator,fieldsToJson,1089,KILLED,org.apache.avro.ISW2SchemaC1ESTest.schema_ESTest_test015(org.apache.avro.ISW2SchemaC1ESTest)
Schema.java,org.apache.avro.Schema$RecordSchema,org.pitest.mutationtest.engine.gregor.mutators.NegateConditionalsMutator,getField,957,KILLED,org.apache.avro.ISW2SchemaC1ESTest.schema_ESTest_test030(org.apache.avro.ISW2SchemaC1ESTest)
Schema.java,org.apache.avro.Schema$RecordSchema,org.pitest.mutationtest.engine.gregor.mutators.returns.NullReturnValsMutator,getField,959,SURVIVED,none
Schema.java,org.apache.avro.Schema$RecordSchema,org.pitest.mutationtest.engine.gregor.mutators.NegateConditionalsMutator,getFields,964,KILLED,org.apache.avro.ISW2SchemaC1ESTest.schema_ESTest_test023(org.apache.avro.ISW2SchemaC1ESTest)
Schema.java,org.apache.avro.Schema$RecordSchema,org.pitest.mutationtest.engine.gregor.mutators.returns.EmptyObjectReturnValsMutator,getFields,966,SURVIVED,none
Schema.java,org.apache.avro.Schema$RecordSchema,org.pitest.mutationtest.engine.gregor.mutators.NegateConditionalsMutator,hasFields,971,KILLED,org.apache.avro.ISW2SchemaC1ESTest.schema_ESTest_test029(org.apache.avro.ISW2SchemaC1ESTest)
Schema.java,org.apache.avro.Schema$RecordSchema,org.pitest.mutationtest.engine.gregor.mutators.returns.BooleanTrueReturnValsMutator,hasFields,971,KILLED,org.apache.avro.ISW2SchemaC1ESTest.schema_ESTest_test035(org.apache.avro.ISW2SchemaC1ESTest)
Schema.java,org.apache.avro.Schema$RecordSchema,org.pitest.mutationtest.engine.gregor.mutators.returns.BooleanFalseReturnValsMutator,isError,952,SURVIVED,none
Schema.java,org.apache.avro.Schema$RecordSchema,org.pitest.mutationtest.engine.gregor.mutators.returns.BooleanTrueReturnValsMutator,isError,952,SURVIVED,none
Schema.java,org.apache.avro.Schema$RecordSchema,org.pitest.mutationtest.engine.gregor.mutators.IncrementsMutator,setFields,986,SURVIVED,none
Schema.java,org.apache.avro.Schema$RecordSchema,org.pitest.mutationtest.engine.gregor.mutators.NegateConditionalsMutator,setFields,976,KILLED,org.apache.avro.ISW2SchemaC1ESTest.schema_ESTest_test029(org.apache.avro.ISW2SchemaC1ESTest)
Schema.java,org.apache.avro.Schema$RecordSchema,org.pitest.mutationtest.engine.gregor.mutators.NegateConditionalsMutator,setFields,983,KILLED,org.apache.avro.ISW2SchemaC1ESTest.schemaField_ESTest_test25(org.apache.avro.ISW2SchemaC1ESTest)
Schema.java,org.apache.avro.Schema$RecordSchema,org.pitest.mutationtest.engine.gregor.mutators.NegateConditionalsMutator,setFields,988,KILLED,org.apache.avro.ISW2SchemaC1ESTest.schemaField_ESTest_test25(org.apache.avro.ISW2SchemaC1ESTest)
Schema.java,org.apache.avro.Schema$RecordSchema,org.pitest.mutationtest.engine.gregor.mutators.NegateConditionalsMutator,toJson,1043,SURVIVED,none
Schema.java,org.apache.avro.Schema$RecordSchema,org.pitest.mutationtest.engine.gregor.mutators.NegateConditionalsMutator,toJson,1046,SURVIVED,none
Schema.java,org.apache.avro.Schema$RecordSchema,org.pitest.mutationtest.engine.gregor.mutators.NegateConditionalsMutator,toJson,1048,SURVIVED,none
Schema.java,org.apache.avro.Schema$RecordSchema,org.pitest.mutationtest.engine.gregor.mutators.NegateConditionalsMutator,toJson,1052,SURVIVED,none
Schema.java,org.apache.avro.Schema$RecordSchema,org.pitest.mutationtest.engine.gregor.mutators.VoidMethodCallMutator,toJson,1045,KILLED,org.apache.avro.ISW2SchemaC1ESTest.schema_ESTest_test015(org.apache.avro.ISW2SchemaC1ESTest)
Schema.java,org.apache.avro.Schema$RecordSchema,org.pitest.mutationtest.engine.gregor.mutators.VoidMethodCallMutator,toJson,1046,SURVIVED,none
Schema.java,org.apache.avro.Schema$RecordSchema,org.pitest.mutationtest.engine.gregor.mutators.VoidMethodCallMutator,toJson,1047,SURVIVED,none
Schema.java,org.apache.avro.Schema$RecordSchema,org.pitest.mutationtest.engine.gregor.mutators.VoidMethodCallMutator,toJson,1049,NO_COVERAGE,none
Schema.java,org.apache.avro.Schema$RecordSchema,org.pitest.mutationtest.engine.gregor.mutators.VoidMethodCallMutator,toJson,1053,KILLED,org.apache.avro.ISW2SchemaC1ESTest.schema_ESTest_test015(org.apache.avro.ISW2SchemaC1ESTest)
Schema.java,org.apache.avro.Schema$RecordSchema,org.pitest.mutationtest.engine.gregor.mutators.VoidMethodCallMutator,toJson,1054,SURVIVED,none
Schema.java,org.apache.avro.Schema$RecordSchema,org.pitest.mutationtest.engine.gregor.mutators.VoidMethodCallMutator,toJson,1057,SURVIVED,none
Schema.java,org.apache.avro.Schema$RecordSchema,org.pitest.mutationtest.engine.gregor.mutators.VoidMethodCallMutator,toJson,1058,SURVIVED,none
Schema.java,org.apache.avro.Schema$RecordSchema,org.pitest.mutationtest.engine.gregor.mutators.VoidMethodCallMutator,toJson,1059,SURVIVED,none
Schema.java,org.apache.avro.Schema$Field,org.pitest.mutationtest.engine.gregor.mutators.NegateConditionalsMutator,<init>,590,KILLED,org.apache.avro.ISW2SchemaC1ESTest.schemaField_ESTest_test08(org.apache.avro.ISW2SchemaC1ESTest)
Schema.java,org.apache.avro.Schema$Field,org.pitest.mutationtest.engine.gregor.mutators.NegateConditionalsMutator,<init>,627,SURVIVED,none
Schema.java,org.apache.avro.Schema$Field,org.pitest.mutationtest.engine.gregor.mutators.NegateConditionalsMutator,<init>,637,SURVIVED,none
Schema.java,org.apache.avro.Schema$Field,org.pitest.mutationtest.engine.gregor.mutators.NegateConditionalsMutator,<init>,603,KILLED,org.apache.avro.ISW2SchemaC1ESTest.schemaField_ESTest_test19(org.apache.avro.ISW2SchemaC1ESTest)
Schema.java,org.apache.avro.Schema$Field,org.pitest.mutationtest.engine.gregor.mutators.VoidMethodCallMutator,<init>,602,SURVIVED,none
Schema.java,org.apache.avro.Schema$Field,org.pitest.mutationtest.engine.gregor.mutators.NegateConditionalsMutator,addAlias,686,KILLED,org.apache.avro.ISW2SchemaC1ESTest.schemaField_ESTest_test11(org.apache.avro.ISW2SchemaC1ESTest)
Schema.java,org.apache.avro.Schema$Field,org.pitest.mutationtest.engine.gregor.mutators.NegateConditionalsMutator,aliases,693,KILLED,org.apache.avro.ISW2SchemaC1ESTest.schemaField_ESTest_test10(org.apache.avro.ISW2SchemaC1ESTest)
Schema.java,org.apache.avro.Schema$Field,org.pitest.mutationtest.engine.gregor.mutators.returns.EmptyObjectReturnValsMutator,aliases,695,KILLED,org.apache.avro.ISW2SchemaC1ESTest.schemaField_ESTest_test10(org.apache.avro.ISW2SchemaC1ESTest)
Schema.java,org.apache.avro.Schema$Field,org.pitest.mutationtest.engine.gregor.mutators.returns.NullReturnValsMutator,defaultVal,678,SURVIVED,none
Schema.java,org.apache.avro.Schema$Field,org.pitest.mutationtest.engine.gregor.mutators.returns.NullReturnValsMutator,defaultValue,670,SURVIVED,none
Schema.java,org.apache.avro.Schema$Field,org.pitest.mutationtest.engine.gregor.mutators.NegateConditionalsMutator,defaultValueEquals,715,KILLED,org.apache.avro.ISW2SchemaC1ESTest.schemaField_ESTest_test06(org.apache.avro.ISW2SchemaC1ESTest)
Schema.java,org.apache.avro.Schema$Field,org.pitest.mutationtest.engine.gregor.mutators.NegateConditionalsMutator,defaultValueEquals,716,KILLED,org.apache.avro.ISW2SchemaC1ESTest.schemaField_ESTest_test06(org.apache.avro.ISW2SchemaC1ESTest)
Schema.java,org.apache.avro.Schema$Field,org.pitest.mutationtest.engine.gregor.mutators.NegateConditionalsMutator,defaultValueEquals,717,SURVIVED,none
Schema.java,org.apache.avro.Schema$Field,org.pitest.mutationtest.engine.gregor.mutators.NegateConditionalsMutator,defaultValueEquals,719,SURVIVED,none
Schema.java,org.apache.avro.Schema$Field,org.pitest.mutationtest.engine.gregor.mutators.returns.BooleanFalseReturnValsMutator,defaultValueEquals,720,NO_COVERAGE,none
Schema.java,org.apache.avro.Schema$Field,org.pitest.mutationtest.engine.gregor.mutators.returns.BooleanFalseReturnValsMutator,defaultValueEquals,721,SURVIVED,none
Schema.java,org.apache.avro.Schema$Field,org.pitest.mutationtest.engine.gregor.mutators.returns.BooleanTrueReturnValsMutator,defaultValueEquals,716,KILLED,org.apache.avro.ISW2SchemaC1ESTest.schemaField_ESTest_test06(org.apache.avro.ISW2SchemaC1ESTest)
Schema.java,org.apache.avro.Schema$Field,org.pitest.mutationtest.engine.gregor.mutators.returns.BooleanTrueReturnValsMutator,defaultValueEquals,718,KILLED,org.apache.avro.ISW2SchemaC1ESTest.schemaField_ESTest_test00(org.apache.avro.ISW2SchemaC1ESTest)
Schema.java,org.apache.avro.Schema$Field,org.pitest.mutationtest.engine.gregor.mutators.returns.BooleanTrueReturnValsMutator,defaultValueEquals,720,NO_COVERAGE,none
Schema.java,org.apache.avro.Schema$Field,org.pitest.mutationtest.engine.gregor.mutators.returns.BooleanTrueReturnValsMutator,defaultValueEquals,721,SURVIVED,none
Schema.java,org.apache.avro.Schema$Field,org.pitest.mutationtest.engine.gregor.mutators.returns.EmptyObjectReturnValsMutator,doc,657,KILLED,org.apache.avro.ISW2SchemaC1ESTest.schemaField_ESTest_test23(org.apache.avro.ISW2SchemaC1ESTest)
Schema.java,org.apache.avro.Schema$Field,org.pitest.mutationtest.engine.gregor.mutators.NegateConditionalsMutator,equals,700,KILLED,org.apache.avro.ISW2SchemaC1ESTest.schemaField_ESTest_test08(org.apache.avro.ISW2SchemaC1ESTest)
Schema.java,org.apache.avro.Schema$Field,org.pitest.mutationtest.engine.gregor.mutators.NegateConditionalsMutator,equals,702,KILLED,org.apache.avro.ISW2SchemaC1ESTest.schemaField_ESTest_test08(org.apache.avro.ISW2SchemaC1ESTest)
Schema.java,org.apache.avro.Schema$Field,org.pitest.mutationtest.engine.gregor.mutators.NegateConditionalsMutator,equals,705,KILLED,org.apache.avro.ISW2SchemaC1ESTest.schemaField_ESTest_test05(org.apache.avro.ISW2SchemaC1ESTest)
Schema.java,org.apache.avro.Schema$Field,org.pitest.mutationtest.engine.gregor.mutators.NegateConditionalsMutator,equals,705,KILLED,org.apache.avro.ISW2SchemaC1ESTest.schemaField_ESTest_test19(org.apache.avro.ISW2SchemaC1ESTest)
Schema.java,org.apache.avro.Schema$Field,org.pitest.mutationtest.engine.gregor.mutators.NegateConditionalsMutator,equals,705,KILLED,org.apache.avro.ISW2SchemaC1ESTest.schemaField_ESTest_test06(org.apache.avro.ISW2SchemaC1ESTest)
Schema.java,org.apache.avro.Schema$Field,org.pitest.mutationtest.engine.gregor.mutators.NegateConditionalsMutator,equals,705,KILLED,org.apache.avro.ISW2SchemaC1ESTest.schemaField_ESTest_test03(org.apache.avro.ISW2SchemaC1ESTest)
Schema.java,org.apache.avro.Schema$Field,org.pitest.mutationtest.engine.gregor.mutators.NegateConditionalsMutator,equals,706,KILLED,org.apache.avro.ISW2SchemaC1ESTest.schemaField_ESTest_test02(org.apache.avro.ISW2SchemaC1ESTest)
Schema.java,org.apache.avro.Schema$Field,org.pitest.mutationtest.engine.gregor.mutators.returns.BooleanFalseReturnValsMutator,equals,701,KILLED,org.apache.avro.ISW2SchemaC1ESTest.schemaField_ESTest_test07(org.apache.avro.ISW2SchemaC1ESTest)
Schema.java,org.apache.avro.Schema$Field,org.pitest.mutationtest.engine.gregor.mutators.returns.BooleanTrueReturnValsMutator,equals,703,KILLED,org.apache.avro.ISW2SchemaC1ESTest.schemaField_ESTest_test08(org.apache.avro.ISW2SchemaC1ESTest)
Schema.java,org.apache.avro.Schema$Field,org.pitest.mutationtest.engine.gregor.mutators.returns.BooleanTrueReturnValsMutator,equals,705,KILLED,org.apache.avro.ISW2SchemaC1ESTest.schemaField_ESTest_test05(org.apache.avro.ISW2SchemaC1ESTest)
Schema.java,org.apache.avro.Schema$Field,org.pitest.mutationtest.engine.gregor.mutators.NegateConditionalsMutator,hasDefaultValue,666,KILLED,org.apache.avro.ISW2SchemaC1ESTest.schemaField_ESTest_test12(org.apache.avro.ISW2SchemaC1ESTest)
Schema.java,org.apache.avro.Schema$Field,org.pitest.mutationtest.engine.gregor.mutators.returns.BooleanTrueReturnValsMutator,hasDefaultValue,666,KILLED,org.apache.avro.ISW2SchemaC1ESTest.schemaField_ESTest_test13(org.apache.avro.ISW2SchemaC1ESTest)
Schema.java,org.apache.avro.Schema$Field,org.pitest.mutationtest.engine.gregor.mutators.MathMutator,hashCode,711,SURVIVED,none
Schema.java,org.apache.avro.Schema$Field,org.pitest.mutationtest.engine.gregor.mutators.returns.PrimitiveReturnsMutator,hashCode,711,SURVIVED,none
Schema.java,org.apache.avro.Schema$Field,org.pitest.mutationtest.engine.gregor.mutators.returns.EmptyObjectReturnValsMutator,name,642,SURVIVED,none
Schema.java,org.apache.avro.Schema$Field,org.pitest.mutationtest.engine.gregor.mutators.returns.NullReturnValsMutator,order,682,SURVIVED,none
Schema.java,org.apache.avro.Schema$Field,org.pitest.mutationtest.engine.gregor.mutators.returns.PrimitiveReturnsMutator,pos,647,KILLED,org.apache.avro.ISW2SchemaC1ESTest.schemaField_ESTest_test28(org.apache.avro.ISW2SchemaC1ESTest)
Schema.java,org.apache.avro.Schema$Field,org.pitest.mutationtest.engine.gregor.mutators.returns.NullReturnValsMutator,schema,652,SURVIVED,none
Schema.java,org.apache.avro.Schema$Field,org.pitest.mutationtest.engine.gregor.mutators.returns.EmptyObjectReturnValsMutator,toString,726,KILLED,org.apache.avro.ISW2SchemaC1ESTest.schemaField_ESTest_test24(org.apache.avro.ISW2SchemaC1ESTest)
Schema.java,org.apache.avro.Schema$EnumSchema,org.pitest.mutationtest.engine.gregor.mutators.IncrementsMutator,<init>,1105,NO_COVERAGE,none
Schema.java,org.apache.avro.Schema$EnumSchema,org.pitest.mutationtest.engine.gregor.mutators.NegateConditionalsMutator,<init>,1105,NO_COVERAGE,none
Schema.java,org.apache.avro.Schema$EnumSchema,org.pitest.mutationtest.engine.gregor.mutators.NegateConditionalsMutator,<init>,1109,KILLED,org.apache.avro.ISW2SchemaC1ESTest.schema_ESTest_test025(org.apache.avro.ISW2SchemaC1ESTest)
Schema.java,org.apache.avro.Schema$EnumSchema,org.pitest.mutationtest.engine.gregor.mutators.NegateConditionalsMutator,<init>,1109,KILLED,org.apache.avro.ISW2SchemaC1ESTest.schema_ESTest_test074(org.apache.avro.ISW2SchemaC1ESTest)
Schema.java,org.apache.avro.Schema$EnumSchema,org.pitest.mutationtest.engine.gregor.mutators.MathMutator,computeHash,1152,SURVIVED,none
Schema.java,org.apache.avro.Schema$EnumSchema,org.pitest.mutationtest.engine.gregor.mutators.returns.PrimitiveReturnsMutator,computeHash,1152,SURVIVED,none
Schema.java,org.apache.avro.Schema$EnumSchema,org.pitest.mutationtest.engine.gregor.mutators.NegateConditionalsMutator,equals,1137,SURVIVED,none
Schema.java,org.apache.avro.Schema$EnumSchema,org.pitest.mutationtest.engine.gregor.mutators.NegateConditionalsMutator,equals,1139,NO_COVERAGE,none
Schema.java,org.apache.avro.Schema$EnumSchema,org.pitest.mutationtest.engine.gregor.mutators.NegateConditionalsMutator,equals,1142,NO_COVERAGE,none
Schema.java,org.apache.avro.Schema$EnumSchema,org.pitest.mutationtest.engine.gregor.mutators.NegateConditionalsMutator,equals,1142,NO_COVERAGE,none
Schema.java,org.apache.avro.Schema$EnumSchema,org.pitest.mutationtest.engine.gregor.mutators.NegateConditionalsMutator,equals,1142,NO_COVERAGE,none
Schema.java,org.apache.avro.Schema$EnumSchema,org.pitest.mutationtest.engine.gregor.mutators.NegateConditionalsMutator,equals,1142,NO_COVERAGE,none
Schema.java,org.apache.avro.Schema$EnumSchema,org.pitest.mutationtest.engine.gregor.mutators.returns.BooleanFalseReturnValsMutator,equals,1138,SURVIVED,none
Schema.java,org.apache.avro.Schema$EnumSchema,org.pitest.mutationtest.engine.gregor.mutators.returns.BooleanTrueReturnValsMutator,equals,1140,NO_COVERAGE,none
Schema.java,org.apache.avro.Schema$EnumSchema,org.pitest.mutationtest.engine.gregor.mutators.returns.BooleanTrueReturnValsMutator,equals,1142,NO_COVERAGE,none
Schema.java,org.apache.avro.Schema$EnumSchema,org.pitest.mutationtest.engine.gregor.mutators.returns.EmptyObjectReturnValsMutator,getEnumDefault,1147,SURVIVED,none
Schema.java,org.apache.avro.Schema$EnumSchema,org.pitest.mutationtest.engine.gregor.mutators.NegateConditionalsMutator,getEnumOrdinal,1128,NO_COVERAGE,none
Schema.java,org.apache.avro.Schema$EnumSchema,org.pitest.mutationtest.engine.gregor.mutators.returns.PrimitiveReturnsMutator,getEnumOrdinal,1132,NO_COVERAGE,none
Schema.java,org.apache.avro.Schema$EnumSchema,org.pitest.mutationtest.engine.gregor.mutators.returns.EmptyObjectReturnValsMutator,getEnumSymbols,1117,NO_COVERAGE,none
Schema.java,org.apache.avro.Schema$EnumSchema,org.pitest.mutationtest.engine.gregor.mutators.returns.BooleanFalseReturnValsMutator,hasEnumSymbol,1122,NO_COVERAGE,none
Schema.java,org.apache.avro.Schema$EnumSchema,org.pitest.mutationtest.engine.gregor.mutators.returns.BooleanTrueReturnValsMutator,hasEnumSymbol,1122,NO_COVERAGE,none
Schema.java,org.apache.avro.Schema$EnumSchema,org.pitest.mutationtest.engine.gregor.mutators.NegateConditionalsMutator,toJson,1158,SURVIVED,none
Schema.java,org.apache.avro.Schema$EnumSchema,org.pitest.mutationtest.engine.gregor.mutators.NegateConditionalsMutator,toJson,1163,SURVIVED,none
Schema.java,org.apache.avro.Schema$EnumSchema,org.pitest.mutationtest.engine.gregor.mutators.NegateConditionalsMutator,toJson,1169,SURVIVED,none
Schema.java,org.apache.avro.Schema$EnumSchema,org.pitest.mutationtest.engine.gregor.mutators.VoidMethodCallMutator,toJson,1160,SURVIVED,none
Schema.java,org.apache.avro.Schema$EnumSchema,org.pitest.mutationtest.engine.gregor.mutators.VoidMethodCallMutator,toJson,1161,SURVIVED,none
Schema.java,org.apache.avro.Schema$EnumSchema,org.pitest.mutationtest.engine.gregor.mutators.VoidMethodCallMutator,toJson,1162,SURVIVED,none
Schema.java,org.apache.avro.Schema$EnumSchema,org.pitest.mutationtest.engine.gregor.mutators.VoidMethodCallMutator,toJson,1164,NO_COVERAGE,none
Schema.java,org.apache.avro.Schema$EnumSchema,org.pitest.mutationtest.engine.gregor.mutators.VoidMethodCallMutator,toJson,1165,SURVIVED,none
Schema.java,org.apache.avro.Schema$EnumSchema,org.pitest.mutationtest.engine.gregor.mutators.VoidMethodCallMutator,toJson,1167,NO_COVERAGE,none
Schema.java,org.apache.avro.Schema$EnumSchema,org.pitest.mutationtest.engine.gregor.mutators.VoidMethodCallMutator,toJson,1168,SURVIVED,none
Schema.java,org.apache.avro.Schema$EnumSchema,org.pitest.mutationtest.engine.gregor.mutators.VoidMethodCallMutator,toJson,1170,NO_COVERAGE,none
Schema.java,org.apache.avro.Schema$EnumSchema,org.pitest.mutationtest.engine.gregor.mutators.VoidMethodCallMutator,toJson,1171,SURVIVED,none
Schema.java,org.apache.avro.Schema$EnumSchema,org.pitest.mutationtest.engine.gregor.mutators.VoidMethodCallMutator,toJson,1172,SURVIVED,none
Schema.java,org.apache.avro.Schema$EnumSchema,org.pitest.mutationtest.engine.gregor.mutators.VoidMethodCallMutator,toJson,1173,SURVIVED,none
Schema.java,org.apache.avro.Schema$Name,org.pitest.mutationtest.engine.gregor.mutators.ConditionalsBoundaryMutator,<init>,741,SURVIVED,none
Schema.java,org.apache.avro.Schema$Name,org.pitest.mutationtest.engine.gregor.mutators.MathMutator,<init>,745,KILLED,org.apache.avro.ISW2SchemaC1ESTest.schema_ESTest_test084(org.apache.avro.ISW2SchemaC1ESTest)
Schema.java,org.apache.avro.Schema$Name,org.pitest.mutationtest.engine.gregor.mutators.NegateConditionalsMutator,<init>,736,KILLED,org.apache.avro.ISW2SchemaC1ESTest.schema_ESTest_test038(org.apache.avro.ISW2SchemaC1ESTest)
Schema.java,org.apache.avro.Schema$Name,org.pitest.mutationtest.engine.gregor.mutators.NegateConditionalsMutator,<init>,741,KILLED,org.apache.avro.ISW2SchemaC1ESTest.schema_ESTest_test084(org.apache.avro.ISW2SchemaC1ESTest)
Schema.java,org.apache.avro.Schema$Name,org.pitest.mutationtest.engine.gregor.mutators.NegateConditionalsMutator,<init>,747,SURVIVED,none
Schema.java,org.apache.avro.Schema$Name,org.pitest.mutationtest.engine.gregor.mutators.NegateConditionalsMutator,<init>,750,SURVIVED,none
Schema.java,org.apache.avro.Schema$Name,org.pitest.mutationtest.engine.gregor.mutators.NegateConditionalsMutator,equals,755,KILLED,org.apache.avro.ISW2SchemaC1ESTest.schema_ESTest_test038(org.apache.avro.ISW2SchemaC1ESTest)
Schema.java,org.apache.avro.Schema$Name,org.pitest.mutationtest.engine.gregor.mutators.NegateConditionalsMutator,equals,757,KILLED,org.apache.avro.ISW2SchemaC1ESTest.schema_ESTest_test038(org.apache.avro.ISW2SchemaC1ESTest)
Schema.java,org.apache.avro.Schema$Name,org.pitest.mutationtest.engine.gregor.mutators.returns.BooleanFalseReturnValsMutator,equals,756,NO_COVERAGE,none
Schema.java,org.apache.avro.Schema$Name,org.pitest.mutationtest.engine.gregor.mutators.returns.BooleanFalseReturnValsMutator,equals,760,KILLED,org.apache.avro.ISW2SchemaC1ESTest.schema_ESTest_test035(org.apache.avro.ISW2SchemaC1ESTest)
Schema.java,org.apache.avro.Schema$Name,org.pitest.mutationtest.engine.gregor.mutators.returns.BooleanTrueReturnValsMutator,equals,758,KILLED,org.apache.avro.ISW2SchemaC1ESTest.schema_ESTest_test038(org.apache.avro.ISW2SchemaC1ESTest)
Schema.java,org.apache.avro.Schema$Name,org.pitest.mutationtest.engine.gregor.mutators.returns.BooleanTrueReturnValsMutator,equals,760,SURVIVED,none
Schema.java,org.apache.avro.Schema$Name,org.pitest.mutationtest.engine.gregor.mutators.NegateConditionalsMutator,getQualified,785,NO_COVERAGE,none
Schema.java,org.apache.avro.Schema$Name,org.pitest.mutationtest.engine.gregor.mutators.returns.EmptyObjectReturnValsMutator,getQualified,785,NO_COVERAGE,none
Schema.java,org.apache.avro.Schema$Name,org.pitest.mutationtest.engine.gregor.mutators.NegateConditionalsMutator,hashCode,765,KILLED,org.apache.avro.ISW2SchemaC1ESTest.schema_ESTest_test036(org.apache.avro.ISW2SchemaC1ESTest)
Schema.java,org.apache.avro.Schema$Name,org.pitest.mutationtest.engine.gregor.mutators.returns.PrimitiveReturnsMutator,hashCode,765,SURVIVED,none
Schema.java,org.apache.avro.Schema$Name,org.pitest.mutationtest.engine.gregor.mutators.NegateConditionalsMutator,shouldWriteFull,797,NO_COVERAGE,none
Schema.java,org.apache.avro.Schema$Name,org.pitest.mutationtest.engine.gregor.mutators.NegateConditionalsMutator,shouldWriteFull,797,NO_COVERAGE,none
Schema.java,org.apache.avro.Schema$Name,org.pitest.mutationtest.engine.gregor.mutators.NegateConditionalsMutator,shouldWriteFull,799,NO_COVERAGE,none
Schema.java,org.apache.avro.Schema$Name,org.pitest.mutationtest.engine.gregor.mutators.returns.BooleanFalseReturnValsMutator,shouldWriteFull,801,NO_COVERAGE,none
Schema.java,org.apache.avro.Schema$Name,org.pitest.mutationtest.engine.gregor.mutators.returns.BooleanFalseReturnValsMutator,shouldWriteFull,808,NO_COVERAGE,none
Schema.java,org.apache.avro.Schema$Name,org.pitest.mutationtest.engine.gregor.mutators.returns.BooleanTrueReturnValsMutator,shouldWriteFull,805,NO_COVERAGE,none
Schema.java,org.apache.avro.Schema$Name,org.pitest.mutationtest.engine.gregor.mutators.returns.EmptyObjectReturnValsMutator,toString,770,NO_COVERAGE,none
Schema.java,org.apache.avro.Schema$Name,org.pitest.mutationtest.engine.gregor.mutators.NegateConditionalsMutator,writeName,774,SURVIVED,none
Schema.java,org.apache.avro.Schema$Name,org.pitest.mutationtest.engine.gregor.mutators.NegateConditionalsMutator,writeName,776,KILLED,org.apache.avro.ISW2SchemaC1ESTest.schema_ESTest_test037(org.apache.avro.ISW2SchemaC1ESTest)
Schema.java,org.apache.avro.Schema$Name,org.pitest.mutationtest.engine.gregor.mutators.NegateConditionalsMutator,writeName,777,NO_COVERAGE,none
Schema.java,org.apache.avro.Schema$Name,org.pitest.mutationtest.engine.gregor.mutators.NegateConditionalsMutator,writeName,779,KILLED,org.apache.avro.ISW2SchemaC1ESTest.schema_ESTest_test037(org.apache.avro.ISW2SchemaC1ESTest)
Schema.java,org.apache.avro.Schema$Name,org.pitest.mutationtest.engine.gregor.mutators.VoidMethodCallMutator,writeName,775,NO_COVERAGE,none
Schema.java,org.apache.avro.Schema$Name,org.pitest.mutationtest.engine.gregor.mutators.VoidMethodCallMutator,writeName,778,NO_COVERAGE,none
Schema.java,org.apache.avro.Schema$Name,org.pitest.mutationtest.engine.gregor.mutators.VoidMethodCallMutator,writeName,780,KILLED,org.apache.avro.ISW2SchemaC1ESTest.schema_ESTest_test037(org.apache.avro.ISW2SchemaC1ESTest)
Schema.java,org.apache.avro.Schema$NamedSchema,org.pitest.mutationtest.engine.gregor.mutators.NegateConditionalsMutator,<init>,822,KILLED,org.apache.avro.ISW2SchemaC1ESTest.schema_ESTest_test030(org.apache.avro.ISW2SchemaC1ESTest)
Schema.java,org.apache.avro.Schema$NamedSchema,org.pitest.mutationtest.engine.gregor.mutators.VoidMethodCallMutator,addAlias,849,SURVIVED,none
Schema.java,org.apache.avro.Schema$NamedSchema,org.pitest.mutationtest.engine.gregor.mutators.NegateConditionalsMutator,addAlias,854,KILLED,org.apache.avro.ISW2SchemaC1ESTest.schema_ESTest_test036(org.apache.avro.ISW2SchemaC1ESTest)
Schema.java,org.apache.avro.Schema$NamedSchema,org.pitest.mutationtest.engine.gregor.mutators.NegateConditionalsMutator,addAlias,856,SURVIVED,none
Schema.java,org.apache.avro.Schema$NamedSchema,org.pitest.mutationtest.engine.gregor.mutators.NegateConditionalsMutator,aliasesToJson,895,SURVIVED,none
Schema.java,org.apache.avro.Schema$NamedSchema,org.pitest.mutationtest.engine.gregor.mutators.NegateConditionalsMutator,aliasesToJson,895,NO_COVERAGE,none
Schema.java,org.apache.avro.Schema$NamedSchema,org.pitest.mutationtest.engine.gregor.mutators.VoidMethodCallMutator,aliasesToJson,897,NO_COVERAGE,none
Schema.java,org.apache.avro.Schema$NamedSchema,org.pitest.mutationtest.engine.gregor.mutators.VoidMethodCallMutator,aliasesToJson,898,NO_COVERAGE,none
Schema.java,org.apache.avro.Schema$NamedSchema,org.pitest.mutationtest.engine.gregor.mutators.VoidMethodCallMutator,aliasesToJson,900,NO_COVERAGE,none
Schema.java,org.apache.avro.Schema$NamedSchema,org.pitest.mutationtest.engine.gregor.mutators.VoidMethodCallMutator,aliasesToJson,901,NO_COVERAGE,none
Schema.java,org.apache.avro.Schema$NamedSchema,org.pitest.mutationtest.engine.gregor.mutators.MathMutator,computeHash,891,SURVIVED,none
Schema.java,org.apache.avro.Schema$NamedSchema,org.pitest.mutationtest.engine.gregor.mutators.returns.PrimitiveReturnsMutator,computeHash,891,SURVIVED,none
Schema.java,org.apache.avro.Schema$NamedSchema,org.pitest.mutationtest.engine.gregor.mutators.returns.BooleanFalseReturnValsMutator,equalNames,886,KILLED,org.apache.avro.ISW2SchemaC1ESTest.schema_ESTest_test035(org.apache.avro.ISW2SchemaC1ESTest)
Schema.java,org.apache.avro.Schema$NamedSchema,org.pitest.mutationtest.engine.gregor.mutators.returns.BooleanTrueReturnValsMutator,equalNames,886,SURVIVED,none
Schema.java,org.apache.avro.Schema$NamedSchema,org.pitest.mutationtest.engine.gregor.mutators.NegateConditionalsMutator,getAliases,864,KILLED,org.apache.avro.ISW2SchemaC1ESTest.schema_ESTest_test042(org.apache.avro.ISW2SchemaC1ESTest)
Schema.java,org.apache.avro.Schema$NamedSchema,org.pitest.mutationtest.engine.gregor.mutators.NegateConditionalsMutator,getAliases,866,SURVIVED,none
Schema.java,org.apache.avro.Schema$NamedSchema,org.pitest.mutationtest.engine.gregor.mutators.NegateConditionalsMutator,getAliases,866,SURVIVED,none
Schema.java,org.apache.avro.Schema$NamedSchema,org.pitest.mutationtest.engine.gregor.mutators.returns.EmptyObjectReturnValsMutator,getAliases,870,SURVIVED,none
Schema.java,org.apache.avro.Schema$NamedSchema,org.pitest.mutationtest.engine.gregor.mutators.returns.EmptyObjectReturnValsMutator,getDoc,834,KILLED,org.apache.avro.ISW2SchemaC1ESTest.schema_ESTest_test082(org.apache.avro.ISW2SchemaC1ESTest)
Schema.java,org.apache.avro.Schema$NamedSchema,org.pitest.mutationtest.engine.gregor.mutators.returns.EmptyObjectReturnValsMutator,getFullName,844,KILLED,org.apache.avro.ISW2SchemaC1ESTest.schema_ESTest_test068(org.apache.avro.ISW2SchemaC1ESTest)
Schema.java,org.apache.avro.Schema$NamedSchema,org.pitest.mutationtest.engine.gregor.mutators.returns.EmptyObjectReturnValsMutator,getName,829,KILLED,org.apache.avro.ISW2SchemaC1ESTest.schema_ESTest_test035(org.apache.avro.ISW2SchemaC1ESTest)
Schema.java,org.apache.avro.Schema$NamedSchema,org.pitest.mutationtest.engine.gregor.mutators.returns.EmptyObjectReturnValsMutator,getNamespace,839,SURVIVED,none
Schema.java,org.apache.avro.Schema$NamedSchema,org.pitest.mutationtest.engine.gregor.mutators.VoidMethodCallMutator,writeName,882,SURVIVED,none
Schema.java,org.apache.avro.Schema$NamedSchema,org.pitest.mutationtest.engine.gregor.mutators.NegateConditionalsMutator,writeNameRef,874,SURVIVED,none
Schema.java,org.apache.avro.Schema$NamedSchema,org.pitest.mutationtest.engine.gregor.mutators.NegateConditionalsMutator,writeNameRef,874,NO_COVERAGE,none
Schema.java,org.apache.avro.Schema$NamedSchema,org.pitest.mutationtest.engine.gregor.mutators.VoidMethodCallMutator,writeNameRef,875,NO_COVERAGE,none
Schema.java,org.apache.avro.Schema$NamedSchema,org.pitest.mutationtest.engine.gregor.mutators.returns.BooleanFalseReturnValsMutator,writeNameRef,876,NO_COVERAGE,none
Schema.java,org.apache.avro.Schema$NamedSchema,org.pitest.mutationtest.engine.gregor.mutators.returns.BooleanTrueReturnValsMutator,writeNameRef,878,SURVIVED,none
Schema.java,org.apache.avro.Schema$Parser,org.pitest.mutationtest.engine.gregor.mutators.NegateConditionalsMutator,<init>,1448,KILLED,org.apache.avro.ISW2SchemaC1ESTest.schema_ESTest_test067(org.apache.avro.ISW2SchemaC1ESTest)
Schema.java,org.apache.avro.Schema$Parser,org.pitest.mutationtest.engine.gregor.mutators.VoidMethodCallMutator,addTypes,1474,KILLED,org.apache.avro.ISW2SchemaC1ESTest.schemaParser_ESTest_test0(org.apache.avro.ISW2SchemaC1ESTest)
Schema.java,org.apache.avro.Schema$Parser,org.pitest.mutationtest.engine.gregor.mutators.returns.NullReturnValsMutator,addTypes,1475,KILLED,org.apache.avro.ISW2SchemaC1ESTest.schema_ESTest_test012(org.apache.avro.ISW2SchemaC1ESTest)
Schema.java,org.apache.avro.Schema$Parser,org.pitest.mutationtest.engine.gregor.mutators.returns.NullReturnValsMutator,addTypes,1465,KILLED,org.apache.avro.ISW2SchemaC1ESTest.schemaParser_ESTest_test4(org.apache.avro.ISW2SchemaC1ESTest)
Schema.java,org.apache.avro.Schema$Parser,org.pitest.mutationtest.engine.gregor.mutators.returns.EmptyObjectReturnValsMutator,getTypes,1480,SURVIVED,none
Schema.java,org.apache.avro.Schema$Parser,org.pitest.mutationtest.engine.gregor.mutators.returns.BooleanFalseReturnValsMutator,getValidateDefaults,1491,KILLED,org.apache.avro.ISW2SchemaC1ESTest.schema_ESTest_test070(org.apache.avro.ISW2SchemaC1ESTest)
Schema.java,org.apache.avro.Schema$Parser,org.pitest.mutationtest.engine.gregor.mutators.returns.BooleanTrueReturnValsMutator,getValidateDefaults,1491,KILLED,org.apache.avro.ISW2SchemaC1ESTest.schema_ESTest_test070(org.apache.avro.ISW2SchemaC1ESTest)
Schema.java,org.apache.avro.Schema$Parser,org.pitest.mutationtest.engine.gregor.mutators.NegateConditionalsMutator,parse,1549,SURVIVED,none
Schema.java,org.apache.avro.Schema$Parser,org.pitest.mutationtest.engine.gregor.mutators.NegateConditionalsMutator,parse,1553,KILLED,org.apache.avro.ISW2SchemaC1ESTest.schemaParser_ESTest_test1(org.apache.avro.ISW2SchemaC1ESTest)
Schema.java,org.apache.avro.Schema$Parser,org.pitest.mutationtest.engine.gregor.mutators.NegateConditionalsMutator,parse,1557,KILLED,org.apache.avro.ISW2SchemaC1ESTest.schemaParser_ESTest_test1(org.apache.avro.ISW2SchemaC1ESTest)
Schema.java,org.apache.avro.Schema$Parser,org.pitest.mutationtest.engine.gregor.mutators.NegateConditionalsMutator,parse,1564,KILLED,org.apache.avro.ISW2SchemaC1ESTest.schema_ESTest_test010(org.apache.avro.ISW2SchemaC1ESTest)
Schema.java,org.apache.avro.Schema$Parser,org.pitest.mutationtest.engine.gregor.mutators.VoidMethodCallMutator,parse,1545,SURVIVED,none
Schema.java,org.apache.avro.Schema$Parser,org.pitest.mutationtest.engine.gregor.mutators.VoidMethodCallMutator,parse,1546,SURVIVED,none
Schema.java,org.apache.avro.Schema$Parser,org.pitest.mutationtest.engine.gregor.mutators.VoidMethodCallMutator,parse,1550,SURVIVED,none
Schema.java,org.apache.avro.Schema$Parser,org.pitest.mutationtest.engine.gregor.mutators.VoidMethodCallMutator,parse,1572,SURVIVED,none
Schema.java,org.apache.avro.Schema$Parser,org.pitest.mutationtest.engine.gregor.mutators.VoidMethodCallMutator,parse,1573,SURVIVED,none
Schema.java,org.apache.avro.Schema$Parser,org.pitest.mutationtest.engine.gregor.mutators.VoidMethodCallMutator,parse,1574,SURVIVED,none
Schema.java,org.apache.avro.Schema$Parser,org.pitest.mutationtest.engine.gregor.mutators.returns.NullReturnValsMutator,parse,1568,KILLED,org.apache.avro.ISW2SchemaC1ESTest.schema_ESTest_test010(org.apache.avro.ISW2SchemaC1ESTest)
Schema.java,org.apache.avro.Schema$Parser,org.pitest.mutationtest.engine.gregor.mutators.returns.NullReturnValsMutator,parse,1499,NO_COVERAGE,none
Schema.java,org.apache.avro.Schema$Parser,org.pitest.mutationtest.engine.gregor.mutators.returns.NullReturnValsMutator,parse,1508,NO_COVERAGE,none
Schema.java,org.apache.avro.Schema$Parser,org.pitest.mutationtest.engine.gregor.mutators.returns.NullReturnValsMutator,parse,1525,KILLED,org.apache.avro.ISW2SchemaC1ESTest.schema_ESTest_test010(org.apache.avro.ISW2SchemaC1ESTest)
Schema.java,org.apache.avro.Schema$Parser,org.pitest.mutationtest.engine.gregor.mutators.returns.NullReturnValsMutator,parse,1516,NO_COVERAGE,none
Schema.java,org.apache.avro.Schema$Parser,org.pitest.mutationtest.engine.gregor.mutators.returns.NullReturnValsMutator,parseInternal,1533,NO_COVERAGE,none
Schema.java,org.apache.avro.Schema$Parser,org.pitest.mutationtest.engine.gregor.mutators.returns.NullReturnValsMutator,setValidateDefaults,1486,SURVIVED,none
Schema.java,org.apache.avro.Schema$UnionSchema,org.pitest.mutationtest.engine.gregor.mutators.IncrementsMutator,<init>,1274,SURVIVED,none
Schema.java,org.apache.avro.Schema$UnionSchema,org.pitest.mutationtest.engine.gregor.mutators.NegateConditionalsMutator,<init>,1267,KILLED,org.apache.avro.ISW2SchemaC1ESTest.schema_ESTest_test021(org.apache.avro.ISW2SchemaC1ESTest)
Schema.java,org.apache.avro.Schema$UnionSchema,org.pitest.mutationtest.engine.gregor.mutators.NegateConditionalsMutator,<init>,1271,KILLED,org.apache.avro.ISW2SchemaC1ESTest.schema_ESTest_test021(org.apache.avro.ISW2SchemaC1ESTest)
Schema.java,org.apache.avro.Schema$UnionSchema,org.pitest.mutationtest.engine.gregor.mutators.NegateConditionalsMutator,<init>,1274,KILLED,org.apache.avro.ISW2SchemaC1ESTest.schema_ESTest_test021(org.apache.avro.ISW2SchemaC1ESTest)
Schema.java,org.apache.avro.Schema$UnionSchema,org.pitest.mutationtest.engine.gregor.mutators.MathMutator,computeHash,1314,SURVIVED,none
Schema.java,org.apache.avro.Schema$UnionSchema,org.pitest.mutationtest.engine.gregor.mutators.returns.PrimitiveReturnsMutator,computeHash,1315,SURVIVED,none
Schema.java,org.apache.avro.Schema$UnionSchema,org.pitest.mutationtest.engine.gregor.mutators.NegateConditionalsMutator,equals,1302,KILLED,org.apache.avro.ISW2SchemaC1ESTest.schema_ESTest_test020(org.apache.avro.ISW2SchemaC1ESTest)
Schema.java,org.apache.avro.Schema$UnionSchema,org.pitest.mutationtest.engine.gregor.mutators.NegateConditionalsMutator,equals,1304,KILLED,org.apache.avro.ISW2SchemaC1ESTest.schema_ESTest_test020(org.apache.avro.ISW2SchemaC1ESTest)
Schema.java,org.apache.avro.Schema$UnionSchema,org.pitest.mutationtest.engine.gregor.mutators.NegateConditionalsMutator,equals,1307,KILLED,org.apache.avro.ISW2SchemaC1ESTest.schema_ESTest_test021(org.apache.avro.ISW2SchemaC1ESTest)
Schema.java,org.apache.avro.Schema$UnionSchema,org.pitest.mutationtest.engine.gregor.mutators.NegateConditionalsMutator,equals,1307,KILLED,org.apache.avro.ISW2SchemaC1ESTest.schema_ESTest_test013(org.apache.avro.ISW2SchemaC1ESTest)
Schema.java,org.apache.avro.Schema$UnionSchema,org.pitest.mutationtest.engine.gregor.mutators.NegateConditionalsMutator,equals,1307,KILLED,org.apache.avro.ISW2SchemaC1ESTest.schema_ESTest_test021(org.apache.avro.ISW2SchemaC1ESTest)
Schema.java,org.apache.avro.Schema$UnionSchema,org.pitest.mutationtest.engine.gregor.mutators.returns.BooleanFalseReturnValsMutator,equals,1303,KILLED,org.apache.avro.ISW2SchemaC1ESTest.schemaField_ESTest_test19(org.apache.avro.ISW2SchemaC1ESTest)
Schema.java,org.apache.avro.Schema$UnionSchema,org.pitest.mutationtest.engine.gregor.mutators.returns.BooleanTrueReturnValsMutator,equals,1305,KILLED,org.apache.avro.ISW2SchemaC1ESTest.schema_ESTest_test020(org.apache.avro.ISW2SchemaC1ESTest)
Schema.java,org.apache.avro.Schema$UnionSchema,org.pitest.mutationtest.engine.gregor.mutators.returns.BooleanTrueReturnValsMutator,equals,1307,KILLED,org.apache.avro.ISW2SchemaC1ESTest.schema_ESTest_test013(org.apache.avro.ISW2SchemaC1ESTest)
Schema.java,org.apache.avro.Schema$UnionSchema,org.pitest.mutationtest.engine.gregor.mutators.returns.EmptyObjectReturnValsMutator,getIndexNamed,1297,KILLED,org.apache.avro.ISW2SchemaC1ESTest.schema_ESTest_test063(org.apache.avro.ISW2SchemaC1ESTest)
Schema.java,org.apache.avro.Schema$UnionSchema,org.pitest.mutationtest.engine.gregor.mutators.returns.EmptyObjectReturnValsMutator,getName,1334,KILLED,org.apache.avro.ISW2SchemaC1ESTest.schema_ESTest_test061(org.apache.avro.ISW2SchemaC1ESTest)
Schema.java,org.apache.avro.Schema$UnionSchema,org.pitest.mutationtest.engine.gregor.mutators.returns.EmptyObjectReturnValsMutator,getTypes,1292,KILLED,org.apache.avro.ISW2SchemaC1ESTest.schema_ESTest_test061(org.apache.avro.ISW2SchemaC1ESTest)
Schema.java,org.apache.avro.Schema$UnionSchema,org.pitest.mutationtest.engine.gregor.mutators.returns.BooleanFalseReturnValsMutator,isValidDefault,1287,SURVIVED,none
Schema.java,org.apache.avro.Schema$UnionSchema,org.pitest.mutationtest.engine.gregor.mutators.returns.BooleanTrueReturnValsMutator,isValidDefault,1287,KILLED,org.apache.avro.ISW2SchemaC1ESTest.schema_ESTest_test062(org.apache.avro.ISW2SchemaC1ESTest)
Schema.java,org.apache.avro.Schema$UnionSchema,org.pitest.mutationtest.engine.gregor.mutators.returns.BooleanFalseReturnValsMutator,lambda$isValidDefault$0,1287,SURVIVED,none
Schema.java,org.apache.avro.Schema$UnionSchema,org.pitest.mutationtest.engine.gregor.mutators.returns.BooleanTrueReturnValsMutator,lambda$isValidDefault$0,1287,KILLED,org.apache.avro.ISW2SchemaC1ESTest.schema_ESTest_test062(org.apache.avro.ISW2SchemaC1ESTest)
Schema.java,org.apache.avro.Schema$UnionSchema,org.pitest.mutationtest.engine.gregor.mutators.VoidMethodCallMutator,toJson,1326,KILLED,org.apache.avro.ISW2SchemaC1ESTest.schema_ESTest_test093(org.apache.avro.ISW2SchemaC1ESTest)
Schema.java,org.apache.avro.Schema$UnionSchema,org.pitest.mutationtest.engine.gregor.mutators.VoidMethodCallMutator,toJson,1328,KILLED,org.apache.avro.ISW2SchemaC1ESTest.schema_ESTest_test050(org.apache.avro.ISW2SchemaC1ESTest)
Schema.java,org.apache.avro.Schema$UnionSchema,org.pitest.mutationtest.engine.gregor.mutators.VoidMethodCallMutator,toJson,1329,KILLED,org.apache.avro.ISW2SchemaC1ESTest.schema_ESTest_test050(org.apache.avro.ISW2SchemaC1ESTest)
Schema.java,org.apache.avro.Schema$LockableArrayList,org.pitest.mutationtest.engine.gregor.mutators.VoidMethodCallMutator,add,2253,SURVIVED,none
Schema.java,org.apache.avro.Schema$LockableArrayList,org.pitest.mutationtest.engine.gregor.mutators.returns.BooleanFalseReturnValsMutator,add,2254,SURVIVED,none
Schema.java,org.apache.avro.Schema$LockableArrayList,org.pitest.mutationtest.engine.gregor.mutators.returns.BooleanTrueReturnValsMutator,add,2254,SURVIVED,none
Schema.java,org.apache.avro.Schema$LockableArrayList,org.pitest.mutationtest.engine.gregor.mutators.VoidMethodCallMutator,addAll,2277,NO_COVERAGE,none
Schema.java,org.apache.avro.Schema$LockableArrayList,org.pitest.mutationtest.engine.gregor.mutators.returns.BooleanFalseReturnValsMutator,addAll,2278,NO_COVERAGE,none
Schema.java,org.apache.avro.Schema$LockableArrayList,org.pitest.mutationtest.engine.gregor.mutators.returns.BooleanTrueReturnValsMutator,addAll,2278,NO_COVERAGE,none
Schema.java,org.apache.avro.Schema$LockableArrayList,org.pitest.mutationtest.engine.gregor.mutators.VoidMethodCallMutator,addAll,2271,NO_COVERAGE,none
Schema.java,org.apache.avro.Schema$LockableArrayList,org.pitest.mutationtest.engine.gregor.mutators.returns.BooleanFalseReturnValsMutator,addAll,2272,NO_COVERAGE,none
Schema.java,org.apache.avro.Schema$LockableArrayList,org.pitest.mutationtest.engine.gregor.mutators.returns.BooleanTrueReturnValsMutator,addAll,2272,NO_COVERAGE,none
Schema.java,org.apache.avro.Schema$LockableArrayList,org.pitest.mutationtest.engine.gregor.mutators.VoidMethodCallMutator,clear,2295,SURVIVED,none
Schema.java,org.apache.avro.Schema$LockableArrayList,org.pitest.mutationtest.engine.gregor.mutators.VoidMethodCallMutator,clear,2296,SURVIVED,none
Schema.java,org.apache.avro.Schema$LockableArrayList,org.pitest.mutationtest.engine.gregor.mutators.NegateConditionalsMutator,ensureUnlocked,2246,KILLED,org.apache.avro.ISW2SchemaC1ESTest.schema_ESTest_test099(org.apache.avro.ISW2SchemaC1ESTest)
Schema.java,org.apache.avro.Schema$LockableArrayList,org.pitest.mutationtest.engine.gregor.mutators.returns.EmptyObjectReturnValsMutator,lock,2242,KILLED,org.apache.avro.ISW2SchemaC1ESTest.schema_ESTest_test016(org.apache.avro.ISW2SchemaC1ESTest)
Schema.java,org.apache.avro.Schema$LockableArrayList,org.pitest.mutationtest.engine.gregor.mutators.VoidMethodCallMutator,remove,2265,SURVIVED,none
Schema.java,org.apache.avro.Schema$LockableArrayList,org.pitest.mutationtest.engine.gregor.mutators.returns.NullReturnValsMutator,remove,2266,NO_COVERAGE,none
Schema.java,org.apache.avro.Schema$LockableArrayList,org.pitest.mutationtest.engine.gregor.mutators.VoidMethodCallMutator,remove,2259,SURVIVED,none
Schema.java,org.apache.avro.Schema$LockableArrayList,org.pitest.mutationtest.engine.gregor.mutators.returns.BooleanFalseReturnValsMutator,remove,2260,SURVIVED,none
Schema.java,org.apache.avro.Schema$LockableArrayList,org.pitest.mutationtest.engine.gregor.mutators.returns.BooleanTrueReturnValsMutator,remove,2260,KILLED,org.apache.avro.ISW2SchemaC1ESTest.schema_ESTest_test096(org.apache.avro.ISW2SchemaC1ESTest)
Schema.java,org.apache.avro.Schema$LockableArrayList,org.pitest.mutationtest.engine.gregor.mutators.VoidMethodCallMutator,removeAll,2283,NO_COVERAGE,none
Schema.java,org.apache.avro.Schema$LockableArrayList,org.pitest.mutationtest.engine.gregor.mutators.returns.BooleanFalseReturnValsMutator,removeAll,2284,NO_COVERAGE,none
Schema.java,org.apache.avro.Schema$LockableArrayList,org.pitest.mutationtest.engine.gregor.mutators.returns.BooleanTrueReturnValsMutator,removeAll,2284,NO_COVERAGE,none
Schema.java,org.apache.avro.Schema$LockableArrayList,org.pitest.mutationtest.engine.gregor.mutators.VoidMethodCallMutator,retainAll,2289,SURVIVED,none
Schema.java,org.apache.avro.Schema$LockableArrayList,org.pitest.mutationtest.engine.gregor.mutators.returns.BooleanFalseReturnValsMutator,retainAll,2290,SURVIVED,none
Schema.java,org.apache.avro.Schema$LockableArrayList,org.pitest.mutationtest.engine.gregor.mutators.returns.BooleanTrueReturnValsMutator,retainAll,2290,KILLED,org.apache.avro.ISW2SchemaC1ESTest.schema_ESTest_test098(org.apache.avro.ISW2SchemaC1ESTest)
Schema.java,org.apache.avro.Schema$FixedSchema,org.pitest.mutationtest.engine.gregor.mutators.MathMutator,computeHash,1365,NO_COVERAGE,none
Schema.java,org.apache.avro.Schema$FixedSchema,org.pitest.mutationtest.engine.gregor.mutators.returns.PrimitiveReturnsMutator,computeHash,1365,NO_COVERAGE,none
Schema.java,org.apache.avro.Schema$FixedSchema,org.pitest.mutationtest.engine.gregor.mutators.NegateConditionalsMutator,equals,1355,NO_COVERAGE,none
Schema.java,org.apache.avro.Schema$FixedSchema,org.pitest.mutationtest.engine.gregor.mutators.NegateConditionalsMutator,equals,1357,NO_COVERAGE,none
Schema.java,org.apache.avro.Schema$FixedSchema,org.pitest.mutationtest.engine.gregor.mutators.NegateConditionalsMutator,equals,1360,NO_COVERAGE,none
Schema.java,org.apache.avro.Schema$FixedSchema,org.pitest.mutationtest.engine.gregor.mutators.NegateConditionalsMutator,equals,1360,NO_COVERAGE,none
Schema.java,org.apache.avro.Schema$FixedSchema,org.pitest.mutationtest.engine.gregor.mutators.NegateConditionalsMutator,equals,1360,NO_COVERAGE,none
Schema.java,org.apache.avro.Schema$FixedSchema,org.pitest.mutationtest.engine.gregor.mutators.NegateConditionalsMutator,equals,1360,NO_COVERAGE,none
Schema.java,org.apache.avro.Schema$FixedSchema,org.pitest.mutationtest.engine.gregor.mutators.returns.BooleanFalseReturnValsMutator,equals,1356,NO_COVERAGE,none
Schema.java,org.apache.avro.Schema$FixedSchema,org.pitest.mutationtest.engine.gregor.mutators.returns.BooleanTrueReturnValsMutator,equals,1358,NO_COVERAGE,none
Schema.java,org.apache.avro.Schema$FixedSchema,org.pitest.mutationtest.engine.gregor.mutators.returns.BooleanTrueReturnValsMutator,equals,1360,NO_COVERAGE,none
Schema.java,org.apache.avro.Schema$FixedSchema,org.pitest.mutationtest.engine.gregor.mutators.returns.PrimitiveReturnsMutator,getFixedSize,1350,NO_COVERAGE,none
Schema.java,org.apache.avro.Schema$FixedSchema,org.pitest.mutationtest.engine.gregor.mutators.NegateConditionalsMutator,toJson,1371,NO_COVERAGE,none
Schema.java,org.apache.avro.Schema$FixedSchema,org.pitest.mutationtest.engine.gregor.mutators.NegateConditionalsMutator,toJson,1376,NO_COVERAGE,none
Schema.java,org.apache.avro.Schema$FixedSchema,org.pitest.mutationtest.engine.gregor.mutators.VoidMethodCallMutator,toJson,1373,NO_COVERAGE,none
Schema.java,org.apache.avro.Schema$FixedSchema,org.pitest.mutationtest.engine.gregor.mutators.VoidMethodCallMutator,toJson,1374,NO_COVERAGE,none
Schema.java,org.apache.avro.Schema$FixedSchema,org.pitest.mutationtest.engine.gregor.mutators.VoidMethodCallMutator,toJson,1375,NO_COVERAGE,none
Schema.java,org.apache.avro.Schema$FixedSchema,org.pitest.mutationtest.engine.gregor.mutators.VoidMethodCallMutator,toJson,1377,NO_COVERAGE,none
Schema.java,org.apache.avro.Schema$FixedSchema,org.pitest.mutationtest.engine.gregor.mutators.VoidMethodCallMutator,toJson,1378,NO_COVERAGE,none
Schema.java,org.apache.avro.Schema$FixedSchema,org.pitest.mutationtest.engine.gregor.mutators.VoidMethodCallMutator,toJson,1379,NO_COVERAGE,none
Schema.java,org.apache.avro.Schema$FixedSchema,org.pitest.mutationtest.engine.gregor.mutators.VoidMethodCallMutator,toJson,1380,NO_COVERAGE,none
Schema.java,org.apache.avro.Schema$FixedSchema,org.pitest.mutationtest.engine.gregor.mutators.VoidMethodCallMutator,toJson,1381,NO_COVERAGE,none
Schema.java,org.apache.avro.Schema$MapSchema,org.pitest.mutationtest.engine.gregor.mutators.MathMutator,computeHash,1242,NO_COVERAGE,none
Schema.java,org.apache.avro.Schema$MapSchema,org.pitest.mutationtest.engine.gregor.mutators.returns.PrimitiveReturnsMutator,computeHash,1242,NO_COVERAGE,none
Schema.java,org.apache.avro.Schema$MapSchema,org.pitest.mutationtest.engine.gregor.mutators.NegateConditionalsMutator,equals,1232,KILLED,org.apache.avro.ISW2SchemaC1ESTest.schema_ESTest_test017(org.apache.avro.ISW2SchemaC1ESTest)
Schema.java,org.apache.avro.Schema$MapSchema,org.pitest.mutationtest.engine.gregor.mutators.NegateConditionalsMutator,equals,1234,KILLED,org.apache.avro.ISW2SchemaC1ESTest.schema_ESTest_test018(org.apache.avro.ISW2SchemaC1ESTest)
Schema.java,org.apache.avro.Schema$MapSchema,org.pitest.mutationtest.engine.gregor.mutators.NegateConditionalsMutator,equals,1237,NO_COVERAGE,none
Schema.java,org.apache.avro.Schema$MapSchema,org.pitest.mutationtest.engine.gregor.mutators.NegateConditionalsMutator,equals,1237,NO_COVERAGE,none
Schema.java,org.apache.avro.Schema$MapSchema,org.pitest.mutationtest.engine.gregor.mutators.NegateConditionalsMutator,equals,1237,NO_COVERAGE,none
Schema.java,org.apache.avro.Schema$MapSchema,org.pitest.mutationtest.engine.gregor.mutators.returns.BooleanFalseReturnValsMutator,equals,1233,KILLED,org.apache.avro.ISW2SchemaC1ESTest.schema_ESTest_test017(org.apache.avro.ISW2SchemaC1ESTest)
Schema.java,org.apache.avro.Schema$MapSchema,org.pitest.mutationtest.engine.gregor.mutators.returns.BooleanTrueReturnValsMutator,equals,1235,KILLED,org.apache.avro.ISW2SchemaC1ESTest.schema_ESTest_test018(org.apache.avro.ISW2SchemaC1ESTest)
Schema.java,org.apache.avro.Schema$MapSchema,org.pitest.mutationtest.engine.gregor.mutators.returns.BooleanTrueReturnValsMutator,equals,1237,NO_COVERAGE,none
Schema.java,org.apache.avro.Schema$MapSchema,org.pitest.mutationtest.engine.gregor.mutators.returns.NullReturnValsMutator,getValueType,1227,KILLED,org.apache.avro.ISW2SchemaC1ESTest.schema_ESTest_test002(org.apache.avro.ISW2SchemaC1ESTest)
Schema.java,org.apache.avro.Schema$MapSchema,org.pitest.mutationtest.engine.gregor.mutators.VoidMethodCallMutator,toJson,1248,KILLED,org.apache.avro.ISW2SchemaC1ESTest.schema_ESTest_test048(org.apache.avro.ISW2SchemaC1ESTest)
Schema.java,org.apache.avro.Schema$MapSchema,org.pitest.mutationtest.engine.gregor.mutators.VoidMethodCallMutator,toJson,1249,SURVIVED,none
Schema.java,org.apache.avro.Schema$MapSchema,org.pitest.mutationtest.engine.gregor.mutators.VoidMethodCallMutator,toJson,1250,SURVIVED,none
Schema.java,org.apache.avro.Schema$MapSchema,org.pitest.mutationtest.engine.gregor.mutators.VoidMethodCallMutator,toJson,1251,KILLED,org.apache.avro.ISW2SchemaC1ESTest.schema_ESTest_test048(org.apache.avro.ISW2SchemaC1ESTest)
Schema.java,org.apache.avro.Schema$MapSchema,org.pitest.mutationtest.engine.gregor.mutators.VoidMethodCallMutator,toJson,1252,NO_COVERAGE,none
Schema.java,org.apache.avro.Schema$MapSchema,org.pitest.mutationtest.engine.gregor.mutators.VoidMethodCallMutator,toJson,1253,NO_COVERAGE,none
Schema.java,org.apache.avro.Schema$ArraySchema,org.pitest.mutationtest.engine.gregor.mutators.MathMutator,computeHash,1202,SURVIVED,none
Schema.java,org.apache.avro.Schema$ArraySchema,org.pitest.mutationtest.engine.gregor.mutators.returns.PrimitiveReturnsMutator,computeHash,1202,SURVIVED,none
Schema.java,org.apache.avro.Schema$ArraySchema,org.pitest.mutationtest.engine.gregor.mutators.NegateConditionalsMutator,equals,1192,KILLED,org.apache.avro.ISW2SchemaC1ESTest.schema_ESTest_test020(org.apache.avro.ISW2SchemaC1ESTest)
Schema.java,org.apache.avro.Schema$ArraySchema,org.pitest.mutationtest.engine.gregor.mutators.NegateConditionalsMutator,equals,1194,KILLED,org.apache.avro.ISW2SchemaC1ESTest.schema_ESTest_test021(org.apache.avro.ISW2SchemaC1ESTest)
Schema.java,org.apache.avro.Schema$ArraySchema,org.pitest.mutationtest.engine.gregor.mutators.NegateConditionalsMutator,equals,1197,KILLED,org.apache.avro.ISW2SchemaC1ESTest.schema_ESTest_test021(org.apache.avro.ISW2SchemaC1ESTest)
Schema.java,org.apache.avro.Schema$ArraySchema,org.pitest.mutationtest.engine.gregor.mutators.NegateConditionalsMutator,equals,1197,KILLED,org.apache.avro.ISW2SchemaC1ESTest.schema_ESTest_test020(org.apache.avro.ISW2SchemaC1ESTest)
Schema.java,org.apache.avro.Schema$ArraySchema,org.pitest.mutationtest.engine.gregor.mutators.NegateConditionalsMutator,equals,1197,KILLED,org.apache.avro.ISW2SchemaC1ESTest.schema_ESTest_test021(org.apache.avro.ISW2SchemaC1ESTest)
Schema.java,org.apache.avro.Schema$ArraySchema,org.pitest.mutationtest.engine.gregor.mutators.returns.BooleanFalseReturnValsMutator,equals,1193,SURVIVED,none
Schema.java,org.apache.avro.Schema$ArraySchema,org.pitest.mutationtest.engine.gregor.mutators.returns.BooleanTrueReturnValsMutator,equals,1195,KILLED,org.apache.avro.ISW2SchemaC1ESTest.schema_ESTest_test021(org.apache.avro.ISW2SchemaC1ESTest)
Schema.java,org.apache.avro.Schema$ArraySchema,org.pitest.mutationtest.engine.gregor.mutators.returns.BooleanTrueReturnValsMutator,equals,1197,KILLED,org.apache.avro.ISW2SchemaC1ESTest.schema_ESTest_test020(org.apache.avro.ISW2SchemaC1ESTest)
Schema.java,org.apache.avro.Schema$ArraySchema,org.pitest.mutationtest.engine.gregor.mutators.returns.NullReturnValsMutator,getElementType,1187,KILLED,org.apache.avro.ISW2SchemaC1ESTest.schema_ESTest_test020(org.apache.avro.ISW2SchemaC1ESTest)
Schema.java,org.apache.avro.Schema$ArraySchema,org.pitest.mutationtest.engine.gregor.mutators.VoidMethodCallMutator,toJson,1208,KILLED,org.apache.avro.ISW2SchemaC1ESTest.schema_ESTest_test085(org.apache.avro.ISW2SchemaC1ESTest)
Schema.java,org.apache.avro.Schema$ArraySchema,org.pitest.mutationtest.engine.gregor.mutators.VoidMethodCallMutator,toJson,1209,KILLED,org.apache.avro.ISW2SchemaC1ESTest.schema_ESTest_test085(org.apache.avro.ISW2SchemaC1ESTest)
Schema.java,org.apache.avro.Schema$ArraySchema,org.pitest.mutationtest.engine.gregor.mutators.VoidMethodCallMutator,toJson,1210,KILLED,org.apache.avro.ISW2SchemaC1ESTest.schema_ESTest_test085(org.apache.avro.ISW2SchemaC1ESTest)
Schema.java,org.apache.avro.Schema$ArraySchema,org.pitest.mutationtest.engine.gregor.mutators.VoidMethodCallMutator,toJson,1211,KILLED,org.apache.avro.ISW2SchemaC1ESTest.schema_ESTest_test085(org.apache.avro.ISW2SchemaC1ESTest)
Schema.java,org.apache.avro.Schema$ArraySchema,org.pitest.mutationtest.engine.gregor.mutators.VoidMethodCallMutator,toJson,1212,SURVIVED,none
Schema.java,org.apache.avro.Schema$ArraySchema,org.pitest.mutationtest.engine.gregor.mutators.VoidMethodCallMutator,toJson,1213,KILLED,org.apache.avro.ISW2SchemaC1ESTest.schema_ESTest_test085(org.apache.avro.ISW2SchemaC1ESTest)
Schema.java,org.apache.avro.Schema$Names,org.pitest.mutationtest.engine.gregor.mutators.NegateConditionalsMutator,contains,1676,NO_COVERAGE,none
Schema.java,org.apache.avro.Schema$Names,org.pitest.mutationtest.engine.gregor.mutators.returns.BooleanTrueReturnValsMutator,contains,1676,NO_COVERAGE,none
Schema.java,org.apache.avro.Schema$Names,org.pitest.mutationtest.engine.gregor.mutators.NegateConditionalsMutator,get,1664,KILLED,org.apache.avro.ISW2SchemaC1ESTest.schema_ESTest_test009(org.apache.avro.ISW2SchemaC1ESTest)
Schema.java,org.apache.avro.Schema$Names,org.pitest.mutationtest.engine.gregor.mutators.NegateConditionalsMutator,get,1668,SURVIVED,none
Schema.java,org.apache.avro.Schema$Names,org.pitest.mutationtest.engine.gregor.mutators.returns.NullReturnValsMutator,get,1665,NO_COVERAGE,none
Schema.java,org.apache.avro.Schema$Names,org.pitest.mutationtest.engine.gregor.mutators.returns.NullReturnValsMutator,get,1672,SURVIVED,none
Schema.java,org.apache.avro.Schema$Names,org.pitest.mutationtest.engine.gregor.mutators.NegateConditionalsMutator,put,1685,NO_COVERAGE,none
Schema.java,org.apache.avro.Schema$Names,org.pitest.mutationtest.engine.gregor.mutators.NegateConditionalsMutator,put,1687,NO_COVERAGE,none
Schema.java,org.apache.avro.Schema$Names,org.pitest.mutationtest.engine.gregor.mutators.returns.NullReturnValsMutator,put,1690,NO_COVERAGE,none
Schema.java,org.apache.avro.Schema$Names,org.pitest.mutationtest.engine.gregor.mutators.returns.NullReturnValsMutator,put,1693,NO_COVERAGE,none
Schema.java,org.apache.avro.Schema$Names,org.pitest.mutationtest.engine.gregor.mutators.returns.EmptyObjectReturnValsMutator,space,1655,KILLED,org.apache.avro.ISW2SchemaC1ESTest.schema_ESTest_test065(org.apache.avro.ISW2SchemaC1ESTest)
Schema.java,org.apache.avro.Schema$SeenPair,org.pitest.mutationtest.engine.gregor.mutators.NegateConditionalsMutator,equals,920,KILLED,org.apache.avro.ISW2SchemaC1ESTest.schema_ESTest_test034(org.apache.avro.ISW2SchemaC1ESTest)
Schema.java,org.apache.avro.Schema$SeenPair,org.pitest.mutationtest.engine.gregor.mutators.NegateConditionalsMutator,equals,922,KILLED,org.apache.avro.ISW2SchemaC1ESTest.schema_ESTest_test034(org.apache.avro.ISW2SchemaC1ESTest)
Schema.java,org.apache.avro.Schema$SeenPair,org.pitest.mutationtest.engine.gregor.mutators.NegateConditionalsMutator,equals,922,KILLED,org.apache.avro.ISW2SchemaC1ESTest.schema_ESTest_test034(org.apache.avro.ISW2SchemaC1ESTest)
Schema.java,org.apache.avro.Schema$SeenPair,org.pitest.mutationtest.engine.gregor.mutators.returns.BooleanTrueReturnValsMutator,equals,921,KILLED,org.apache.avro.ISW2SchemaC1ESTest.schemaSeenPair_ESTest_test2(org.apache.avro.ISW2SchemaC1ESTest)
Schema.java,org.apache.avro.Schema$SeenPair,org.pitest.mutationtest.engine.gregor.mutators.returns.BooleanTrueReturnValsMutator,equals,922,KILLED,org.apache.avro.ISW2SchemaC1ESTest.schemaSeenPair_ESTest_test0(org.apache.avro.ISW2SchemaC1ESTest)
Schema.java,org.apache.avro.Schema$SeenPair,org.pitest.mutationtest.engine.gregor.mutators.MathMutator,hashCode,927,SURVIVED,none
Schema.java,org.apache.avro.Schema$SeenPair,org.pitest.mutationtest.engine.gregor.mutators.returns.PrimitiveReturnsMutator,hashCode,927,SURVIVED,none
Schema.java,org.apache.avro.Schema$Field$1,org.pitest.mutationtest.engine.gregor.mutators.returns.NullReturnValsMutator,createField,549,NO_COVERAGE,none
Schema.java,org.apache.avro.Schema$Field$1,org.pitest.mutationtest.engine.gregor.mutators.returns.NullReturnValsMutator,createField,555,NO_COVERAGE,none
Schema.java,org.apache.avro.Schema$Field$1,org.pitest.mutationtest.engine.gregor.mutators.returns.NullReturnValsMutator,defaultValue,544,NO_COVERAGE,none
Schema.java,org.apache.avro.Schema$SerializableSchema,org.pitest.mutationtest.engine.gregor.mutators.returns.NullReturnValsMutator,readResolve,116,NO_COVERAGE,none
Schema.java,org.apache.avro.Schema$Type,org.pitest.mutationtest.engine.gregor.mutators.returns.EmptyObjectReturnValsMutator,getName,150,KILLED,org.apache.avro.ISW2SchemaC1ESTest.schemaType_ESTest_test0(org.apache.avro.ISW2SchemaC1ESTest)
