Schema.java,org.apache.avro.Schema,org.pitest.mutationtest.engine.gregor.mutators.NegateConditionalsMutator,<init>,159,SURVIVED,none
Schema.java,org.apache.avro.Schema,org.pitest.mutationtest.engine.gregor.mutators.VoidMethodCallMutator,addProp,205,KILLED,org.apache.avro.ISW2SchemaC4ESTest.schema_ESTest_test136(org.apache.avro.ISW2SchemaC4ESTest)
Schema.java,org.apache.avro.Schema,org.pitest.mutationtest.engine.gregor.mutators.VoidMethodCallMutator,addProp,199,KILLED,org.apache.avro.ISW2SchemaC4ESTest.schema_ESTest_test035(org.apache.avro.ISW2SchemaC4ESTest)
Schema.java,org.apache.avro.Schema,org.pitest.mutationtest.engine.gregor.mutators.NegateConditionalsMutator,applyAliases,2098,KILLED,org.apache.avro.ISW2SchemaC4ESTest.schema_ESTest_test096(org.apache.avro.ISW2SchemaC4ESTest)
Schema.java,org.apache.avro.Schema,org.pitest.mutationtest.engine.gregor.mutators.NegateConditionalsMutator,applyAliases,2102,KILLED,org.apache.avro.ISW2SchemaC4ESTest.schema_ESTest_test151(org.apache.avro.ISW2SchemaC4ESTest)
Schema.java,org.apache.avro.Schema,org.pitest.mutationtest.engine.gregor.mutators.NegateConditionalsMutator,applyAliases,2104,KILLED,org.apache.avro.ISW2SchemaC4ESTest.schema_ESTest_test093(org.apache.avro.ISW2SchemaC4ESTest)
Schema.java,org.apache.avro.Schema,org.pitest.mutationtest.engine.gregor.mutators.NegateConditionalsMutator,applyAliases,2119,KILLED,org.apache.avro.ISW2SchemaC4ESTest.schema_ESTest_test042(org.apache.avro.ISW2SchemaC4ESTest)
Schema.java,org.apache.avro.Schema,org.pitest.mutationtest.engine.gregor.mutators.NegateConditionalsMutator,applyAliases,2124,KILLED,org.apache.avro.ISW2SchemaC4ESTest.schema_ESTest_test093(org.apache.avro.ISW2SchemaC4ESTest)
Schema.java,org.apache.avro.Schema,org.pitest.mutationtest.engine.gregor.mutators.NegateConditionalsMutator,applyAliases,2129,KILLED,org.apache.avro.ISW2SchemaC4ESTest.schema_ESTest_test151(org.apache.avro.ISW2SchemaC4ESTest)
Schema.java,org.apache.avro.Schema,org.pitest.mutationtest.engine.gregor.mutators.NegateConditionalsMutator,applyAliases,2139,KILLED,org.apache.avro.ISW2SchemaC4ESTest.schema_ESTest_test002(org.apache.avro.ISW2SchemaC4ESTest)
Schema.java,org.apache.avro.Schema,org.pitest.mutationtest.engine.gregor.mutators.NegateConditionalsMutator,applyAliases,2145,KILLED,org.apache.avro.ISW2SchemaC4ESTest.schema_ESTest_test029(org.apache.avro.ISW2SchemaC4ESTest)
Schema.java,org.apache.avro.Schema,org.pitest.mutationtest.engine.gregor.mutators.VoidMethodCallMutator,applyAliases,2113,SURVIVED,none
Schema.java,org.apache.avro.Schema,org.pitest.mutationtest.engine.gregor.mutators.VoidMethodCallMutator,applyAliases,2116,KILLED,org.apache.avro.ISW2SchemaC4ESTest.schema_ESTest_test151(org.apache.avro.ISW2SchemaC4ESTest)
Schema.java,org.apache.avro.Schema,org.pitest.mutationtest.engine.gregor.mutators.VoidMethodCallMutator,applyAliases,2146,KILLED,org.apache.avro.ISW2SchemaC4ESTest.schema_ESTest_test029(org.apache.avro.ISW2SchemaC4ESTest)
Schema.java,org.apache.avro.Schema,org.pitest.mutationtest.engine.gregor.mutators.returns.NullReturnValsMutator,applyAliases,2103,NO_COVERAGE,none
Schema.java,org.apache.avro.Schema,org.pitest.mutationtest.engine.gregor.mutators.returns.NullReturnValsMutator,applyAliases,2147,KILLED,org.apache.avro.ISW2SchemaC4ESTest.schema_ESTest_test002(org.apache.avro.ISW2SchemaC4ESTest)
Schema.java,org.apache.avro.Schema,org.pitest.mutationtest.engine.gregor.mutators.NegateConditionalsMutator,applyAliases,2078,KILLED,org.apache.avro.ISW2SchemaC4ESTest.schema_ESTest_test054(org.apache.avro.ISW2SchemaC4ESTest)
Schema.java,org.apache.avro.Schema,org.pitest.mutationtest.engine.gregor.mutators.NegateConditionalsMutator,applyAliases,2087,KILLED,org.apache.avro.ISW2SchemaC4ESTest.schema_ESTest_test030(org.apache.avro.ISW2SchemaC4ESTest)
Schema.java,org.apache.avro.Schema,org.pitest.mutationtest.engine.gregor.mutators.NegateConditionalsMutator,applyAliases,2087,KILLED,org.apache.avro.ISW2SchemaC4ESTest.schema_ESTest_test030(org.apache.avro.ISW2SchemaC4ESTest)
Schema.java,org.apache.avro.Schema,org.pitest.mutationtest.engine.gregor.mutators.VoidMethodCallMutator,applyAliases,2085,KILLED,org.apache.avro.ISW2SchemaC4ESTest.schema_ESTest_test054(org.apache.avro.ISW2SchemaC4ESTest)
Schema.java,org.apache.avro.Schema,org.pitest.mutationtest.engine.gregor.mutators.VoidMethodCallMutator,applyAliases,2090,SURVIVED,none
Schema.java,org.apache.avro.Schema,org.pitest.mutationtest.engine.gregor.mutators.returns.NullReturnValsMutator,applyAliases,2079,KILLED,org.apache.avro.ISW2SchemaC4ESTest.schema_ESTest_test031(org.apache.avro.ISW2SchemaC4ESTest)
Schema.java,org.apache.avro.Schema,org.pitest.mutationtest.engine.gregor.mutators.returns.NullReturnValsMutator,applyAliases,2088,KILLED,org.apache.avro.ISW2SchemaC4ESTest.schema_ESTest_test030(org.apache.avro.ISW2SchemaC4ESTest)
Schema.java,org.apache.avro.Schema,org.pitest.mutationtest.engine.gregor.mutators.returns.NullReturnValsMutator,applyAliases,2091,KILLED,org.apache.avro.ISW2SchemaC4ESTest.schema_ESTest_test002(org.apache.avro.ISW2SchemaC4ESTest)
Schema.java,org.apache.avro.Schema,org.pitest.mutationtest.engine.gregor.mutators.MathMutator,computeHash,508,SURVIVED,none
Schema.java,org.apache.avro.Schema,org.pitest.mutationtest.engine.gregor.mutators.returns.PrimitiveReturnsMutator,computeHash,508,SURVIVED,none
Schema.java,org.apache.avro.Schema,org.pitest.mutationtest.engine.gregor.mutators.returns.NullReturnValsMutator,create,167,KILLED,org.apache.avro.ISW2SchemaC4ESTest.schema_ESTest_test081(org.apache.avro.ISW2SchemaC4ESTest)
Schema.java,org.apache.avro.Schema,org.pitest.mutationtest.engine.gregor.mutators.returns.NullReturnValsMutator,create,169,KILLED,org.apache.avro.ISW2SchemaC4ESTest.schema_ESTest_test088(org.apache.avro.ISW2SchemaC4ESTest)
Schema.java,org.apache.avro.Schema,org.pitest.mutationtest.engine.gregor.mutators.returns.NullReturnValsMutator,create,171,KILLED,org.apache.avro.ISW2SchemaC4ESTest.schema_ESTest_test087(org.apache.avro.ISW2SchemaC4ESTest)
Schema.java,org.apache.avro.Schema,org.pitest.mutationtest.engine.gregor.mutators.returns.NullReturnValsMutator,create,173,KILLED,org.apache.avro.ISW2SchemaC4ESTest.schema_ESTest_test013(org.apache.avro.ISW2SchemaC4ESTest)
Schema.java,org.apache.avro.Schema,org.pitest.mutationtest.engine.gregor.mutators.returns.NullReturnValsMutator,create,175,KILLED,org.apache.avro.ISW2SchemaC4ESTest.schema_ESTest_test086(org.apache.avro.ISW2SchemaC4ESTest)
Schema.java,org.apache.avro.Schema,org.pitest.mutationtest.engine.gregor.mutators.returns.NullReturnValsMutator,create,177,KILLED,org.apache.avro.ISW2SchemaC4ESTest.schema_ESTest_test091(org.apache.avro.ISW2SchemaC4ESTest)
Schema.java,org.apache.avro.Schema,org.pitest.mutationtest.engine.gregor.mutators.returns.NullReturnValsMutator,create,179,KILLED,org.apache.avro.ISW2SchemaC4ESTest.schema_ESTest_test015(org.apache.avro.ISW2SchemaC4ESTest)
Schema.java,org.apache.avro.Schema,org.pitest.mutationtest.engine.gregor.mutators.returns.NullReturnValsMutator,create,181,KILLED,org.apache.avro.ISW2SchemaC4ESTest.schema_ESTest_test089(org.apache.avro.ISW2SchemaC4ESTest)
Schema.java,org.apache.avro.Schema,org.pitest.mutationtest.engine.gregor.mutators.returns.NullReturnValsMutator,createArray,255,KILLED,org.apache.avro.ISW2SchemaC4ESTest.schema_ESTest_test121(org.apache.avro.ISW2SchemaC4ESTest)
Schema.java,org.apache.avro.Schema,org.pitest.mutationtest.engine.gregor.mutators.returns.NullReturnValsMutator,createEnum,245,KILLED,org.apache.avro.ISW2SchemaC4ESTest.schema_ESTest_test044(org.apache.avro.ISW2SchemaC4ESTest)
Schema.java,org.apache.avro.Schema,org.pitest.mutationtest.engine.gregor.mutators.returns.NullReturnValsMutator,createEnum,250,KILLED,org.apache.avro.ISW2SchemaC4ESTest.schema_ESTest_test045(org.apache.avro.ISW2SchemaC4ESTest)
Schema.java,org.apache.avro.Schema,org.pitest.mutationtest.engine.gregor.mutators.returns.NullReturnValsMutator,createFixed,275,KILLED,org.apache.avro.ISW2SchemaC4ESTest.schema_ESTest_test023(org.apache.avro.ISW2SchemaC4ESTest)
Schema.java,org.apache.avro.Schema,org.pitest.mutationtest.engine.gregor.mutators.returns.NullReturnValsMutator,createMap,260,KILLED,org.apache.avro.ISW2SchemaC4ESTest.schema_ESTest_test077(org.apache.avro.ISW2SchemaC4ESTest)
Schema.java,org.apache.avro.Schema,org.pitest.mutationtest.engine.gregor.mutators.returns.NullReturnValsMutator,createRecord,235,KILLED,org.apache.avro.ISW2SchemaC4ESTest.schema_ESTest_test056(org.apache.avro.ISW2SchemaC4ESTest)
Schema.java,org.apache.avro.Schema,org.pitest.mutationtest.engine.gregor.mutators.returns.NullReturnValsMutator,createRecord,240,KILLED,org.apache.avro.ISW2SchemaC4ESTest.schema_ESTest_test141(org.apache.avro.ISW2SchemaC4ESTest)
Schema.java,org.apache.avro.Schema,org.pitest.mutationtest.engine.gregor.mutators.VoidMethodCallMutator,createRecord,229,KILLED,org.apache.avro.ISW2SchemaC4ESTest.schema_ESTest_test056(org.apache.avro.ISW2SchemaC4ESTest)
Schema.java,org.apache.avro.Schema,org.pitest.mutationtest.engine.gregor.mutators.returns.NullReturnValsMutator,createRecord,230,KILLED,org.apache.avro.ISW2SchemaC4ESTest.schema_ESTest_test056(org.apache.avro.ISW2SchemaC4ESTest)
Schema.java,org.apache.avro.Schema,org.pitest.mutationtest.engine.gregor.mutators.returns.NullReturnValsMutator,createUnion,265,KILLED,org.apache.avro.ISW2SchemaC4ESTest.schemaParser_ESTest_test3(org.apache.avro.ISW2SchemaC4ESTest)
Schema.java,org.apache.avro.Schema,org.pitest.mutationtest.engine.gregor.mutators.returns.NullReturnValsMutator,createUnion,270,KILLED,org.apache.avro.ISW2SchemaC4ESTest.schema_ESTest_test004(org.apache.avro.ISW2SchemaC4ESTest)
Schema.java,org.apache.avro.Schema,org.pitest.mutationtest.engine.gregor.mutators.NegateConditionalsMutator,equalCachedHash,512,SURVIVED,none
Schema.java,org.apache.avro.Schema,org.pitest.mutationtest.engine.gregor.mutators.NegateConditionalsMutator,equalCachedHash,512,KILLED,org.apache.avro.ISW2SchemaC4ESTest.schema_ESTest_test078(org.apache.avro.ISW2SchemaC4ESTest)
Schema.java,org.apache.avro.Schema,org.pitest.mutationtest.engine.gregor.mutators.NegateConditionalsMutator,equalCachedHash,512,KILLED,org.apache.avro.ISW2SchemaC4ESTest.schema_ESTest_test078(org.apache.avro.ISW2SchemaC4ESTest)
Schema.java,org.apache.avro.Schema,org.pitest.mutationtest.engine.gregor.mutators.returns.BooleanTrueReturnValsMutator,equalCachedHash,512,SURVIVED,none
Schema.java,org.apache.avro.Schema,org.pitest.mutationtest.engine.gregor.mutators.NegateConditionalsMutator,equals,490,KILLED,org.apache.avro.ISW2SchemaC4ESTest.schema_ESTest_test080(org.apache.avro.ISW2SchemaC4ESTest)
Schema.java,org.apache.avro.Schema,org.pitest.mutationtest.engine.gregor.mutators.NegateConditionalsMutator,equals,492,KILLED,org.apache.avro.ISW2SchemaC4ESTest.schema_ESTest_test080(org.apache.avro.ISW2SchemaC4ESTest)
Schema.java,org.apache.avro.Schema,org.pitest.mutationtest.engine.gregor.mutators.NegateConditionalsMutator,equals,495,KILLED,org.apache.avro.ISW2SchemaC4ESTest.schema_ESTest_test036(org.apache.avro.ISW2SchemaC4ESTest)
Schema.java,org.apache.avro.Schema,org.pitest.mutationtest.engine.gregor.mutators.NegateConditionalsMutator,equals,497,KILLED,org.apache.avro.ISW2SchemaC4ESTest.schema_ESTest_test081(org.apache.avro.ISW2SchemaC4ESTest)
Schema.java,org.apache.avro.Schema,org.pitest.mutationtest.engine.gregor.mutators.NegateConditionalsMutator,equals,497,KILLED,org.apache.avro.ISW2SchemaC4ESTest.schema_ESTest_test081(org.apache.avro.ISW2SchemaC4ESTest)
Schema.java,org.apache.avro.Schema,org.pitest.mutationtest.engine.gregor.mutators.returns.BooleanFalseReturnValsMutator,equals,491,KILLED,org.apache.avro.ISW2SchemaC4ESTest.schema_ESTest_test036(org.apache.avro.ISW2SchemaC4ESTest)
Schema.java,org.apache.avro.Schema,org.pitest.mutationtest.engine.gregor.mutators.returns.BooleanTrueReturnValsMutator,equals,493,KILLED,org.apache.avro.ISW2SchemaC4ESTest.schema_ESTest_test080(org.apache.avro.ISW2SchemaC4ESTest)
Schema.java,org.apache.avro.Schema,org.pitest.mutationtest.engine.gregor.mutators.returns.BooleanTrueReturnValsMutator,equals,496,KILLED,org.apache.avro.ISW2SchemaC4ESTest.schema_ESTest_test036(org.apache.avro.ISW2SchemaC4ESTest)
Schema.java,org.apache.avro.Schema,org.pitest.mutationtest.engine.gregor.mutators.returns.BooleanTrueReturnValsMutator,equals,497,SURVIVED,none
Schema.java,org.apache.avro.Schema,org.pitest.mutationtest.engine.gregor.mutators.NegateConditionalsMutator,getAliases,2153,KILLED,org.apache.avro.ISW2SchemaC4ESTest.schema_ESTest_test030(org.apache.avro.ISW2SchemaC4ESTest)
Schema.java,org.apache.avro.Schema,org.pitest.mutationtest.engine.gregor.mutators.NegateConditionalsMutator,getAliases,2155,KILLED,org.apache.avro.ISW2SchemaC4ESTest.schema_ESTest_test035(org.apache.avro.ISW2SchemaC4ESTest)
Schema.java,org.apache.avro.Schema,org.pitest.mutationtest.engine.gregor.mutators.NegateConditionalsMutator,getAliases,2161,KILLED,org.apache.avro.ISW2SchemaC4ESTest.schema_ESTest_test054(org.apache.avro.ISW2SchemaC4ESTest)
Schema.java,org.apache.avro.Schema,org.pitest.mutationtest.engine.gregor.mutators.NegateConditionalsMutator,getAliases,2166,KILLED,org.apache.avro.ISW2SchemaC4ESTest.schema_ESTest_test001(org.apache.avro.ISW2SchemaC4ESTest)
Schema.java,org.apache.avro.Schema,org.pitest.mutationtest.engine.gregor.mutators.NegateConditionalsMutator,getAliases,2173,KILLED,org.apache.avro.ISW2SchemaC4ESTest.schema_ESTest_test093(org.apache.avro.ISW2SchemaC4ESTest)
Schema.java,org.apache.avro.Schema,org.pitest.mutationtest.engine.gregor.mutators.NegateConditionalsMutator,getAliases,2173,SURVIVED,none
Schema.java,org.apache.avro.Schema,org.pitest.mutationtest.engine.gregor.mutators.VoidMethodCallMutator,getAliases,2171,SURVIVED,none
Schema.java,org.apache.avro.Schema,org.pitest.mutationtest.engine.gregor.mutators.VoidMethodCallMutator,getAliases,2178,KILLED,org.apache.avro.ISW2SchemaC4ESTest.schema_ESTest_test037(org.apache.avro.ISW2SchemaC4ESTest)
Schema.java,org.apache.avro.Schema,org.pitest.mutationtest.engine.gregor.mutators.VoidMethodCallMutator,getAliases,2181,KILLED,org.apache.avro.ISW2SchemaC4ESTest.schema_ESTest_test096(org.apache.avro.ISW2SchemaC4ESTest)
Schema.java,org.apache.avro.Schema,org.pitest.mutationtest.engine.gregor.mutators.VoidMethodCallMutator,getAliases,2185,SURVIVED,none
Schema.java,org.apache.avro.Schema,org.pitest.mutationtest.engine.gregor.mutators.returns.EmptyObjectReturnValsMutator,getDoc,348,KILLED,org.apache.avro.ISW2SchemaC4ESTest.schema_ESTest_test121(org.apache.avro.ISW2SchemaC4ESTest)
Schema.java,org.apache.avro.Schema,org.pitest.mutationtest.engine.gregor.mutators.NegateConditionalsMutator,getFieldAlias,2192,SURVIVED,none
Schema.java,org.apache.avro.Schema,org.pitest.mutationtest.engine.gregor.mutators.NegateConditionalsMutator,getFieldAlias,2195,KILLED,org.apache.avro.ISW2SchemaC4ESTest.schema_ESTest_test093(org.apache.avro.ISW2SchemaC4ESTest)
Schema.java,org.apache.avro.Schema,org.pitest.mutationtest.engine.gregor.mutators.returns.EmptyObjectReturnValsMutator,getFieldAlias,2193,NO_COVERAGE,none
Schema.java,org.apache.avro.Schema,org.pitest.mutationtest.engine.gregor.mutators.returns.EmptyObjectReturnValsMutator,getFieldAlias,2196,KILLED,org.apache.avro.ISW2SchemaC4ESTest.schema_ESTest_test093(org.apache.avro.ISW2SchemaC4ESTest)
Schema.java,org.apache.avro.Schema,org.pitest.mutationtest.engine.gregor.mutators.returns.EmptyObjectReturnValsMutator,getFieldAlias,2197,NO_COVERAGE,none
Schema.java,org.apache.avro.Schema,org.pitest.mutationtest.engine.gregor.mutators.returns.EmptyObjectReturnValsMutator,getFullName,361,KILLED,org.apache.avro.ISW2SchemaC4ESTest.schema_ESTest_test098(org.apache.avro.ISW2SchemaC4ESTest)
Schema.java,org.apache.avro.Schema,org.pitest.mutationtest.engine.gregor.mutators.returns.NullReturnValsMutator,getLogicalType,210,SURVIVED,none
Schema.java,org.apache.avro.Schema,org.pitest.mutationtest.engine.gregor.mutators.returns.EmptyObjectReturnValsMutator,getName,340,KILLED,org.apache.avro.ISW2SchemaC4ESTest.schema_ESTest_test098(org.apache.avro.ISW2SchemaC4ESTest)
Schema.java,org.apache.avro.Schema,org.pitest.mutationtest.engine.gregor.mutators.returns.NullReturnValsMutator,getNameValidator,1722,SURVIVED,none
Schema.java,org.apache.avro.Schema,org.pitest.mutationtest.engine.gregor.mutators.NegateConditionalsMutator,getOptionalText,2052,KILLED,org.apache.avro.ISW2SchemaC4ESTest.schema_ESTest_test008(org.apache.avro.ISW2SchemaC4ESTest)
Schema.java,org.apache.avro.Schema,org.pitest.mutationtest.engine.gregor.mutators.returns.EmptyObjectReturnValsMutator,getOptionalText,2052,KILLED,org.apache.avro.ISW2SchemaC4ESTest.schema_ESTest_test008(org.apache.avro.ISW2SchemaC4ESTest)
Schema.java,org.apache.avro.Schema,org.pitest.mutationtest.engine.gregor.mutators.NegateConditionalsMutator,getRequiredText,2043,KILLED,org.apache.avro.ISW2SchemaC4ESTest.schema_ESTest_test008(org.apache.avro.ISW2SchemaC4ESTest)
Schema.java,org.apache.avro.Schema,org.pitest.mutationtest.engine.gregor.mutators.returns.EmptyObjectReturnValsMutator,getRequiredText,2046,KILLED,org.apache.avro.ISW2SchemaC4ESTest.schema_ESTest_test008(org.apache.avro.ISW2SchemaC4ESTest)
Schema.java,org.apache.avro.Schema,org.pitest.mutationtest.engine.gregor.mutators.returns.NullReturnValsMutator,getType,280,KILLED,org.apache.avro.ISW2SchemaC4ESTest.schema_ESTest_test091(org.apache.avro.ISW2SchemaC4ESTest)
Schema.java,org.apache.avro.Schema,org.pitest.mutationtest.engine.gregor.mutators.returns.BooleanFalseReturnValsMutator,getValidateDefaults,1748,KILLED,org.apache.avro.ISW2SchemaC4ESTest.schema_ESTest_test118(org.apache.avro.ISW2SchemaC4ESTest)
Schema.java,org.apache.avro.Schema,org.pitest.mutationtest.engine.gregor.mutators.returns.BooleanTrueReturnValsMutator,getValidateDefaults,1748,SURVIVED,none
Schema.java,org.apache.avro.Schema,org.pitest.mutationtest.engine.gregor.mutators.NegateConditionalsMutator,hashCode,502,KILLED,org.apache.avro.ISW2SchemaC4ESTest.schema_ESTest_test094(org.apache.avro.ISW2SchemaC4ESTest)
Schema.java,org.apache.avro.Schema,org.pitest.mutationtest.engine.gregor.mutators.returns.PrimitiveReturnsMutator,hashCode,504,SURVIVED,none
Schema.java,org.apache.avro.Schema,org.pitest.mutationtest.engine.gregor.mutators.NegateConditionalsMutator,isNullable,525,NO_COVERAGE,none
Schema.java,org.apache.avro.Schema,org.pitest.mutationtest.engine.gregor.mutators.NegateConditionalsMutator,isNullable,530,NO_COVERAGE,none
Schema.java,org.apache.avro.Schema,org.pitest.mutationtest.engine.gregor.mutators.returns.BooleanFalseReturnValsMutator,isNullable,526,NO_COVERAGE,none
Schema.java,org.apache.avro.Schema,org.pitest.mutationtest.engine.gregor.mutators.returns.BooleanFalseReturnValsMutator,isNullable,531,NO_COVERAGE,none
Schema.java,org.apache.avro.Schema,org.pitest.mutationtest.engine.gregor.mutators.returns.BooleanTrueReturnValsMutator,isNullable,526,NO_COVERAGE,none
Schema.java,org.apache.avro.Schema,org.pitest.mutationtest.engine.gregor.mutators.returns.BooleanTrueReturnValsMutator,isNullable,535,NO_COVERAGE,none
Schema.java,org.apache.avro.Schema,org.pitest.mutationtest.engine.gregor.mutators.returns.BooleanFalseReturnValsMutator,isUnion,520,SURVIVED,none
Schema.java,org.apache.avro.Schema,org.pitest.mutationtest.engine.gregor.mutators.returns.BooleanTrueReturnValsMutator,isUnion,520,KILLED,org.apache.avro.ISW2SchemaC4ESTest.schema_ESTest_test024(org.apache.avro.ISW2SchemaC4ESTest)
Schema.java,org.apache.avro.Schema,org.pitest.mutationtest.engine.gregor.mutators.returns.BooleanFalseReturnValsMutator,isValidDefault,1758,KILLED,org.apache.avro.ISW2SchemaC4ESTest.schema_ESTest_test086(org.apache.avro.ISW2SchemaC4ESTest)
Schema.java,org.apache.avro.Schema,org.pitest.mutationtest.engine.gregor.mutators.returns.BooleanTrueReturnValsMutator,isValidDefault,1758,KILLED,org.apache.avro.ISW2SchemaC4ESTest.schema_ESTest_test088(org.apache.avro.ISW2SchemaC4ESTest)
Schema.java,org.apache.avro.Schema,org.pitest.mutationtest.engine.gregor.mutators.NegateConditionalsMutator,isValidDefault,1762,KILLED,org.apache.avro.ISW2SchemaC4ESTest.schema_ESTest_test086(org.apache.avro.ISW2SchemaC4ESTest)
Schema.java,org.apache.avro.Schema,org.pitest.mutationtest.engine.gregor.mutators.NegateConditionalsMutator,isValidDefault,1771,KILLED,org.apache.avro.ISW2SchemaC4ESTest.schema_ESTest_test087(org.apache.avro.ISW2SchemaC4ESTest)
Schema.java,org.apache.avro.Schema,org.pitest.mutationtest.engine.gregor.mutators.NegateConditionalsMutator,isValidDefault,1771,KILLED,org.apache.avro.ISW2SchemaC4ESTest.schema_ESTest_test087(org.apache.avro.ISW2SchemaC4ESTest)
Schema.java,org.apache.avro.Schema,org.pitest.mutationtest.engine.gregor.mutators.NegateConditionalsMutator,isValidDefault,1773,KILLED,org.apache.avro.ISW2SchemaC4ESTest.schema_ESTest_test013(org.apache.avro.ISW2SchemaC4ESTest)
Schema.java,org.apache.avro.Schema,org.pitest.mutationtest.engine.gregor.mutators.NegateConditionalsMutator,isValidDefault,1773,KILLED,org.apache.avro.ISW2SchemaC4ESTest.schema_ESTest_test013(org.apache.avro.ISW2SchemaC4ESTest)
Schema.java,org.apache.avro.Schema,org.pitest.mutationtest.engine.gregor.mutators.NegateConditionalsMutator,isValidDefault,1782,KILLED,org.apache.avro.ISW2SchemaC4ESTest.schema_ESTest_test017(org.apache.avro.ISW2SchemaC4ESTest)
Schema.java,org.apache.avro.Schema,org.pitest.mutationtest.engine.gregor.mutators.NegateConditionalsMutator,isValidDefault,1785,NO_COVERAGE,none
Schema.java,org.apache.avro.Schema,org.pitest.mutationtest.engine.gregor.mutators.NegateConditionalsMutator,isValidDefault,1789,KILLED,org.apache.avro.ISW2SchemaC4ESTest.schema_ESTest_test011(org.apache.avro.ISW2SchemaC4ESTest)
Schema.java,org.apache.avro.Schema,org.pitest.mutationtest.engine.gregor.mutators.NegateConditionalsMutator,isValidDefault,1792,NO_COVERAGE,none
Schema.java,org.apache.avro.Schema,org.pitest.mutationtest.engine.gregor.mutators.NegateConditionalsMutator,isValidDefault,1798,KILLED,org.apache.avro.ISW2SchemaC4ESTest.schema_ESTest_test010(org.apache.avro.ISW2SchemaC4ESTest)
Schema.java,org.apache.avro.Schema,org.pitest.mutationtest.engine.gregor.mutators.NegateConditionalsMutator,isValidDefault,1802,KILLED,org.apache.avro.ISW2SchemaC4ESTest.schema_ESTest_test010(org.apache.avro.ISW2SchemaC4ESTest)
Schema.java,org.apache.avro.Schema,org.pitest.mutationtest.engine.gregor.mutators.NegateConditionalsMutator,isValidDefault,1801,KILLED,org.apache.avro.ISW2SchemaC4ESTest.schema_ESTest_test141(org.apache.avro.ISW2SchemaC4ESTest)
Schema.java,org.apache.avro.Schema,org.pitest.mutationtest.engine.gregor.mutators.returns.BooleanFalseReturnValsMutator,isValidDefault,1769,KILLED,org.apache.avro.ISW2SchemaC4ESTest.schema_ESTest_test020(org.apache.avro.ISW2SchemaC4ESTest)
Schema.java,org.apache.avro.Schema,org.pitest.mutationtest.engine.gregor.mutators.returns.BooleanFalseReturnValsMutator,isValidDefault,1776,KILLED,org.apache.avro.ISW2SchemaC4ESTest.schema_ESTest_test086(org.apache.avro.ISW2SchemaC4ESTest)
Schema.java,org.apache.avro.Schema,org.pitest.mutationtest.engine.gregor.mutators.returns.BooleanFalseReturnValsMutator,isValidDefault,1778,SURVIVED,none
Schema.java,org.apache.avro.Schema,org.pitest.mutationtest.engine.gregor.mutators.returns.BooleanFalseReturnValsMutator,isValidDefault,1780,SURVIVED,none
Schema.java,org.apache.avro.Schema,org.pitest.mutationtest.engine.gregor.mutators.returns.BooleanFalseReturnValsMutator,isValidDefault,1787,KILLED,org.apache.avro.ISW2SchemaC4ESTest.schema_ESTest_test017(org.apache.avro.ISW2SchemaC4ESTest)
Schema.java,org.apache.avro.Schema,org.pitest.mutationtest.engine.gregor.mutators.returns.BooleanFalseReturnValsMutator,isValidDefault,1794,KILLED,org.apache.avro.ISW2SchemaC4ESTest.schema_ESTest_test012(org.apache.avro.ISW2SchemaC4ESTest)
Schema.java,org.apache.avro.Schema,org.pitest.mutationtest.engine.gregor.mutators.returns.BooleanFalseReturnValsMutator,isValidDefault,1796,NO_COVERAGE,none
Schema.java,org.apache.avro.Schema,org.pitest.mutationtest.engine.gregor.mutators.returns.BooleanFalseReturnValsMutator,isValidDefault,1804,KILLED,org.apache.avro.ISW2SchemaC4ESTest.schema_ESTest_test010(org.apache.avro.ISW2SchemaC4ESTest)
Schema.java,org.apache.avro.Schema,org.pitest.mutationtest.engine.gregor.mutators.returns.BooleanTrueReturnValsMutator,isValidDefault,1763,KILLED,org.apache.avro.ISW2SchemaC4ESTest.schema_ESTest_test019(org.apache.avro.ISW2SchemaC4ESTest)
Schema.java,org.apache.avro.Schema,org.pitest.mutationtest.engine.gregor.mutators.returns.BooleanTrueReturnValsMutator,isValidDefault,1769,KILLED,org.apache.avro.ISW2SchemaC4ESTest.schema_ESTest_test099(org.apache.avro.ISW2SchemaC4ESTest)
Schema.java,org.apache.avro.Schema,org.pitest.mutationtest.engine.gregor.mutators.returns.BooleanTrueReturnValsMutator,isValidDefault,1771,KILLED,org.apache.avro.ISW2SchemaC4ESTest.schema_ESTest_test014(org.apache.avro.ISW2SchemaC4ESTest)
Schema.java,org.apache.avro.Schema,org.pitest.mutationtest.engine.gregor.mutators.returns.BooleanTrueReturnValsMutator,isValidDefault,1773,KILLED,org.apache.avro.ISW2SchemaC4ESTest.schema_ESTest_test092(org.apache.avro.ISW2SchemaC4ESTest)
Schema.java,org.apache.avro.Schema,org.pitest.mutationtest.engine.gregor.mutators.returns.BooleanTrueReturnValsMutator,isValidDefault,1776,KILLED,org.apache.avro.ISW2SchemaC4ESTest.schema_ESTest_test091(org.apache.avro.ISW2SchemaC4ESTest)
Schema.java,org.apache.avro.Schema,org.pitest.mutationtest.engine.gregor.mutators.returns.BooleanTrueReturnValsMutator,isValidDefault,1778,KILLED,org.apache.avro.ISW2SchemaC4ESTest.schema_ESTest_test015(org.apache.avro.ISW2SchemaC4ESTest)
Schema.java,org.apache.avro.Schema,org.pitest.mutationtest.engine.gregor.mutators.returns.BooleanTrueReturnValsMutator,isValidDefault,1780,KILLED,org.apache.avro.ISW2SchemaC4ESTest.schema_ESTest_test089(org.apache.avro.ISW2SchemaC4ESTest)
Schema.java,org.apache.avro.Schema,org.pitest.mutationtest.engine.gregor.mutators.returns.BooleanTrueReturnValsMutator,isValidDefault,1783,NO_COVERAGE,none
Schema.java,org.apache.avro.Schema,org.pitest.mutationtest.engine.gregor.mutators.returns.BooleanTrueReturnValsMutator,isValidDefault,1786,NO_COVERAGE,none
Schema.java,org.apache.avro.Schema,org.pitest.mutationtest.engine.gregor.mutators.returns.BooleanTrueReturnValsMutator,isValidDefault,1790,NO_COVERAGE,none
Schema.java,org.apache.avro.Schema,org.pitest.mutationtest.engine.gregor.mutators.returns.BooleanTrueReturnValsMutator,isValidDefault,1793,NO_COVERAGE,none
Schema.java,org.apache.avro.Schema,org.pitest.mutationtest.engine.gregor.mutators.returns.BooleanTrueReturnValsMutator,isValidDefault,1796,NO_COVERAGE,none
Schema.java,org.apache.avro.Schema,org.pitest.mutationtest.engine.gregor.mutators.returns.BooleanTrueReturnValsMutator,isValidDefault,1799,NO_COVERAGE,none
Schema.java,org.apache.avro.Schema,org.pitest.mutationtest.engine.gregor.mutators.returns.BooleanTrueReturnValsMutator,isValidDefault,1803,KILLED,org.apache.avro.ISW2SchemaC4ESTest.schema_ESTest_test141(org.apache.avro.ISW2SchemaC4ESTest)
Schema.java,org.apache.avro.Schema,org.pitest.mutationtest.engine.gregor.mutators.returns.BooleanTrueReturnValsMutator,isValidDefault,1806,NO_COVERAGE,none
Schema.java,org.apache.avro.Schema,org.pitest.mutationtest.engine.gregor.mutators.NegateConditionalsMutator,isValidValue,1818,KILLED,org.apache.avro.ISW2SchemaC4ESTest.schema_ESTest_test010(org.apache.avro.ISW2SchemaC4ESTest)
Schema.java,org.apache.avro.Schema,org.pitest.mutationtest.engine.gregor.mutators.NegateConditionalsMutator,isValidValue,1820,KILLED,org.apache.avro.ISW2SchemaC4ESTest.schema_ESTest_test122(org.apache.avro.ISW2SchemaC4ESTest)
Schema.java,org.apache.avro.Schema,org.pitest.mutationtest.engine.gregor.mutators.NegateConditionalsMutator,isValidValue,1823,NO_COVERAGE,none
Schema.java,org.apache.avro.Schema,org.pitest.mutationtest.engine.gregor.mutators.returns.BooleanFalseReturnValsMutator,isValidValue,1824,NO_COVERAGE,none
Schema.java,org.apache.avro.Schema,org.pitest.mutationtest.engine.gregor.mutators.returns.BooleanFalseReturnValsMutator,isValidValue,1830,KILLED,org.apache.avro.ISW2SchemaC4ESTest.schema_ESTest_test010(org.apache.avro.ISW2SchemaC4ESTest)
Schema.java,org.apache.avro.Schema,org.pitest.mutationtest.engine.gregor.mutators.returns.BooleanTrueReturnValsMutator,isValidValue,1819,KILLED,org.apache.avro.ISW2SchemaC4ESTest.schema_ESTest_test141(org.apache.avro.ISW2SchemaC4ESTest)
Schema.java,org.apache.avro.Schema,org.pitest.mutationtest.engine.gregor.mutators.returns.BooleanTrueReturnValsMutator,isValidValue,1827,NO_COVERAGE,none
Schema.java,org.apache.avro.Schema,org.pitest.mutationtest.engine.gregor.mutators.returns.BooleanTrueReturnValsMutator,isValidValue,1830,KILLED,org.apache.avro.ISW2SchemaC4ESTest.schema_ESTest_test122(org.apache.avro.ISW2SchemaC4ESTest)
Schema.java,org.apache.avro.Schema,org.pitest.mutationtest.engine.gregor.mutators.returns.EmptyObjectReturnValsMutator,lambda$getAliases$4,2168,KILLED,org.apache.avro.ISW2SchemaC4ESTest.schema_ESTest_test000(org.apache.avro.ISW2SchemaC4ESTest)
Schema.java,org.apache.avro.Schema,org.pitest.mutationtest.engine.gregor.mutators.returns.BooleanFalseReturnValsMutator,lambda$isValidDefault$2,1796,NO_COVERAGE,none
Schema.java,org.apache.avro.Schema,org.pitest.mutationtest.engine.gregor.mutators.returns.BooleanTrueReturnValsMutator,lambda$isValidDefault$2,1796,NO_COVERAGE,none
Schema.java,org.apache.avro.Schema,org.pitest.mutationtest.engine.gregor.mutators.NegateConditionalsMutator,lambda$parseProperties$3,1995,KILLED,org.apache.avro.ISW2SchemaC4ESTest.schema_ESTest_test008(org.apache.avro.ISW2SchemaC4ESTest)
Schema.java,org.apache.avro.Schema,org.pitest.mutationtest.engine.gregor.mutators.VoidMethodCallMutator,lambda$parseProperties$3,1996,KILLED,org.apache.avro.ISW2SchemaC4ESTest.schema_ESTest_test136(org.apache.avro.ISW2SchemaC4ESTest)
Schema.java,org.apache.avro.Schema,org.pitest.mutationtest.engine.gregor.mutators.NegateConditionalsMutator,parse,1836,KILLED,org.apache.avro.ISW2SchemaC4ESTest.schema_ESTest_test081(org.apache.avro.ISW2SchemaC4ESTest)
Schema.java,org.apache.avro.Schema,org.pitest.mutationtest.engine.gregor.mutators.NegateConditionalsMutator,parse,1838,KILLED,org.apache.avro.ISW2SchemaC4ESTest.schema_ESTest_test081(org.apache.avro.ISW2SchemaC4ESTest)
Schema.java,org.apache.avro.Schema,org.pitest.mutationtest.engine.gregor.mutators.NegateConditionalsMutator,parse,1840,KILLED,org.apache.avro.ISW2SchemaC4ESTest.schema_ESTest_test081(org.apache.avro.ISW2SchemaC4ESTest)
Schema.java,org.apache.avro.Schema,org.pitest.mutationtest.engine.gregor.mutators.NegateConditionalsMutator,parse,1843,KILLED,org.apache.avro.ISW2SchemaC4ESTest.schema_ESTest_test008(org.apache.avro.ISW2SchemaC4ESTest)
Schema.java,org.apache.avro.Schema,org.pitest.mutationtest.engine.gregor.mutators.NegateConditionalsMutator,parse,1845,KILLED,org.apache.avro.ISW2SchemaC4ESTest.schema_ESTest_test008(org.apache.avro.ISW2SchemaC4ESTest)
Schema.java,org.apache.avro.Schema,org.pitest.mutationtest.engine.gregor.mutators.NegateConditionalsMutator,parse,1845,KILLED,org.apache.avro.ISW2SchemaC4ESTest.schema_ESTest_test008(org.apache.avro.ISW2SchemaC4ESTest)
Schema.java,org.apache.avro.Schema,org.pitest.mutationtest.engine.gregor.mutators.NegateConditionalsMutator,parse,1847,KILLED,org.apache.avro.ISW2SchemaC4ESTest.schema_ESTest_test008(org.apache.avro.ISW2SchemaC4ESTest)
Schema.java,org.apache.avro.Schema,org.pitest.mutationtest.engine.gregor.mutators.NegateConditionalsMutator,parse,1849,KILLED,org.apache.avro.ISW2SchemaC4ESTest.schema_ESTest_test008(org.apache.avro.ISW2SchemaC4ESTest)
Schema.java,org.apache.avro.Schema,org.pitest.mutationtest.engine.gregor.mutators.NegateConditionalsMutator,parse,1851,KILLED,org.apache.avro.ISW2SchemaC4ESTest.schema_ESTest_test008(org.apache.avro.ISW2SchemaC4ESTest)
Schema.java,org.apache.avro.Schema,org.pitest.mutationtest.engine.gregor.mutators.NegateConditionalsMutator,parse,1853,KILLED,org.apache.avro.ISW2SchemaC4ESTest.schema_ESTest_test008(org.apache.avro.ISW2SchemaC4ESTest)
Schema.java,org.apache.avro.Schema,org.pitest.mutationtest.engine.gregor.mutators.NegateConditionalsMutator,parse,1859,KILLED,org.apache.avro.ISW2SchemaC4ESTest.schema_ESTest_test006(org.apache.avro.ISW2SchemaC4ESTest)
Schema.java,org.apache.avro.Schema,org.pitest.mutationtest.engine.gregor.mutators.returns.NullReturnValsMutator,parse,1839,KILLED,org.apache.avro.ISW2SchemaC4ESTest.schema_ESTest_test081(org.apache.avro.ISW2SchemaC4ESTest)
Schema.java,org.apache.avro.Schema,org.pitest.mutationtest.engine.gregor.mutators.returns.NullReturnValsMutator,parse,1844,NO_COVERAGE,none
Schema.java,org.apache.avro.Schema,org.pitest.mutationtest.engine.gregor.mutators.returns.NullReturnValsMutator,parse,1846,SURVIVED,none
Schema.java,org.apache.avro.Schema,org.pitest.mutationtest.engine.gregor.mutators.returns.NullReturnValsMutator,parse,1848,KILLED,org.apache.avro.ISW2SchemaC4ESTest.schema_ESTest_test007(org.apache.avro.ISW2SchemaC4ESTest)
Schema.java,org.apache.avro.Schema,org.pitest.mutationtest.engine.gregor.mutators.returns.NullReturnValsMutator,parse,1850,NO_COVERAGE,none
Schema.java,org.apache.avro.Schema,org.pitest.mutationtest.engine.gregor.mutators.returns.NullReturnValsMutator,parse,1852,NO_COVERAGE,none
Schema.java,org.apache.avro.Schema,org.pitest.mutationtest.engine.gregor.mutators.returns.NullReturnValsMutator,parse,1854,KILLED,org.apache.avro.ISW2SchemaC4ESTest.schema_ESTest_test008(org.apache.avro.ISW2SchemaC4ESTest)
Schema.java,org.apache.avro.Schema,org.pitest.mutationtest.engine.gregor.mutators.returns.NullReturnValsMutator,parse,1860,KILLED,org.apache.avro.ISW2SchemaC4ESTest.schema_ESTest_test081(org.apache.avro.ISW2SchemaC4ESTest)
Schema.java,org.apache.avro.Schema,org.pitest.mutationtest.engine.gregor.mutators.returns.NullReturnValsMutator,parse,1592,NO_COVERAGE,none
Schema.java,org.apache.avro.Schema,org.pitest.mutationtest.engine.gregor.mutators.returns.NullReturnValsMutator,parse,1607,NO_COVERAGE,none
Schema.java,org.apache.avro.Schema,org.pitest.mutationtest.engine.gregor.mutators.returns.NullReturnValsMutator,parse,1617,KILLED,org.apache.avro.ISW2SchemaC4ESTest.schema_ESTest_test081(org.apache.avro.ISW2SchemaC4ESTest)
Schema.java,org.apache.avro.Schema,org.pitest.mutationtest.engine.gregor.mutators.NegateConditionalsMutator,parse,1628,SURVIVED,none
Schema.java,org.apache.avro.Schema,org.pitest.mutationtest.engine.gregor.mutators.returns.NullReturnValsMutator,parse,1629,NO_COVERAGE,none
Schema.java,org.apache.avro.Schema,org.pitest.mutationtest.engine.gregor.mutators.NegateConditionalsMutator,parseAliases,2020,KILLED,org.apache.avro.ISW2SchemaC4ESTest.schema_ESTest_test008(org.apache.avro.ISW2SchemaC4ESTest)
Schema.java,org.apache.avro.Schema,org.pitest.mutationtest.engine.gregor.mutators.NegateConditionalsMutator,parseAliases,2022,NO_COVERAGE,none
Schema.java,org.apache.avro.Schema,org.pitest.mutationtest.engine.gregor.mutators.NegateConditionalsMutator,parseAliases,2026,NO_COVERAGE,none
Schema.java,org.apache.avro.Schema,org.pitest.mutationtest.engine.gregor.mutators.returns.EmptyObjectReturnValsMutator,parseAliases,2021,SURVIVED,none
Schema.java,org.apache.avro.Schema,org.pitest.mutationtest.engine.gregor.mutators.returns.EmptyObjectReturnValsMutator,parseAliases,2030,NO_COVERAGE,none
Schema.java,org.apache.avro.Schema,org.pitest.mutationtest.engine.gregor.mutators.NegateConditionalsMutator,parseAliases,2013,KILLED,org.apache.avro.ISW2SchemaC4ESTest.schema_ESTest_test008(org.apache.avro.ISW2SchemaC4ESTest)
Schema.java,org.apache.avro.Schema,org.pitest.mutationtest.engine.gregor.mutators.VoidMethodCallMutator,parseAliases,2015,NO_COVERAGE,none
Schema.java,org.apache.avro.Schema,org.pitest.mutationtest.engine.gregor.mutators.NegateConditionalsMutator,parseArray,1948,NO_COVERAGE,none
Schema.java,org.apache.avro.Schema,org.pitest.mutationtest.engine.gregor.mutators.VoidMethodCallMutator,parseArray,1951,NO_COVERAGE,none
Schema.java,org.apache.avro.Schema,org.pitest.mutationtest.engine.gregor.mutators.returns.NullReturnValsMutator,parseArray,1952,NO_COVERAGE,none
Schema.java,org.apache.avro.Schema,org.pitest.mutationtest.engine.gregor.mutators.returns.EmptyObjectReturnValsMutator,parseDoc,2008,KILLED,org.apache.avro.ISW2SchemaC4ESTest.schema_ESTest_test007(org.apache.avro.ISW2SchemaC4ESTest)
Schema.java,org.apache.avro.Schema,org.pitest.mutationtest.engine.gregor.mutators.NegateConditionalsMutator,parseEnum,1926,KILLED,org.apache.avro.ISW2SchemaC4ESTest.schema_ESTest_test007(org.apache.avro.ISW2SchemaC4ESTest)
Schema.java,org.apache.avro.Schema,org.pitest.mutationtest.engine.gregor.mutators.NegateConditionalsMutator,parseEnum,1926,KILLED,org.apache.avro.ISW2SchemaC4ESTest.schema_ESTest_test007(org.apache.avro.ISW2SchemaC4ESTest)
Schema.java,org.apache.avro.Schema,org.pitest.mutationtest.engine.gregor.mutators.NegateConditionalsMutator,parseEnum,1934,KILLED,org.apache.avro.ISW2SchemaC4ESTest.schema_ESTest_test007(org.apache.avro.ISW2SchemaC4ESTest)
Schema.java,org.apache.avro.Schema,org.pitest.mutationtest.engine.gregor.mutators.VoidMethodCallMutator,parseEnum,1939,SURVIVED,none
Schema.java,org.apache.avro.Schema,org.pitest.mutationtest.engine.gregor.mutators.VoidMethodCallMutator,parseEnum,1940,SURVIVED,none
Schema.java,org.apache.avro.Schema,org.pitest.mutationtest.engine.gregor.mutators.VoidMethodCallMutator,parseEnum,1941,KILLED,org.apache.avro.ISW2SchemaC4ESTest.schema_ESTest_test007(org.apache.avro.ISW2SchemaC4ESTest)
Schema.java,org.apache.avro.Schema,org.pitest.mutationtest.engine.gregor.mutators.returns.NullReturnValsMutator,parseEnum,1942,KILLED,org.apache.avro.ISW2SchemaC4ESTest.schema_ESTest_test007(org.apache.avro.ISW2SchemaC4ESTest)
Schema.java,org.apache.avro.Schema,org.pitest.mutationtest.engine.gregor.mutators.NegateConditionalsMutator,parseField,1901,NO_COVERAGE,none
Schema.java,org.apache.avro.Schema,org.pitest.mutationtest.engine.gregor.mutators.NegateConditionalsMutator,parseField,1907,NO_COVERAGE,none
Schema.java,org.apache.avro.Schema,org.pitest.mutationtest.engine.gregor.mutators.NegateConditionalsMutator,parseField,1911,NO_COVERAGE,none
Schema.java,org.apache.avro.Schema,org.pitest.mutationtest.engine.gregor.mutators.NegateConditionalsMutator,parseField,1911,NO_COVERAGE,none
Schema.java,org.apache.avro.Schema,org.pitest.mutationtest.engine.gregor.mutators.NegateConditionalsMutator,parseField,1911,NO_COVERAGE,none
Schema.java,org.apache.avro.Schema,org.pitest.mutationtest.engine.gregor.mutators.NegateConditionalsMutator,parseField,1912,NO_COVERAGE,none
Schema.java,org.apache.avro.Schema,org.pitest.mutationtest.engine.gregor.mutators.VoidMethodCallMutator,parseField,1916,NO_COVERAGE,none
Schema.java,org.apache.avro.Schema,org.pitest.mutationtest.engine.gregor.mutators.returns.NullReturnValsMutator,parseField,1918,NO_COVERAGE,none
Schema.java,org.apache.avro.Schema,org.pitest.mutationtest.engine.gregor.mutators.NegateConditionalsMutator,parseFixed,1970,KILLED,org.apache.avro.ISW2SchemaC4ESTest.schema_ESTest_test008(org.apache.avro.ISW2SchemaC4ESTest)
Schema.java,org.apache.avro.Schema,org.pitest.mutationtest.engine.gregor.mutators.NegateConditionalsMutator,parseFixed,1970,KILLED,org.apache.avro.ISW2SchemaC4ESTest.schema_ESTest_test008(org.apache.avro.ISW2SchemaC4ESTest)
Schema.java,org.apache.avro.Schema,org.pitest.mutationtest.engine.gregor.mutators.VoidMethodCallMutator,parseFixed,1974,SURVIVED,none
Schema.java,org.apache.avro.Schema,org.pitest.mutationtest.engine.gregor.mutators.VoidMethodCallMutator,parseFixed,1975,SURVIVED,none
Schema.java,org.apache.avro.Schema,org.pitest.mutationtest.engine.gregor.mutators.VoidMethodCallMutator,parseFixed,1976,KILLED,org.apache.avro.ISW2SchemaC4ESTest.schema_ESTest_test008(org.apache.avro.ISW2SchemaC4ESTest)
Schema.java,org.apache.avro.Schema,org.pitest.mutationtest.engine.gregor.mutators.returns.NullReturnValsMutator,parseFixed,1977,KILLED,org.apache.avro.ISW2SchemaC4ESTest.schema_ESTest_test008(org.apache.avro.ISW2SchemaC4ESTest)
Schema.java,org.apache.avro.Schema,org.pitest.mutationtest.engine.gregor.mutators.returns.NullReturnValsMutator,parseJson,2057,NO_COVERAGE,none
Schema.java,org.apache.avro.Schema,org.pitest.mutationtest.engine.gregor.mutators.returns.NullReturnValsMutator,parseJsonToObject,2067,NO_COVERAGE,none
Schema.java,org.apache.avro.Schema,org.pitest.mutationtest.engine.gregor.mutators.NegateConditionalsMutator,parseMap,1958,NO_COVERAGE,none
Schema.java,org.apache.avro.Schema,org.pitest.mutationtest.engine.gregor.mutators.VoidMethodCallMutator,parseMap,1961,NO_COVERAGE,none
Schema.java,org.apache.avro.Schema,org.pitest.mutationtest.engine.gregor.mutators.returns.NullReturnValsMutator,parseMap,1962,NO_COVERAGE,none
Schema.java,org.apache.avro.Schema,org.pitest.mutationtest.engine.gregor.mutators.NegateConditionalsMutator,parseName,2002,KILLED,org.apache.avro.ISW2SchemaC4ESTest.schema_ESTest_test136(org.apache.avro.ISW2SchemaC4ESTest)
Schema.java,org.apache.avro.Schema,org.pitest.mutationtest.engine.gregor.mutators.returns.NullReturnValsMutator,parseName,2004,KILLED,org.apache.avro.ISW2SchemaC4ESTest.schema_ESTest_test008(org.apache.avro.ISW2SchemaC4ESTest)
Schema.java,org.apache.avro.Schema,org.pitest.mutationtest.engine.gregor.mutators.VoidMethodCallMutator,parsePrimitive,1868,NO_COVERAGE,none
Schema.java,org.apache.avro.Schema,org.pitest.mutationtest.engine.gregor.mutators.returns.NullReturnValsMutator,parsePrimitive,1869,NO_COVERAGE,none
Schema.java,org.apache.avro.Schema,org.pitest.mutationtest.engine.gregor.mutators.VoidMethodCallMutator,parseProperties,1994,KILLED,org.apache.avro.ISW2SchemaC4ESTest.schema_ESTest_test136(org.apache.avro.ISW2SchemaC4ESTest)
Schema.java,org.apache.avro.Schema,org.pitest.mutationtest.engine.gregor.mutators.VoidMethodCallMutator,parsePropertiesAndLogicalType,1988,KILLED,org.apache.avro.ISW2SchemaC4ESTest.schema_ESTest_test136(org.apache.avro.ISW2SchemaC4ESTest)
Schema.java,org.apache.avro.Schema,org.pitest.mutationtest.engine.gregor.mutators.NegateConditionalsMutator,parseRecord,1879,SURVIVED,none
Schema.java,org.apache.avro.Schema,org.pitest.mutationtest.engine.gregor.mutators.NegateConditionalsMutator,parseRecord,1879,SURVIVED,none
Schema.java,org.apache.avro.Schema,org.pitest.mutationtest.engine.gregor.mutators.NegateConditionalsMutator,parseRecord,1885,NO_COVERAGE,none
Schema.java,org.apache.avro.Schema,org.pitest.mutationtest.engine.gregor.mutators.NegateConditionalsMutator,parseRecord,1885,NO_COVERAGE,none
Schema.java,org.apache.avro.Schema,org.pitest.mutationtest.engine.gregor.mutators.VoidMethodCallMutator,parseRecord,1890,SURVIVED,none
Schema.java,org.apache.avro.Schema,org.pitest.mutationtest.engine.gregor.mutators.VoidMethodCallMutator,parseRecord,1891,KILLED,org.apache.avro.ISW2SchemaC4ESTest.schema_ESTest_test136(org.apache.avro.ISW2SchemaC4ESTest)
Schema.java,org.apache.avro.Schema,org.pitest.mutationtest.engine.gregor.mutators.VoidMethodCallMutator,parseRecord,1892,SURVIVED,none
Schema.java,org.apache.avro.Schema,org.pitest.mutationtest.engine.gregor.mutators.VoidMethodCallMutator,parseRecord,1893,SURVIVED,none
Schema.java,org.apache.avro.Schema,org.pitest.mutationtest.engine.gregor.mutators.returns.NullReturnValsMutator,parseRecord,1894,SURVIVED,none
Schema.java,org.apache.avro.Schema,org.pitest.mutationtest.engine.gregor.mutators.returns.NullReturnValsMutator,parseUnion,1984,KILLED,org.apache.avro.ISW2SchemaC4ESTest.schema_ESTest_test081(org.apache.avro.ISW2SchemaC4ESTest)
Schema.java,org.apache.avro.Schema,org.pitest.mutationtest.engine.gregor.mutators.VoidMethodCallMutator,setNameValidator,1714,SURVIVED,none
Schema.java,org.apache.avro.Schema,org.pitest.mutationtest.engine.gregor.mutators.VoidMethodCallMutator,setValidateDefaults,1740,NO_COVERAGE,none
Schema.java,org.apache.avro.Schema,org.pitest.mutationtest.engine.gregor.mutators.NegateConditionalsMutator,toJson,473,KILLED,org.apache.avro.ISW2SchemaC4ESTest.schema_ESTest_test082(org.apache.avro.ISW2SchemaC4ESTest)
Schema.java,org.apache.avro.Schema,org.pitest.mutationtest.engine.gregor.mutators.VoidMethodCallMutator,toJson,474,KILLED,org.apache.avro.ISW2SchemaC4ESTest.schema_ESTest_test082(org.apache.avro.ISW2SchemaC4ESTest)
Schema.java,org.apache.avro.Schema,org.pitest.mutationtest.engine.gregor.mutators.VoidMethodCallMutator,toJson,476,NO_COVERAGE,none
Schema.java,org.apache.avro.Schema,org.pitest.mutationtest.engine.gregor.mutators.VoidMethodCallMutator,toJson,477,NO_COVERAGE,none
Schema.java,org.apache.avro.Schema,org.pitest.mutationtest.engine.gregor.mutators.VoidMethodCallMutator,toJson,478,NO_COVERAGE,none
Schema.java,org.apache.avro.Schema,org.pitest.mutationtest.engine.gregor.mutators.VoidMethodCallMutator,toJson,479,NO_COVERAGE,none
Schema.java,org.apache.avro.Schema,org.pitest.mutationtest.engine.gregor.mutators.returns.EmptyObjectReturnValsMutator,toString,421,SURVIVED,none
Schema.java,org.apache.avro.Schema,org.pitest.mutationtest.engine.gregor.mutators.NegateConditionalsMutator,toString,447,KILLED,org.apache.avro.ISW2SchemaC4ESTest.schema_ESTest_test137(org.apache.avro.ISW2SchemaC4ESTest)
Schema.java,org.apache.avro.Schema,org.pitest.mutationtest.engine.gregor.mutators.returns.EmptyObjectReturnValsMutator,toString,452,KILLED,org.apache.avro.ISW2SchemaC4ESTest.schema_ESTest_test082(org.apache.avro.ISW2SchemaC4ESTest)
Schema.java,org.apache.avro.Schema,org.pitest.mutationtest.engine.gregor.mutators.NegateConditionalsMutator,toString,460,KILLED,org.apache.avro.ISW2SchemaC4ESTest.schema_ESTest_test082(org.apache.avro.ISW2SchemaC4ESTest)
Schema.java,org.apache.avro.Schema,org.pitest.mutationtest.engine.gregor.mutators.VoidMethodCallMutator,toString,462,KILLED,org.apache.avro.ISW2SchemaC4ESTest.schema_ESTest_test129(org.apache.avro.ISW2SchemaC4ESTest)
Schema.java,org.apache.avro.Schema,org.pitest.mutationtest.engine.gregor.mutators.VoidMethodCallMutator,toString,463,KILLED,org.apache.avro.ISW2SchemaC4ESTest.schema_ESTest_test082(org.apache.avro.ISW2SchemaC4ESTest)
Schema.java,org.apache.avro.Schema,org.pitest.mutationtest.engine.gregor.mutators.returns.EmptyObjectReturnValsMutator,toString,433,SURVIVED,none
Schema.java,org.apache.avro.Schema,org.pitest.mutationtest.engine.gregor.mutators.NegateConditionalsMutator,validateDefault,1728,SURVIVED,none
Schema.java,org.apache.avro.Schema,org.pitest.mutationtest.engine.gregor.mutators.NegateConditionalsMutator,validateDefault,1728,KILLED,org.apache.avro.ISW2SchemaC4ESTest.schema_ESTest_test070(org.apache.avro.ISW2SchemaC4ESTest)
Schema.java,org.apache.avro.Schema,org.pitest.mutationtest.engine.gregor.mutators.NegateConditionalsMutator,validateDefault,1728,KILLED,org.apache.avro.ISW2SchemaC4ESTest.schema_ESTest_test020(org.apache.avro.ISW2SchemaC4ESTest)
Schema.java,org.apache.avro.Schema,org.pitest.mutationtest.engine.gregor.mutators.returns.NullReturnValsMutator,validateDefault,1732,KILLED,org.apache.avro.ISW2SchemaC4ESTest.schemaField_ESTest_test10(org.apache.avro.ISW2SchemaC4ESTest)
Schema.java,org.apache.avro.Schema,org.pitest.mutationtest.engine.gregor.mutators.NegateConditionalsMutator,validateName,1703,KILLED,org.apache.avro.ISW2SchemaC4ESTest.schemaField_ESTest_test23(org.apache.avro.ISW2SchemaC4ESTest)
Schema.java,org.apache.avro.Schema,org.pitest.mutationtest.engine.gregor.mutators.returns.EmptyObjectReturnValsMutator,validateName,1706,KILLED,org.apache.avro.ISW2SchemaC4ESTest.schema_ESTest_test076(org.apache.avro.ISW2SchemaC4ESTest)
Schema.java,org.apache.avro.Schema,org.pitest.mutationtest.engine.gregor.mutators.returns.NullReturnValsMutator,writeReplace,103,KILLED,org.apache.avro.ISW2SchemaC4ESTest.schema_ESTest_test133(org.apache.avro.ISW2SchemaC4ESTest)
Schema.java,org.apache.avro.Schema$RecordSchema,org.pitest.mutationtest.engine.gregor.mutators.VoidMethodCallMutator,<init>,948,KILLED,org.apache.avro.ISW2SchemaC4ESTest.schema_ESTest_test052(org.apache.avro.ISW2SchemaC4ESTest)
Schema.java,org.apache.avro.Schema$RecordSchema,org.pitest.mutationtest.engine.gregor.mutators.MathMutator,computeHash,1034,NO_COVERAGE,none
Schema.java,org.apache.avro.Schema$RecordSchema,org.pitest.mutationtest.engine.gregor.mutators.NegateConditionalsMutator,computeHash,1029,NO_COVERAGE,none
Schema.java,org.apache.avro.Schema$RecordSchema,org.pitest.mutationtest.engine.gregor.mutators.NegateConditionalsMutator,computeHash,1036,NO_COVERAGE,none
Schema.java,org.apache.avro.Schema$RecordSchema,org.pitest.mutationtest.engine.gregor.mutators.VoidMethodCallMutator,computeHash,1037,NO_COVERAGE,none
Schema.java,org.apache.avro.Schema$RecordSchema,org.pitest.mutationtest.engine.gregor.mutators.returns.PrimitiveReturnsMutator,computeHash,1034,NO_COVERAGE,none
Schema.java,org.apache.avro.Schema$RecordSchema,org.pitest.mutationtest.engine.gregor.mutators.NegateConditionalsMutator,equals,1001,KILLED,org.apache.avro.ISW2SchemaC4ESTest.schema_ESTest_test037(org.apache.avro.ISW2SchemaC4ESTest)
Schema.java,org.apache.avro.Schema$RecordSchema,org.pitest.mutationtest.engine.gregor.mutators.NegateConditionalsMutator,equals,1003,KILLED,org.apache.avro.ISW2SchemaC4ESTest.schema_ESTest_test151(org.apache.avro.ISW2SchemaC4ESTest)
Schema.java,org.apache.avro.Schema$RecordSchema,org.pitest.mutationtest.engine.gregor.mutators.NegateConditionalsMutator,equals,1006,KILLED,org.apache.avro.ISW2SchemaC4ESTest.schema_ESTest_test151(org.apache.avro.ISW2SchemaC4ESTest)
Schema.java,org.apache.avro.Schema$RecordSchema,org.pitest.mutationtest.engine.gregor.mutators.NegateConditionalsMutator,equals,1008,KILLED,org.apache.avro.ISW2SchemaC4ESTest.schema_ESTest_test151(org.apache.avro.ISW2SchemaC4ESTest)
Schema.java,org.apache.avro.Schema$RecordSchema,org.pitest.mutationtest.engine.gregor.mutators.NegateConditionalsMutator,equals,1010,KILLED,org.apache.avro.ISW2SchemaC4ESTest.schema_ESTest_test151(org.apache.avro.ISW2SchemaC4ESTest)
Schema.java,org.apache.avro.Schema$RecordSchema,org.pitest.mutationtest.engine.gregor.mutators.NegateConditionalsMutator,equals,1014,SURVIVED,none
Schema.java,org.apache.avro.Schema$RecordSchema,org.pitest.mutationtest.engine.gregor.mutators.NegateConditionalsMutator,equals,1021,SURVIVED,none
Schema.java,org.apache.avro.Schema$RecordSchema,org.pitest.mutationtest.engine.gregor.mutators.VoidMethodCallMutator,equals,1022,SURVIVED,none
Schema.java,org.apache.avro.Schema$RecordSchema,org.pitest.mutationtest.engine.gregor.mutators.returns.BooleanFalseReturnValsMutator,equals,1002,SURVIVED,none
Schema.java,org.apache.avro.Schema$RecordSchema,org.pitest.mutationtest.engine.gregor.mutators.returns.BooleanFalseReturnValsMutator,equals,1015,NO_COVERAGE,none
Schema.java,org.apache.avro.Schema$RecordSchema,org.pitest.mutationtest.engine.gregor.mutators.returns.BooleanFalseReturnValsMutator,equals,1019,KILLED,org.apache.avro.ISW2SchemaC4ESTest.schema_ESTest_test151(org.apache.avro.ISW2SchemaC4ESTest)
Schema.java,org.apache.avro.Schema$RecordSchema,org.pitest.mutationtest.engine.gregor.mutators.returns.BooleanTrueReturnValsMutator,equals,1004,KILLED,org.apache.avro.ISW2SchemaC4ESTest.schema_ESTest_test037(org.apache.avro.ISW2SchemaC4ESTest)
Schema.java,org.apache.avro.Schema$RecordSchema,org.pitest.mutationtest.engine.gregor.mutators.returns.BooleanTrueReturnValsMutator,equals,1007,NO_COVERAGE,none
Schema.java,org.apache.avro.Schema$RecordSchema,org.pitest.mutationtest.engine.gregor.mutators.returns.BooleanTrueReturnValsMutator,equals,1009,NO_COVERAGE,none
Schema.java,org.apache.avro.Schema$RecordSchema,org.pitest.mutationtest.engine.gregor.mutators.returns.BooleanTrueReturnValsMutator,equals,1011,NO_COVERAGE,none
Schema.java,org.apache.avro.Schema$RecordSchema,org.pitest.mutationtest.engine.gregor.mutators.returns.BooleanTrueReturnValsMutator,equals,1019,SURVIVED,none
Schema.java,org.apache.avro.Schema$RecordSchema,org.pitest.mutationtest.engine.gregor.mutators.NegateConditionalsMutator,fieldsToJson,1072,SURVIVED,none
Schema.java,org.apache.avro.Schema$RecordSchema,org.pitest.mutationtest.engine.gregor.mutators.NegateConditionalsMutator,fieldsToJson,1074,SURVIVED,none
Schema.java,org.apache.avro.Schema$RecordSchema,org.pitest.mutationtest.engine.gregor.mutators.NegateConditionalsMutator,fieldsToJson,1078,SURVIVED,none
Schema.java,org.apache.avro.Schema$RecordSchema,org.pitest.mutationtest.engine.gregor.mutators.NegateConditionalsMutator,fieldsToJson,1080,SURVIVED,none
Schema.java,org.apache.avro.Schema$RecordSchema,org.pitest.mutationtest.engine.gregor.mutators.NegateConditionalsMutator,fieldsToJson,1080,NO_COVERAGE,none
Schema.java,org.apache.avro.Schema$RecordSchema,org.pitest.mutationtest.engine.gregor.mutators.VoidMethodCallMutator,fieldsToJson,1066,SURVIVED,none
Schema.java,org.apache.avro.Schema$RecordSchema,org.pitest.mutationtest.engine.gregor.mutators.VoidMethodCallMutator,fieldsToJson,1068,SURVIVED,none
Schema.java,org.apache.avro.Schema$RecordSchema,org.pitest.mutationtest.engine.gregor.mutators.VoidMethodCallMutator,fieldsToJson,1069,SURVIVED,none
Schema.java,org.apache.avro.Schema$RecordSchema,org.pitest.mutationtest.engine.gregor.mutators.VoidMethodCallMutator,fieldsToJson,1070,SURVIVED,none
Schema.java,org.apache.avro.Schema$RecordSchema,org.pitest.mutationtest.engine.gregor.mutators.VoidMethodCallMutator,fieldsToJson,1071,SURVIVED,none
Schema.java,org.apache.avro.Schema$RecordSchema,org.pitest.mutationtest.engine.gregor.mutators.VoidMethodCallMutator,fieldsToJson,1073,NO_COVERAGE,none
Schema.java,org.apache.avro.Schema$RecordSchema,org.pitest.mutationtest.engine.gregor.mutators.VoidMethodCallMutator,fieldsToJson,1075,NO_COVERAGE,none
Schema.java,org.apache.avro.Schema$RecordSchema,org.pitest.mutationtest.engine.gregor.mutators.VoidMethodCallMutator,fieldsToJson,1076,NO_COVERAGE,none
Schema.java,org.apache.avro.Schema$RecordSchema,org.pitest.mutationtest.engine.gregor.mutators.VoidMethodCallMutator,fieldsToJson,1079,NO_COVERAGE,none
Schema.java,org.apache.avro.Schema$RecordSchema,org.pitest.mutationtest.engine.gregor.mutators.VoidMethodCallMutator,fieldsToJson,1081,NO_COVERAGE,none
Schema.java,org.apache.avro.Schema$RecordSchema,org.pitest.mutationtest.engine.gregor.mutators.VoidMethodCallMutator,fieldsToJson,1082,NO_COVERAGE,none
Schema.java,org.apache.avro.Schema$RecordSchema,org.pitest.mutationtest.engine.gregor.mutators.VoidMethodCallMutator,fieldsToJson,1084,NO_COVERAGE,none
Schema.java,org.apache.avro.Schema$RecordSchema,org.pitest.mutationtest.engine.gregor.mutators.VoidMethodCallMutator,fieldsToJson,1085,NO_COVERAGE,none
Schema.java,org.apache.avro.Schema$RecordSchema,org.pitest.mutationtest.engine.gregor.mutators.VoidMethodCallMutator,fieldsToJson,1087,SURVIVED,none
Schema.java,org.apache.avro.Schema$RecordSchema,org.pitest.mutationtest.engine.gregor.mutators.VoidMethodCallMutator,fieldsToJson,1088,SURVIVED,none
Schema.java,org.apache.avro.Schema$RecordSchema,org.pitest.mutationtest.engine.gregor.mutators.VoidMethodCallMutator,fieldsToJson,1090,SURVIVED,none
Schema.java,org.apache.avro.Schema$RecordSchema,org.pitest.mutationtest.engine.gregor.mutators.NegateConditionalsMutator,getField,958,KILLED,org.apache.avro.ISW2SchemaC4ESTest.schema_ESTest_test056(org.apache.avro.ISW2SchemaC4ESTest)
Schema.java,org.apache.avro.Schema$RecordSchema,org.pitest.mutationtest.engine.gregor.mutators.returns.NullReturnValsMutator,getField,960,SURVIVED,none
Schema.java,org.apache.avro.Schema$RecordSchema,org.pitest.mutationtest.engine.gregor.mutators.NegateConditionalsMutator,getFields,965,KILLED,org.apache.avro.ISW2SchemaC4ESTest.schema_ESTest_test062(org.apache.avro.ISW2SchemaC4ESTest)
Schema.java,org.apache.avro.Schema$RecordSchema,org.pitest.mutationtest.engine.gregor.mutators.returns.EmptyObjectReturnValsMutator,getFields,967,KILLED,org.apache.avro.ISW2SchemaC4ESTest.schema_ESTest_test141(org.apache.avro.ISW2SchemaC4ESTest)
Schema.java,org.apache.avro.Schema$RecordSchema,org.pitest.mutationtest.engine.gregor.mutators.NegateConditionalsMutator,hasFields,972,SURVIVED,none
Schema.java,org.apache.avro.Schema$RecordSchema,org.pitest.mutationtest.engine.gregor.mutators.returns.BooleanTrueReturnValsMutator,hasFields,972,SURVIVED,none
Schema.java,org.apache.avro.Schema$RecordSchema,org.pitest.mutationtest.engine.gregor.mutators.returns.BooleanFalseReturnValsMutator,isError,953,SURVIVED,none
Schema.java,org.apache.avro.Schema$RecordSchema,org.pitest.mutationtest.engine.gregor.mutators.returns.BooleanTrueReturnValsMutator,isError,953,SURVIVED,none
Schema.java,org.apache.avro.Schema$RecordSchema,org.pitest.mutationtest.engine.gregor.mutators.IncrementsMutator,setFields,987,SURVIVED,none
Schema.java,org.apache.avro.Schema$RecordSchema,org.pitest.mutationtest.engine.gregor.mutators.NegateConditionalsMutator,setFields,977,KILLED,org.apache.avro.ISW2SchemaC4ESTest.schema_ESTest_test056(org.apache.avro.ISW2SchemaC4ESTest)
Schema.java,org.apache.avro.Schema$RecordSchema,org.pitest.mutationtest.engine.gregor.mutators.NegateConditionalsMutator,setFields,984,KILLED,org.apache.avro.ISW2SchemaC4ESTest.schema_ESTest_test141(org.apache.avro.ISW2SchemaC4ESTest)
Schema.java,org.apache.avro.Schema$RecordSchema,org.pitest.mutationtest.engine.gregor.mutators.NegateConditionalsMutator,setFields,989,KILLED,org.apache.avro.ISW2SchemaC4ESTest.schema_ESTest_test141(org.apache.avro.ISW2SchemaC4ESTest)
Schema.java,org.apache.avro.Schema$RecordSchema,org.pitest.mutationtest.engine.gregor.mutators.NegateConditionalsMutator,toJson,1044,SURVIVED,none
Schema.java,org.apache.avro.Schema$RecordSchema,org.pitest.mutationtest.engine.gregor.mutators.NegateConditionalsMutator,toJson,1047,SURVIVED,none
Schema.java,org.apache.avro.Schema$RecordSchema,org.pitest.mutationtest.engine.gregor.mutators.NegateConditionalsMutator,toJson,1049,SURVIVED,none
Schema.java,org.apache.avro.Schema$RecordSchema,org.pitest.mutationtest.engine.gregor.mutators.NegateConditionalsMutator,toJson,1053,SURVIVED,none
Schema.java,org.apache.avro.Schema$RecordSchema,org.pitest.mutationtest.engine.gregor.mutators.VoidMethodCallMutator,toJson,1046,SURVIVED,none
Schema.java,org.apache.avro.Schema$RecordSchema,org.pitest.mutationtest.engine.gregor.mutators.VoidMethodCallMutator,toJson,1047,SURVIVED,none
Schema.java,org.apache.avro.Schema$RecordSchema,org.pitest.mutationtest.engine.gregor.mutators.VoidMethodCallMutator,toJson,1048,SURVIVED,none
Schema.java,org.apache.avro.Schema$RecordSchema,org.pitest.mutationtest.engine.gregor.mutators.VoidMethodCallMutator,toJson,1050,SURVIVED,none
Schema.java,org.apache.avro.Schema$RecordSchema,org.pitest.mutationtest.engine.gregor.mutators.VoidMethodCallMutator,toJson,1054,SURVIVED,none
Schema.java,org.apache.avro.Schema$RecordSchema,org.pitest.mutationtest.engine.gregor.mutators.VoidMethodCallMutator,toJson,1055,SURVIVED,none
Schema.java,org.apache.avro.Schema$RecordSchema,org.pitest.mutationtest.engine.gregor.mutators.VoidMethodCallMutator,toJson,1058,SURVIVED,none
Schema.java,org.apache.avro.Schema$RecordSchema,org.pitest.mutationtest.engine.gregor.mutators.VoidMethodCallMutator,toJson,1059,SURVIVED,none
Schema.java,org.apache.avro.Schema$RecordSchema,org.pitest.mutationtest.engine.gregor.mutators.VoidMethodCallMutator,toJson,1060,SURVIVED,none
Schema.java,org.apache.avro.Schema$Field,org.pitest.mutationtest.engine.gregor.mutators.NegateConditionalsMutator,<init>,591,KILLED,org.apache.avro.ISW2SchemaC4ESTest.schemaField_ESTest_test23(org.apache.avro.ISW2SchemaC4ESTest)
Schema.java,org.apache.avro.Schema$Field,org.pitest.mutationtest.engine.gregor.mutators.NegateConditionalsMutator,<init>,628,KILLED,org.apache.avro.ISW2SchemaC4ESTest.schema_ESTest_test020(org.apache.avro.ISW2SchemaC4ESTest)
Schema.java,org.apache.avro.Schema$Field,org.pitest.mutationtest.engine.gregor.mutators.NegateConditionalsMutator,<init>,638,KILLED,org.apache.avro.ISW2SchemaC4ESTest.schemaField_ESTest_test10(org.apache.avro.ISW2SchemaC4ESTest)
Schema.java,org.apache.avro.Schema$Field,org.pitest.mutationtest.engine.gregor.mutators.NegateConditionalsMutator,<init>,604,KILLED,org.apache.avro.ISW2SchemaC4ESTest.schema_ESTest_test076(org.apache.avro.ISW2SchemaC4ESTest)
Schema.java,org.apache.avro.Schema$Field,org.pitest.mutationtest.engine.gregor.mutators.VoidMethodCallMutator,<init>,603,SURVIVED,none
Schema.java,org.apache.avro.Schema$Field,org.pitest.mutationtest.engine.gregor.mutators.NegateConditionalsMutator,addAlias,687,KILLED,org.apache.avro.ISW2SchemaC4ESTest.schemaField_ESTest_test09(org.apache.avro.ISW2SchemaC4ESTest)
Schema.java,org.apache.avro.Schema$Field,org.pitest.mutationtest.engine.gregor.mutators.NegateConditionalsMutator,aliases,694,KILLED,org.apache.avro.ISW2SchemaC4ESTest.schema_ESTest_test071(org.apache.avro.ISW2SchemaC4ESTest)
Schema.java,org.apache.avro.Schema$Field,org.pitest.mutationtest.engine.gregor.mutators.returns.EmptyObjectReturnValsMutator,aliases,696,KILLED,org.apache.avro.ISW2SchemaC4ESTest.schema_ESTest_test072(org.apache.avro.ISW2SchemaC4ESTest)
Schema.java,org.apache.avro.Schema$Field,org.pitest.mutationtest.engine.gregor.mutators.returns.NullReturnValsMutator,defaultVal,679,SURVIVED,none
Schema.java,org.apache.avro.Schema$Field,org.pitest.mutationtest.engine.gregor.mutators.returns.NullReturnValsMutator,defaultValue,671,SURVIVED,none
Schema.java,org.apache.avro.Schema$Field,org.pitest.mutationtest.engine.gregor.mutators.NegateConditionalsMutator,defaultValueEquals,716,KILLED,org.apache.avro.ISW2SchemaC4ESTest.schemaField_ESTest_test01(org.apache.avro.ISW2SchemaC4ESTest)
Schema.java,org.apache.avro.Schema$Field,org.pitest.mutationtest.engine.gregor.mutators.NegateConditionalsMutator,defaultValueEquals,717,KILLED,org.apache.avro.ISW2SchemaC4ESTest.schemaField_ESTest_test01(org.apache.avro.ISW2SchemaC4ESTest)
Schema.java,org.apache.avro.Schema$Field,org.pitest.mutationtest.engine.gregor.mutators.NegateConditionalsMutator,defaultValueEquals,718,KILLED,org.apache.avro.ISW2SchemaC4ESTest.schemaField_ESTest_test15(org.apache.avro.ISW2SchemaC4ESTest)
Schema.java,org.apache.avro.Schema$Field,org.pitest.mutationtest.engine.gregor.mutators.NegateConditionalsMutator,defaultValueEquals,720,KILLED,org.apache.avro.ISW2SchemaC4ESTest.schemaField_ESTest_test15(org.apache.avro.ISW2SchemaC4ESTest)
Schema.java,org.apache.avro.Schema$Field,org.pitest.mutationtest.engine.gregor.mutators.returns.BooleanFalseReturnValsMutator,defaultValueEquals,721,NO_COVERAGE,none
Schema.java,org.apache.avro.Schema$Field,org.pitest.mutationtest.engine.gregor.mutators.returns.BooleanFalseReturnValsMutator,defaultValueEquals,722,KILLED,org.apache.avro.ISW2SchemaC4ESTest.schemaField_ESTest_test15(org.apache.avro.ISW2SchemaC4ESTest)
Schema.java,org.apache.avro.Schema$Field,org.pitest.mutationtest.engine.gregor.mutators.returns.BooleanTrueReturnValsMutator,defaultValueEquals,717,KILLED,org.apache.avro.ISW2SchemaC4ESTest.schemaField_ESTest_test00(org.apache.avro.ISW2SchemaC4ESTest)
Schema.java,org.apache.avro.Schema$Field,org.pitest.mutationtest.engine.gregor.mutators.returns.BooleanTrueReturnValsMutator,defaultValueEquals,719,KILLED,org.apache.avro.ISW2SchemaC4ESTest.schemaField_ESTest_test06(org.apache.avro.ISW2SchemaC4ESTest)
Schema.java,org.apache.avro.Schema$Field,org.pitest.mutationtest.engine.gregor.mutators.returns.BooleanTrueReturnValsMutator,defaultValueEquals,721,NO_COVERAGE,none
Schema.java,org.apache.avro.Schema$Field,org.pitest.mutationtest.engine.gregor.mutators.returns.BooleanTrueReturnValsMutator,defaultValueEquals,722,SURVIVED,none
Schema.java,org.apache.avro.Schema$Field,org.pitest.mutationtest.engine.gregor.mutators.returns.EmptyObjectReturnValsMutator,doc,658,KILLED,org.apache.avro.ISW2SchemaC4ESTest.schemaField_ESTest_test05(org.apache.avro.ISW2SchemaC4ESTest)
Schema.java,org.apache.avro.Schema$Field,org.pitest.mutationtest.engine.gregor.mutators.NegateConditionalsMutator,equals,701,KILLED,org.apache.avro.ISW2SchemaC4ESTest.schema_ESTest_test070(org.apache.avro.ISW2SchemaC4ESTest)
Schema.java,org.apache.avro.Schema$Field,org.pitest.mutationtest.engine.gregor.mutators.NegateConditionalsMutator,equals,703,KILLED,org.apache.avro.ISW2SchemaC4ESTest.schema_ESTest_test070(org.apache.avro.ISW2SchemaC4ESTest)
Schema.java,org.apache.avro.Schema$Field,org.pitest.mutationtest.engine.gregor.mutators.NegateConditionalsMutator,equals,706,KILLED,org.apache.avro.ISW2SchemaC4ESTest.schemaField_ESTest_test03(org.apache.avro.ISW2SchemaC4ESTest)
Schema.java,org.apache.avro.Schema$Field,org.pitest.mutationtest.engine.gregor.mutators.NegateConditionalsMutator,equals,706,KILLED,org.apache.avro.ISW2SchemaC4ESTest.schemaField_ESTest_test02(org.apache.avro.ISW2SchemaC4ESTest)
Schema.java,org.apache.avro.Schema$Field,org.pitest.mutationtest.engine.gregor.mutators.NegateConditionalsMutator,equals,706,KILLED,org.apache.avro.ISW2SchemaC4ESTest.schemaField_ESTest_test01(org.apache.avro.ISW2SchemaC4ESTest)
Schema.java,org.apache.avro.Schema$Field,org.pitest.mutationtest.engine.gregor.mutators.NegateConditionalsMutator,equals,706,KILLED,org.apache.avro.ISW2SchemaC4ESTest.schemaField_ESTest_test17(org.apache.avro.ISW2SchemaC4ESTest)
Schema.java,org.apache.avro.Schema$Field,org.pitest.mutationtest.engine.gregor.mutators.NegateConditionalsMutator,equals,707,KILLED,org.apache.avro.ISW2SchemaC4ESTest.schemaField_ESTest_test01(org.apache.avro.ISW2SchemaC4ESTest)
Schema.java,org.apache.avro.Schema$Field,org.pitest.mutationtest.engine.gregor.mutators.returns.BooleanFalseReturnValsMutator,equals,702,KILLED,org.apache.avro.ISW2SchemaC4ESTest.schemaField_ESTest_test05(org.apache.avro.ISW2SchemaC4ESTest)
Schema.java,org.apache.avro.Schema$Field,org.pitest.mutationtest.engine.gregor.mutators.returns.BooleanTrueReturnValsMutator,equals,704,KILLED,org.apache.avro.ISW2SchemaC4ESTest.schema_ESTest_test070(org.apache.avro.ISW2SchemaC4ESTest)
Schema.java,org.apache.avro.Schema$Field,org.pitest.mutationtest.engine.gregor.mutators.returns.BooleanTrueReturnValsMutator,equals,706,KILLED,org.apache.avro.ISW2SchemaC4ESTest.schemaField_ESTest_test03(org.apache.avro.ISW2SchemaC4ESTest)
Schema.java,org.apache.avro.Schema$Field,org.pitest.mutationtest.engine.gregor.mutators.NegateConditionalsMutator,hasDefaultValue,667,KILLED,org.apache.avro.ISW2SchemaC4ESTest.schemaField_ESTest_test11(org.apache.avro.ISW2SchemaC4ESTest)
Schema.java,org.apache.avro.Schema$Field,org.pitest.mutationtest.engine.gregor.mutators.returns.BooleanTrueReturnValsMutator,hasDefaultValue,667,KILLED,org.apache.avro.ISW2SchemaC4ESTest.schemaField_ESTest_test11(org.apache.avro.ISW2SchemaC4ESTest)
Schema.java,org.apache.avro.Schema$Field,org.pitest.mutationtest.engine.gregor.mutators.MathMutator,hashCode,712,SURVIVED,none
Schema.java,org.apache.avro.Schema$Field,org.pitest.mutationtest.engine.gregor.mutators.returns.PrimitiveReturnsMutator,hashCode,712,SURVIVED,none
Schema.java,org.apache.avro.Schema$Field,org.pitest.mutationtest.engine.gregor.mutators.returns.EmptyObjectReturnValsMutator,name,643,KILLED,org.apache.avro.ISW2SchemaC4ESTest.schema_ESTest_test010(org.apache.avro.ISW2SchemaC4ESTest)
Schema.java,org.apache.avro.Schema$Field,org.pitest.mutationtest.engine.gregor.mutators.returns.NullReturnValsMutator,order,683,KILLED,org.apache.avro.ISW2SchemaC4ESTest.schema_ESTest_test020(org.apache.avro.ISW2SchemaC4ESTest)
Schema.java,org.apache.avro.Schema$Field,org.pitest.mutationtest.engine.gregor.mutators.returns.PrimitiveReturnsMutator,pos,648,KILLED,org.apache.avro.ISW2SchemaC4ESTest.schemaField_ESTest_test23(org.apache.avro.ISW2SchemaC4ESTest)
Schema.java,org.apache.avro.Schema$Field,org.pitest.mutationtest.engine.gregor.mutators.returns.NullReturnValsMutator,schema,653,KILLED,org.apache.avro.ISW2SchemaC4ESTest.schema_ESTest_test122(org.apache.avro.ISW2SchemaC4ESTest)
Schema.java,org.apache.avro.Schema$Field,org.pitest.mutationtest.engine.gregor.mutators.returns.EmptyObjectReturnValsMutator,toString,727,SURVIVED,none
Schema.java,org.apache.avro.Schema$EnumSchema,org.pitest.mutationtest.engine.gregor.mutators.IncrementsMutator,<init>,1106,SURVIVED,none
Schema.java,org.apache.avro.Schema$EnumSchema,org.pitest.mutationtest.engine.gregor.mutators.NegateConditionalsMutator,<init>,1106,KILLED,org.apache.avro.ISW2SchemaC4ESTest.schema_ESTest_test045(org.apache.avro.ISW2SchemaC4ESTest)
Schema.java,org.apache.avro.Schema$EnumSchema,org.pitest.mutationtest.engine.gregor.mutators.NegateConditionalsMutator,<init>,1110,KILLED,org.apache.avro.ISW2SchemaC4ESTest.schema_ESTest_test046(org.apache.avro.ISW2SchemaC4ESTest)
Schema.java,org.apache.avro.Schema$EnumSchema,org.pitest.mutationtest.engine.gregor.mutators.NegateConditionalsMutator,<init>,1110,KILLED,org.apache.avro.ISW2SchemaC4ESTest.schema_ESTest_test046(org.apache.avro.ISW2SchemaC4ESTest)
Schema.java,org.apache.avro.Schema$EnumSchema,org.pitest.mutationtest.engine.gregor.mutators.MathMutator,computeHash,1153,SURVIVED,none
Schema.java,org.apache.avro.Schema$EnumSchema,org.pitest.mutationtest.engine.gregor.mutators.returns.PrimitiveReturnsMutator,computeHash,1153,SURVIVED,none
Schema.java,org.apache.avro.Schema$EnumSchema,org.pitest.mutationtest.engine.gregor.mutators.NegateConditionalsMutator,equals,1138,KILLED,org.apache.avro.ISW2SchemaC4ESTest.schema_ESTest_test041(org.apache.avro.ISW2SchemaC4ESTest)
Schema.java,org.apache.avro.Schema$EnumSchema,org.pitest.mutationtest.engine.gregor.mutators.NegateConditionalsMutator,equals,1140,KILLED,org.apache.avro.ISW2SchemaC4ESTest.schema_ESTest_test078(org.apache.avro.ISW2SchemaC4ESTest)
Schema.java,org.apache.avro.Schema$EnumSchema,org.pitest.mutationtest.engine.gregor.mutators.NegateConditionalsMutator,equals,1143,KILLED,org.apache.avro.ISW2SchemaC4ESTest.schema_ESTest_test078(org.apache.avro.ISW2SchemaC4ESTest)
Schema.java,org.apache.avro.Schema$EnumSchema,org.pitest.mutationtest.engine.gregor.mutators.NegateConditionalsMutator,equals,1143,KILLED,org.apache.avro.ISW2SchemaC4ESTest.schema_ESTest_test078(org.apache.avro.ISW2SchemaC4ESTest)
Schema.java,org.apache.avro.Schema$EnumSchema,org.pitest.mutationtest.engine.gregor.mutators.NegateConditionalsMutator,equals,1143,KILLED,org.apache.avro.ISW2SchemaC4ESTest.schema_ESTest_test078(org.apache.avro.ISW2SchemaC4ESTest)
Schema.java,org.apache.avro.Schema$EnumSchema,org.pitest.mutationtest.engine.gregor.mutators.NegateConditionalsMutator,equals,1143,KILLED,org.apache.avro.ISW2SchemaC4ESTest.schema_ESTest_test078(org.apache.avro.ISW2SchemaC4ESTest)
Schema.java,org.apache.avro.Schema$EnumSchema,org.pitest.mutationtest.engine.gregor.mutators.returns.BooleanFalseReturnValsMutator,equals,1139,SURVIVED,none
Schema.java,org.apache.avro.Schema$EnumSchema,org.pitest.mutationtest.engine.gregor.mutators.returns.BooleanTrueReturnValsMutator,equals,1141,KILLED,org.apache.avro.ISW2SchemaC4ESTest.schema_ESTest_test042(org.apache.avro.ISW2SchemaC4ESTest)
Schema.java,org.apache.avro.Schema$EnumSchema,org.pitest.mutationtest.engine.gregor.mutators.returns.BooleanTrueReturnValsMutator,equals,1143,KILLED,org.apache.avro.ISW2SchemaC4ESTest.schema_ESTest_test041(org.apache.avro.ISW2SchemaC4ESTest)
Schema.java,org.apache.avro.Schema$EnumSchema,org.pitest.mutationtest.engine.gregor.mutators.returns.EmptyObjectReturnValsMutator,getEnumDefault,1148,KILLED,org.apache.avro.ISW2SchemaC4ESTest.schema_ESTest_test113(org.apache.avro.ISW2SchemaC4ESTest)
Schema.java,org.apache.avro.Schema$EnumSchema,org.pitest.mutationtest.engine.gregor.mutators.NegateConditionalsMutator,getEnumOrdinal,1129,NO_COVERAGE,none
Schema.java,org.apache.avro.Schema$EnumSchema,org.pitest.mutationtest.engine.gregor.mutators.returns.PrimitiveReturnsMutator,getEnumOrdinal,1133,NO_COVERAGE,none
Schema.java,org.apache.avro.Schema$EnumSchema,org.pitest.mutationtest.engine.gregor.mutators.returns.EmptyObjectReturnValsMutator,getEnumSymbols,1118,SURVIVED,none
Schema.java,org.apache.avro.Schema$EnumSchema,org.pitest.mutationtest.engine.gregor.mutators.returns.BooleanFalseReturnValsMutator,hasEnumSymbol,1123,KILLED,org.apache.avro.ISW2SchemaC4ESTest.schema_ESTest_test043(org.apache.avro.ISW2SchemaC4ESTest)
Schema.java,org.apache.avro.Schema$EnumSchema,org.pitest.mutationtest.engine.gregor.mutators.returns.BooleanTrueReturnValsMutator,hasEnumSymbol,1123,KILLED,org.apache.avro.ISW2SchemaC4ESTest.schema_ESTest_test044(org.apache.avro.ISW2SchemaC4ESTest)
Schema.java,org.apache.avro.Schema$EnumSchema,org.pitest.mutationtest.engine.gregor.mutators.NegateConditionalsMutator,toJson,1159,KILLED,org.apache.avro.ISW2SchemaC4ESTest.schema_ESTest_test067(org.apache.avro.ISW2SchemaC4ESTest)
Schema.java,org.apache.avro.Schema$EnumSchema,org.pitest.mutationtest.engine.gregor.mutators.NegateConditionalsMutator,toJson,1164,SURVIVED,none
Schema.java,org.apache.avro.Schema$EnumSchema,org.pitest.mutationtest.engine.gregor.mutators.NegateConditionalsMutator,toJson,1170,SURVIVED,none
Schema.java,org.apache.avro.Schema$EnumSchema,org.pitest.mutationtest.engine.gregor.mutators.VoidMethodCallMutator,toJson,1161,SURVIVED,none
Schema.java,org.apache.avro.Schema$EnumSchema,org.pitest.mutationtest.engine.gregor.mutators.VoidMethodCallMutator,toJson,1162,SURVIVED,none
Schema.java,org.apache.avro.Schema$EnumSchema,org.pitest.mutationtest.engine.gregor.mutators.VoidMethodCallMutator,toJson,1163,SURVIVED,none
Schema.java,org.apache.avro.Schema$EnumSchema,org.pitest.mutationtest.engine.gregor.mutators.VoidMethodCallMutator,toJson,1165,SURVIVED,none
Schema.java,org.apache.avro.Schema$EnumSchema,org.pitest.mutationtest.engine.gregor.mutators.VoidMethodCallMutator,toJson,1166,SURVIVED,none
Schema.java,org.apache.avro.Schema$EnumSchema,org.pitest.mutationtest.engine.gregor.mutators.VoidMethodCallMutator,toJson,1168,SURVIVED,none
Schema.java,org.apache.avro.Schema$EnumSchema,org.pitest.mutationtest.engine.gregor.mutators.VoidMethodCallMutator,toJson,1169,SURVIVED,none
Schema.java,org.apache.avro.Schema$EnumSchema,org.pitest.mutationtest.engine.gregor.mutators.VoidMethodCallMutator,toJson,1171,NO_COVERAGE,none
Schema.java,org.apache.avro.Schema$EnumSchema,org.pitest.mutationtest.engine.gregor.mutators.VoidMethodCallMutator,toJson,1172,SURVIVED,none
Schema.java,org.apache.avro.Schema$EnumSchema,org.pitest.mutationtest.engine.gregor.mutators.VoidMethodCallMutator,toJson,1173,SURVIVED,none
Schema.java,org.apache.avro.Schema$EnumSchema,org.pitest.mutationtest.engine.gregor.mutators.VoidMethodCallMutator,toJson,1174,SURVIVED,none
Schema.java,org.apache.avro.Schema$Name,org.pitest.mutationtest.engine.gregor.mutators.ConditionalsBoundaryMutator,<init>,742,SURVIVED,none
Schema.java,org.apache.avro.Schema$Name,org.pitest.mutationtest.engine.gregor.mutators.MathMutator,<init>,746,KILLED,org.apache.avro.ISW2SchemaC4ESTest.schema_ESTest_test110(org.apache.avro.ISW2SchemaC4ESTest)
Schema.java,org.apache.avro.Schema$Name,org.pitest.mutationtest.engine.gregor.mutators.NegateConditionalsMutator,<init>,737,KILLED,org.apache.avro.ISW2SchemaC4ESTest.schema_ESTest_test068(org.apache.avro.ISW2SchemaC4ESTest)
Schema.java,org.apache.avro.Schema$Name,org.pitest.mutationtest.engine.gregor.mutators.NegateConditionalsMutator,<init>,742,KILLED,org.apache.avro.ISW2SchemaC4ESTest.schema_ESTest_test069(org.apache.avro.ISW2SchemaC4ESTest)
Schema.java,org.apache.avro.Schema$Name,org.pitest.mutationtest.engine.gregor.mutators.NegateConditionalsMutator,<init>,748,KILLED,org.apache.avro.ISW2SchemaC4ESTest.schema_ESTest_test021(org.apache.avro.ISW2SchemaC4ESTest)
Schema.java,org.apache.avro.Schema$Name,org.pitest.mutationtest.engine.gregor.mutators.NegateConditionalsMutator,<init>,751,KILLED,org.apache.avro.ISW2SchemaC4ESTest.schema_ESTest_test021(org.apache.avro.ISW2SchemaC4ESTest)
Schema.java,org.apache.avro.Schema$Name,org.pitest.mutationtest.engine.gregor.mutators.NegateConditionalsMutator,equals,756,KILLED,org.apache.avro.ISW2SchemaC4ESTest.schema_ESTest_test068(org.apache.avro.ISW2SchemaC4ESTest)
Schema.java,org.apache.avro.Schema$Name,org.pitest.mutationtest.engine.gregor.mutators.NegateConditionalsMutator,equals,758,KILLED,org.apache.avro.ISW2SchemaC4ESTest.schema_ESTest_test068(org.apache.avro.ISW2SchemaC4ESTest)
Schema.java,org.apache.avro.Schema$Name,org.pitest.mutationtest.engine.gregor.mutators.returns.BooleanFalseReturnValsMutator,equals,757,NO_COVERAGE,none
Schema.java,org.apache.avro.Schema$Name,org.pitest.mutationtest.engine.gregor.mutators.returns.BooleanFalseReturnValsMutator,equals,761,KILLED,org.apache.avro.ISW2SchemaC4ESTest.schema_ESTest_test024(org.apache.avro.ISW2SchemaC4ESTest)
Schema.java,org.apache.avro.Schema$Name,org.pitest.mutationtest.engine.gregor.mutators.returns.BooleanTrueReturnValsMutator,equals,759,KILLED,org.apache.avro.ISW2SchemaC4ESTest.schema_ESTest_test068(org.apache.avro.ISW2SchemaC4ESTest)
Schema.java,org.apache.avro.Schema$Name,org.pitest.mutationtest.engine.gregor.mutators.returns.BooleanTrueReturnValsMutator,equals,761,KILLED,org.apache.avro.ISW2SchemaC4ESTest.schema_ESTest_test041(org.apache.avro.ISW2SchemaC4ESTest)
Schema.java,org.apache.avro.Schema$Name,org.pitest.mutationtest.engine.gregor.mutators.NegateConditionalsMutator,getQualified,786,KILLED,org.apache.avro.ISW2SchemaC4ESTest.schema_ESTest_test137(org.apache.avro.ISW2SchemaC4ESTest)
Schema.java,org.apache.avro.Schema$Name,org.pitest.mutationtest.engine.gregor.mutators.returns.EmptyObjectReturnValsMutator,getQualified,786,KILLED,org.apache.avro.ISW2SchemaC4ESTest.schema_ESTest_test137(org.apache.avro.ISW2SchemaC4ESTest)
Schema.java,org.apache.avro.Schema$Name,org.pitest.mutationtest.engine.gregor.mutators.NegateConditionalsMutator,hashCode,766,KILLED,org.apache.avro.ISW2SchemaC4ESTest.schema_ESTest_test059(org.apache.avro.ISW2SchemaC4ESTest)
Schema.java,org.apache.avro.Schema$Name,org.pitest.mutationtest.engine.gregor.mutators.returns.PrimitiveReturnsMutator,hashCode,766,SURVIVED,none
Schema.java,org.apache.avro.Schema$Name,org.pitest.mutationtest.engine.gregor.mutators.NegateConditionalsMutator,shouldWriteFull,798,SURVIVED,none
Schema.java,org.apache.avro.Schema$Name,org.pitest.mutationtest.engine.gregor.mutators.NegateConditionalsMutator,shouldWriteFull,798,KILLED,org.apache.avro.ISW2SchemaC4ESTest.schema_ESTest_test137(org.apache.avro.ISW2SchemaC4ESTest)
Schema.java,org.apache.avro.Schema$Name,org.pitest.mutationtest.engine.gregor.mutators.NegateConditionalsMutator,shouldWriteFull,800,SURVIVED,none
Schema.java,org.apache.avro.Schema$Name,org.pitest.mutationtest.engine.gregor.mutators.returns.BooleanFalseReturnValsMutator,shouldWriteFull,802,NO_COVERAGE,none
Schema.java,org.apache.avro.Schema$Name,org.pitest.mutationtest.engine.gregor.mutators.returns.BooleanFalseReturnValsMutator,shouldWriteFull,809,KILLED,org.apache.avro.ISW2SchemaC4ESTest.schema_ESTest_test137(org.apache.avro.ISW2SchemaC4ESTest)
Schema.java,org.apache.avro.Schema$Name,org.pitest.mutationtest.engine.gregor.mutators.returns.BooleanTrueReturnValsMutator,shouldWriteFull,806,SURVIVED,none
Schema.java,org.apache.avro.Schema$Name,org.pitest.mutationtest.engine.gregor.mutators.returns.EmptyObjectReturnValsMutator,toString,771,KILLED,org.apache.avro.ISW2SchemaC4ESTest.schema_ESTest_test021(org.apache.avro.ISW2SchemaC4ESTest)
Schema.java,org.apache.avro.Schema$Name,org.pitest.mutationtest.engine.gregor.mutators.NegateConditionalsMutator,writeName,775,SURVIVED,none
Schema.java,org.apache.avro.Schema$Name,org.pitest.mutationtest.engine.gregor.mutators.NegateConditionalsMutator,writeName,777,SURVIVED,none
Schema.java,org.apache.avro.Schema$Name,org.pitest.mutationtest.engine.gregor.mutators.NegateConditionalsMutator,writeName,778,SURVIVED,none
Schema.java,org.apache.avro.Schema$Name,org.pitest.mutationtest.engine.gregor.mutators.NegateConditionalsMutator,writeName,780,KILLED,org.apache.avro.ISW2SchemaC4ESTest.schema_ESTest_test066(org.apache.avro.ISW2SchemaC4ESTest)
Schema.java,org.apache.avro.Schema$Name,org.pitest.mutationtest.engine.gregor.mutators.VoidMethodCallMutator,writeName,776,SURVIVED,none
Schema.java,org.apache.avro.Schema$Name,org.pitest.mutationtest.engine.gregor.mutators.VoidMethodCallMutator,writeName,779,SURVIVED,none
Schema.java,org.apache.avro.Schema$Name,org.pitest.mutationtest.engine.gregor.mutators.VoidMethodCallMutator,writeName,781,KILLED,org.apache.avro.ISW2SchemaC4ESTest.schema_ESTest_test066(org.apache.avro.ISW2SchemaC4ESTest)
Schema.java,org.apache.avro.Schema$NamedSchema,org.pitest.mutationtest.engine.gregor.mutators.NegateConditionalsMutator,<init>,823,KILLED,org.apache.avro.ISW2SchemaC4ESTest.schema_ESTest_test051(org.apache.avro.ISW2SchemaC4ESTest)
Schema.java,org.apache.avro.Schema$NamedSchema,org.pitest.mutationtest.engine.gregor.mutators.VoidMethodCallMutator,addAlias,850,SURVIVED,none
Schema.java,org.apache.avro.Schema$NamedSchema,org.pitest.mutationtest.engine.gregor.mutators.NegateConditionalsMutator,addAlias,855,KILLED,org.apache.avro.ISW2SchemaC4ESTest.schema_ESTest_test097(org.apache.avro.ISW2SchemaC4ESTest)
Schema.java,org.apache.avro.Schema$NamedSchema,org.pitest.mutationtest.engine.gregor.mutators.NegateConditionalsMutator,addAlias,857,SURVIVED,none
Schema.java,org.apache.avro.Schema$NamedSchema,org.pitest.mutationtest.engine.gregor.mutators.NegateConditionalsMutator,aliasesToJson,896,KILLED,org.apache.avro.ISW2SchemaC4ESTest.schema_ESTest_test067(org.apache.avro.ISW2SchemaC4ESTest)
Schema.java,org.apache.avro.Schema$NamedSchema,org.pitest.mutationtest.engine.gregor.mutators.NegateConditionalsMutator,aliasesToJson,896,SURVIVED,none
Schema.java,org.apache.avro.Schema$NamedSchema,org.pitest.mutationtest.engine.gregor.mutators.VoidMethodCallMutator,aliasesToJson,898,SURVIVED,none
Schema.java,org.apache.avro.Schema$NamedSchema,org.pitest.mutationtest.engine.gregor.mutators.VoidMethodCallMutator,aliasesToJson,899,SURVIVED,none
Schema.java,org.apache.avro.Schema$NamedSchema,org.pitest.mutationtest.engine.gregor.mutators.VoidMethodCallMutator,aliasesToJson,901,SURVIVED,none
Schema.java,org.apache.avro.Schema$NamedSchema,org.pitest.mutationtest.engine.gregor.mutators.VoidMethodCallMutator,aliasesToJson,902,SURVIVED,none
Schema.java,org.apache.avro.Schema$NamedSchema,org.pitest.mutationtest.engine.gregor.mutators.MathMutator,computeHash,892,SURVIVED,none
Schema.java,org.apache.avro.Schema$NamedSchema,org.pitest.mutationtest.engine.gregor.mutators.returns.PrimitiveReturnsMutator,computeHash,892,SURVIVED,none
Schema.java,org.apache.avro.Schema$NamedSchema,org.pitest.mutationtest.engine.gregor.mutators.returns.BooleanFalseReturnValsMutator,equalNames,887,KILLED,org.apache.avro.ISW2SchemaC4ESTest.schema_ESTest_test078(org.apache.avro.ISW2SchemaC4ESTest)
Schema.java,org.apache.avro.Schema$NamedSchema,org.pitest.mutationtest.engine.gregor.mutators.returns.BooleanTrueReturnValsMutator,equalNames,887,KILLED,org.apache.avro.ISW2SchemaC4ESTest.schema_ESTest_test041(org.apache.avro.ISW2SchemaC4ESTest)
Schema.java,org.apache.avro.Schema$NamedSchema,org.pitest.mutationtest.engine.gregor.mutators.NegateConditionalsMutator,getAliases,865,KILLED,org.apache.avro.ISW2SchemaC4ESTest.schema_ESTest_test061(org.apache.avro.ISW2SchemaC4ESTest)
Schema.java,org.apache.avro.Schema$NamedSchema,org.pitest.mutationtest.engine.gregor.mutators.NegateConditionalsMutator,getAliases,867,SURVIVED,none
Schema.java,org.apache.avro.Schema$NamedSchema,org.pitest.mutationtest.engine.gregor.mutators.NegateConditionalsMutator,getAliases,867,SURVIVED,none
Schema.java,org.apache.avro.Schema$NamedSchema,org.pitest.mutationtest.engine.gregor.mutators.returns.EmptyObjectReturnValsMutator,getAliases,871,KILLED,org.apache.avro.ISW2SchemaC4ESTest.schema_ESTest_test061(org.apache.avro.ISW2SchemaC4ESTest)
Schema.java,org.apache.avro.Schema$NamedSchema,org.pitest.mutationtest.engine.gregor.mutators.returns.EmptyObjectReturnValsMutator,getDoc,835,KILLED,org.apache.avro.ISW2SchemaC4ESTest.schema_ESTest_test022(org.apache.avro.ISW2SchemaC4ESTest)
Schema.java,org.apache.avro.Schema$NamedSchema,org.pitest.mutationtest.engine.gregor.mutators.returns.EmptyObjectReturnValsMutator,getFullName,845,KILLED,org.apache.avro.ISW2SchemaC4ESTest.schema_ESTest_test062(org.apache.avro.ISW2SchemaC4ESTest)
Schema.java,org.apache.avro.Schema$NamedSchema,org.pitest.mutationtest.engine.gregor.mutators.returns.EmptyObjectReturnValsMutator,getName,830,KILLED,org.apache.avro.ISW2SchemaC4ESTest.schema_ESTest_test062(org.apache.avro.ISW2SchemaC4ESTest)
Schema.java,org.apache.avro.Schema$NamedSchema,org.pitest.mutationtest.engine.gregor.mutators.returns.EmptyObjectReturnValsMutator,getNamespace,840,KILLED,org.apache.avro.ISW2SchemaC4ESTest.schema_ESTest_test136(org.apache.avro.ISW2SchemaC4ESTest)
Schema.java,org.apache.avro.Schema$NamedSchema,org.pitest.mutationtest.engine.gregor.mutators.VoidMethodCallMutator,writeName,883,SURVIVED,none
Schema.java,org.apache.avro.Schema$NamedSchema,org.pitest.mutationtest.engine.gregor.mutators.NegateConditionalsMutator,writeNameRef,875,KILLED,org.apache.avro.ISW2SchemaC4ESTest.schema_ESTest_test067(org.apache.avro.ISW2SchemaC4ESTest)
Schema.java,org.apache.avro.Schema$NamedSchema,org.pitest.mutationtest.engine.gregor.mutators.NegateConditionalsMutator,writeNameRef,875,KILLED,org.apache.avro.ISW2SchemaC4ESTest.schema_ESTest_test137(org.apache.avro.ISW2SchemaC4ESTest)
Schema.java,org.apache.avro.Schema$NamedSchema,org.pitest.mutationtest.engine.gregor.mutators.VoidMethodCallMutator,writeNameRef,876,KILLED,org.apache.avro.ISW2SchemaC4ESTest.schema_ESTest_test137(org.apache.avro.ISW2SchemaC4ESTest)
Schema.java,org.apache.avro.Schema$NamedSchema,org.pitest.mutationtest.engine.gregor.mutators.returns.BooleanFalseReturnValsMutator,writeNameRef,877,KILLED,org.apache.avro.ISW2SchemaC4ESTest.schema_ESTest_test137(org.apache.avro.ISW2SchemaC4ESTest)
Schema.java,org.apache.avro.Schema$NamedSchema,org.pitest.mutationtest.engine.gregor.mutators.returns.BooleanTrueReturnValsMutator,writeNameRef,879,KILLED,org.apache.avro.ISW2SchemaC4ESTest.schema_ESTest_test067(org.apache.avro.ISW2SchemaC4ESTest)
Schema.java,org.apache.avro.Schema$Parser,org.pitest.mutationtest.engine.gregor.mutators.NegateConditionalsMutator,<init>,1449,KILLED,org.apache.avro.ISW2SchemaC4ESTest.schemaParser_ESTest_test1(org.apache.avro.ISW2SchemaC4ESTest)
Schema.java,org.apache.avro.Schema$Parser,org.pitest.mutationtest.engine.gregor.mutators.VoidMethodCallMutator,addTypes,1475,KILLED,org.apache.avro.ISW2SchemaC4ESTest.schemaParser_ESTest_test3(org.apache.avro.ISW2SchemaC4ESTest)
Schema.java,org.apache.avro.Schema$Parser,org.pitest.mutationtest.engine.gregor.mutators.returns.NullReturnValsMutator,addTypes,1476,KILLED,org.apache.avro.ISW2SchemaC4ESTest.schema_ESTest_test106(org.apache.avro.ISW2SchemaC4ESTest)
Schema.java,org.apache.avro.Schema$Parser,org.pitest.mutationtest.engine.gregor.mutators.returns.NullReturnValsMutator,addTypes,1466,KILLED,org.apache.avro.ISW2SchemaC4ESTest.schemaParser_ESTest_test7(org.apache.avro.ISW2SchemaC4ESTest)
Schema.java,org.apache.avro.Schema$Parser,org.pitest.mutationtest.engine.gregor.mutators.returns.EmptyObjectReturnValsMutator,getTypes,1481,SURVIVED,none
Schema.java,org.apache.avro.Schema$Parser,org.pitest.mutationtest.engine.gregor.mutators.returns.BooleanFalseReturnValsMutator,getValidateDefaults,1492,KILLED,org.apache.avro.ISW2SchemaC4ESTest.schema_ESTest_test106(org.apache.avro.ISW2SchemaC4ESTest)
Schema.java,org.apache.avro.Schema$Parser,org.pitest.mutationtest.engine.gregor.mutators.returns.BooleanTrueReturnValsMutator,getValidateDefaults,1492,KILLED,org.apache.avro.ISW2SchemaC4ESTest.schemaParser_ESTest_test6(org.apache.avro.ISW2SchemaC4ESTest)
Schema.java,org.apache.avro.Schema$Parser,org.pitest.mutationtest.engine.gregor.mutators.NegateConditionalsMutator,parse,1550,KILLED,org.apache.avro.ISW2SchemaC4ESTest.schema_ESTest_test136(org.apache.avro.ISW2SchemaC4ESTest)
Schema.java,org.apache.avro.Schema$Parser,org.pitest.mutationtest.engine.gregor.mutators.NegateConditionalsMutator,parse,1554,SURVIVED,none
Schema.java,org.apache.avro.Schema$Parser,org.pitest.mutationtest.engine.gregor.mutators.NegateConditionalsMutator,parse,1558,SURVIVED,none
Schema.java,org.apache.avro.Schema$Parser,org.pitest.mutationtest.engine.gregor.mutators.NegateConditionalsMutator,parse,1565,KILLED,org.apache.avro.ISW2SchemaC4ESTest.schema_ESTest_test081(org.apache.avro.ISW2SchemaC4ESTest)
Schema.java,org.apache.avro.Schema$Parser,org.pitest.mutationtest.engine.gregor.mutators.VoidMethodCallMutator,parse,1546,SURVIVED,none
Schema.java,org.apache.avro.Schema$Parser,org.pitest.mutationtest.engine.gregor.mutators.VoidMethodCallMutator,parse,1547,SURVIVED,none
Schema.java,org.apache.avro.Schema$Parser,org.pitest.mutationtest.engine.gregor.mutators.VoidMethodCallMutator,parse,1551,KILLED,org.apache.avro.ISW2SchemaC4ESTest.schema_ESTest_test008(org.apache.avro.ISW2SchemaC4ESTest)
Schema.java,org.apache.avro.Schema$Parser,org.pitest.mutationtest.engine.gregor.mutators.VoidMethodCallMutator,parse,1573,SURVIVED,none
Schema.java,org.apache.avro.Schema$Parser,org.pitest.mutationtest.engine.gregor.mutators.VoidMethodCallMutator,parse,1574,SURVIVED,none
Schema.java,org.apache.avro.Schema$Parser,org.pitest.mutationtest.engine.gregor.mutators.VoidMethodCallMutator,parse,1575,SURVIVED,none
Schema.java,org.apache.avro.Schema$Parser,org.pitest.mutationtest.engine.gregor.mutators.returns.NullReturnValsMutator,parse,1569,KILLED,org.apache.avro.ISW2SchemaC4ESTest.schema_ESTest_test081(org.apache.avro.ISW2SchemaC4ESTest)
Schema.java,org.apache.avro.Schema$Parser,org.pitest.mutationtest.engine.gregor.mutators.returns.NullReturnValsMutator,parse,1500,NO_COVERAGE,none
Schema.java,org.apache.avro.Schema$Parser,org.pitest.mutationtest.engine.gregor.mutators.returns.NullReturnValsMutator,parse,1509,NO_COVERAGE,none
Schema.java,org.apache.avro.Schema$Parser,org.pitest.mutationtest.engine.gregor.mutators.returns.NullReturnValsMutator,parse,1526,KILLED,org.apache.avro.ISW2SchemaC4ESTest.schema_ESTest_test081(org.apache.avro.ISW2SchemaC4ESTest)
Schema.java,org.apache.avro.Schema$Parser,org.pitest.mutationtest.engine.gregor.mutators.returns.NullReturnValsMutator,parse,1517,NO_COVERAGE,none
Schema.java,org.apache.avro.Schema$Parser,org.pitest.mutationtest.engine.gregor.mutators.returns.NullReturnValsMutator,parseInternal,1534,NO_COVERAGE,none
Schema.java,org.apache.avro.Schema$Parser,org.pitest.mutationtest.engine.gregor.mutators.returns.NullReturnValsMutator,setValidateDefaults,1487,SURVIVED,none
Schema.java,org.apache.avro.Schema$UnionSchema,org.pitest.mutationtest.engine.gregor.mutators.IncrementsMutator,<init>,1275,SURVIVED,none
Schema.java,org.apache.avro.Schema$UnionSchema,org.pitest.mutationtest.engine.gregor.mutators.NegateConditionalsMutator,<init>,1268,KILLED,org.apache.avro.ISW2SchemaC4ESTest.schema_ESTest_test003(org.apache.avro.ISW2SchemaC4ESTest)
Schema.java,org.apache.avro.Schema$UnionSchema,org.pitest.mutationtest.engine.gregor.mutators.NegateConditionalsMutator,<init>,1272,KILLED,org.apache.avro.ISW2SchemaC4ESTest.schema_ESTest_test033(org.apache.avro.ISW2SchemaC4ESTest)
Schema.java,org.apache.avro.Schema$UnionSchema,org.pitest.mutationtest.engine.gregor.mutators.NegateConditionalsMutator,<init>,1275,KILLED,org.apache.avro.ISW2SchemaC4ESTest.schema_ESTest_test003(org.apache.avro.ISW2SchemaC4ESTest)
Schema.java,org.apache.avro.Schema$UnionSchema,org.pitest.mutationtest.engine.gregor.mutators.MathMutator,computeHash,1315,NO_COVERAGE,none
Schema.java,org.apache.avro.Schema$UnionSchema,org.pitest.mutationtest.engine.gregor.mutators.returns.PrimitiveReturnsMutator,computeHash,1316,NO_COVERAGE,none
Schema.java,org.apache.avro.Schema$UnionSchema,org.pitest.mutationtest.engine.gregor.mutators.NegateConditionalsMutator,equals,1303,KILLED,org.apache.avro.ISW2SchemaC4ESTest.schemaField_ESTest_test02(org.apache.avro.ISW2SchemaC4ESTest)
Schema.java,org.apache.avro.Schema$UnionSchema,org.pitest.mutationtest.engine.gregor.mutators.NegateConditionalsMutator,equals,1305,KILLED,org.apache.avro.ISW2SchemaC4ESTest.schemaField_ESTest_test02(org.apache.avro.ISW2SchemaC4ESTest)
Schema.java,org.apache.avro.Schema$UnionSchema,org.pitest.mutationtest.engine.gregor.mutators.NegateConditionalsMutator,equals,1308,KILLED,org.apache.avro.ISW2SchemaC4ESTest.schema_ESTest_test004(org.apache.avro.ISW2SchemaC4ESTest)
Schema.java,org.apache.avro.Schema$UnionSchema,org.pitest.mutationtest.engine.gregor.mutators.NegateConditionalsMutator,equals,1308,KILLED,org.apache.avro.ISW2SchemaC4ESTest.schema_ESTest_test030(org.apache.avro.ISW2SchemaC4ESTest)
Schema.java,org.apache.avro.Schema$UnionSchema,org.pitest.mutationtest.engine.gregor.mutators.NegateConditionalsMutator,equals,1308,KILLED,org.apache.avro.ISW2SchemaC4ESTest.schema_ESTest_test004(org.apache.avro.ISW2SchemaC4ESTest)
Schema.java,org.apache.avro.Schema$UnionSchema,org.pitest.mutationtest.engine.gregor.mutators.returns.BooleanFalseReturnValsMutator,equals,1304,KILLED,org.apache.avro.ISW2SchemaC4ESTest.schemaField_ESTest_test01(org.apache.avro.ISW2SchemaC4ESTest)
Schema.java,org.apache.avro.Schema$UnionSchema,org.pitest.mutationtest.engine.gregor.mutators.returns.BooleanTrueReturnValsMutator,equals,1306,KILLED,org.apache.avro.ISW2SchemaC4ESTest.schemaField_ESTest_test02(org.apache.avro.ISW2SchemaC4ESTest)
Schema.java,org.apache.avro.Schema$UnionSchema,org.pitest.mutationtest.engine.gregor.mutators.returns.BooleanTrueReturnValsMutator,equals,1308,KILLED,org.apache.avro.ISW2SchemaC4ESTest.schema_ESTest_test030(org.apache.avro.ISW2SchemaC4ESTest)
Schema.java,org.apache.avro.Schema$UnionSchema,org.pitest.mutationtest.engine.gregor.mutators.returns.EmptyObjectReturnValsMutator,getIndexNamed,1298,KILLED,org.apache.avro.ISW2SchemaC4ESTest.schema_ESTest_test100(org.apache.avro.ISW2SchemaC4ESTest)
Schema.java,org.apache.avro.Schema$UnionSchema,org.pitest.mutationtest.engine.gregor.mutators.returns.EmptyObjectReturnValsMutator,getName,1335,KILLED,org.apache.avro.ISW2SchemaC4ESTest.schema_ESTest_test098(org.apache.avro.ISW2SchemaC4ESTest)
Schema.java,org.apache.avro.Schema$UnionSchema,org.pitest.mutationtest.engine.gregor.mutators.returns.EmptyObjectReturnValsMutator,getTypes,1293,KILLED,org.apache.avro.ISW2SchemaC4ESTest.schema_ESTest_test098(org.apache.avro.ISW2SchemaC4ESTest)
Schema.java,org.apache.avro.Schema$UnionSchema,org.pitest.mutationtest.engine.gregor.mutators.returns.BooleanFalseReturnValsMutator,isValidDefault,1288,KILLED,org.apache.avro.ISW2SchemaC4ESTest.schemaField_ESTest_test15(org.apache.avro.ISW2SchemaC4ESTest)
Schema.java,org.apache.avro.Schema$UnionSchema,org.pitest.mutationtest.engine.gregor.mutators.returns.BooleanTrueReturnValsMutator,isValidDefault,1288,KILLED,org.apache.avro.ISW2SchemaC4ESTest.schema_ESTest_test099(org.apache.avro.ISW2SchemaC4ESTest)
Schema.java,org.apache.avro.Schema$UnionSchema,org.pitest.mutationtest.engine.gregor.mutators.returns.BooleanFalseReturnValsMutator,lambda$isValidDefault$0,1288,KILLED,org.apache.avro.ISW2SchemaC4ESTest.schemaField_ESTest_test15(org.apache.avro.ISW2SchemaC4ESTest)
Schema.java,org.apache.avro.Schema$UnionSchema,org.pitest.mutationtest.engine.gregor.mutators.returns.BooleanTrueReturnValsMutator,lambda$isValidDefault$0,1288,KILLED,org.apache.avro.ISW2SchemaC4ESTest.schema_ESTest_test099(org.apache.avro.ISW2SchemaC4ESTest)
Schema.java,org.apache.avro.Schema$UnionSchema,org.pitest.mutationtest.engine.gregor.mutators.VoidMethodCallMutator,toJson,1327,KILLED,org.apache.avro.ISW2SchemaC4ESTest.schema_ESTest_test082(org.apache.avro.ISW2SchemaC4ESTest)
Schema.java,org.apache.avro.Schema$UnionSchema,org.pitest.mutationtest.engine.gregor.mutators.VoidMethodCallMutator,toJson,1329,KILLED,org.apache.avro.ISW2SchemaC4ESTest.schema_ESTest_test082(org.apache.avro.ISW2SchemaC4ESTest)
Schema.java,org.apache.avro.Schema$UnionSchema,org.pitest.mutationtest.engine.gregor.mutators.VoidMethodCallMutator,toJson,1330,KILLED,org.apache.avro.ISW2SchemaC4ESTest.schema_ESTest_test082(org.apache.avro.ISW2SchemaC4ESTest)
Schema.java,org.apache.avro.Schema$LockableArrayList,org.pitest.mutationtest.engine.gregor.mutators.VoidMethodCallMutator,add,2251,SURVIVED,none
Schema.java,org.apache.avro.Schema$LockableArrayList,org.pitest.mutationtest.engine.gregor.mutators.returns.BooleanFalseReturnValsMutator,add,2252,SURVIVED,none
Schema.java,org.apache.avro.Schema$LockableArrayList,org.pitest.mutationtest.engine.gregor.mutators.returns.BooleanTrueReturnValsMutator,add,2252,SURVIVED,none
Schema.java,org.apache.avro.Schema$LockableArrayList,org.pitest.mutationtest.engine.gregor.mutators.VoidMethodCallMutator,addAll,2275,SURVIVED,none
Schema.java,org.apache.avro.Schema$LockableArrayList,org.pitest.mutationtest.engine.gregor.mutators.returns.BooleanFalseReturnValsMutator,addAll,2276,NO_COVERAGE,none
Schema.java,org.apache.avro.Schema$LockableArrayList,org.pitest.mutationtest.engine.gregor.mutators.returns.BooleanTrueReturnValsMutator,addAll,2276,NO_COVERAGE,none
Schema.java,org.apache.avro.Schema$LockableArrayList,org.pitest.mutationtest.engine.gregor.mutators.VoidMethodCallMutator,addAll,2269,SURVIVED,none
Schema.java,org.apache.avro.Schema$LockableArrayList,org.pitest.mutationtest.engine.gregor.mutators.returns.BooleanFalseReturnValsMutator,addAll,2270,SURVIVED,none
Schema.java,org.apache.avro.Schema$LockableArrayList,org.pitest.mutationtest.engine.gregor.mutators.returns.BooleanTrueReturnValsMutator,addAll,2270,KILLED,org.apache.avro.ISW2SchemaC4ESTest.schema_ESTest_test144(org.apache.avro.ISW2SchemaC4ESTest)
Schema.java,org.apache.avro.Schema$LockableArrayList,org.pitest.mutationtest.engine.gregor.mutators.VoidMethodCallMutator,clear,2293,SURVIVED,none
Schema.java,org.apache.avro.Schema$LockableArrayList,org.pitest.mutationtest.engine.gregor.mutators.VoidMethodCallMutator,clear,2294,SURVIVED,none
Schema.java,org.apache.avro.Schema$LockableArrayList,org.pitest.mutationtest.engine.gregor.mutators.NegateConditionalsMutator,ensureUnlocked,2244,KILLED,org.apache.avro.ISW2SchemaC4ESTest.schema_ESTest_test145(org.apache.avro.ISW2SchemaC4ESTest)
Schema.java,org.apache.avro.Schema$LockableArrayList,org.pitest.mutationtest.engine.gregor.mutators.returns.EmptyObjectReturnValsMutator,lock,2240,KILLED,org.apache.avro.ISW2SchemaC4ESTest.schema_ESTest_test034(org.apache.avro.ISW2SchemaC4ESTest)
Schema.java,org.apache.avro.Schema$LockableArrayList,org.pitest.mutationtest.engine.gregor.mutators.VoidMethodCallMutator,remove,2263,SURVIVED,none
Schema.java,org.apache.avro.Schema$LockableArrayList,org.pitest.mutationtest.engine.gregor.mutators.returns.NullReturnValsMutator,remove,2264,NO_COVERAGE,none
Schema.java,org.apache.avro.Schema$LockableArrayList,org.pitest.mutationtest.engine.gregor.mutators.VoidMethodCallMutator,remove,2257,SURVIVED,none
Schema.java,org.apache.avro.Schema$LockableArrayList,org.pitest.mutationtest.engine.gregor.mutators.returns.BooleanFalseReturnValsMutator,remove,2258,SURVIVED,none
Schema.java,org.apache.avro.Schema$LockableArrayList,org.pitest.mutationtest.engine.gregor.mutators.returns.BooleanTrueReturnValsMutator,remove,2258,KILLED,org.apache.avro.ISW2SchemaC4ESTest.schema_ESTest_test145(org.apache.avro.ISW2SchemaC4ESTest)
Schema.java,org.apache.avro.Schema$LockableArrayList,org.pitest.mutationtest.engine.gregor.mutators.VoidMethodCallMutator,removeAll,2281,SURVIVED,none
Schema.java,org.apache.avro.Schema$LockableArrayList,org.pitest.mutationtest.engine.gregor.mutators.returns.BooleanFalseReturnValsMutator,removeAll,2282,SURVIVED,none
Schema.java,org.apache.avro.Schema$LockableArrayList,org.pitest.mutationtest.engine.gregor.mutators.returns.BooleanTrueReturnValsMutator,removeAll,2282,KILLED,org.apache.avro.ISW2SchemaC4ESTest.schema_ESTest_test147(org.apache.avro.ISW2SchemaC4ESTest)
Schema.java,org.apache.avro.Schema$LockableArrayList,org.pitest.mutationtest.engine.gregor.mutators.VoidMethodCallMutator,retainAll,2287,SURVIVED,none
Schema.java,org.apache.avro.Schema$LockableArrayList,org.pitest.mutationtest.engine.gregor.mutators.returns.BooleanFalseReturnValsMutator,retainAll,2288,SURVIVED,none
Schema.java,org.apache.avro.Schema$LockableArrayList,org.pitest.mutationtest.engine.gregor.mutators.returns.BooleanTrueReturnValsMutator,retainAll,2288,KILLED,org.apache.avro.ISW2SchemaC4ESTest.schema_ESTest_test148(org.apache.avro.ISW2SchemaC4ESTest)
Schema.java,org.apache.avro.Schema$FixedSchema,org.pitest.mutationtest.engine.gregor.mutators.MathMutator,computeHash,1366,NO_COVERAGE,none
Schema.java,org.apache.avro.Schema$FixedSchema,org.pitest.mutationtest.engine.gregor.mutators.returns.PrimitiveReturnsMutator,computeHash,1366,NO_COVERAGE,none
Schema.java,org.apache.avro.Schema$FixedSchema,org.pitest.mutationtest.engine.gregor.mutators.NegateConditionalsMutator,equals,1356,KILLED,org.apache.avro.ISW2SchemaC4ESTest.schema_ESTest_test035(org.apache.avro.ISW2SchemaC4ESTest)
Schema.java,org.apache.avro.Schema$FixedSchema,org.pitest.mutationtest.engine.gregor.mutators.NegateConditionalsMutator,equals,1358,KILLED,org.apache.avro.ISW2SchemaC4ESTest.schema_ESTest_test035(org.apache.avro.ISW2SchemaC4ESTest)
Schema.java,org.apache.avro.Schema$FixedSchema,org.pitest.mutationtest.engine.gregor.mutators.NegateConditionalsMutator,equals,1361,KILLED,org.apache.avro.ISW2SchemaC4ESTest.schema_ESTest_test096(org.apache.avro.ISW2SchemaC4ESTest)
Schema.java,org.apache.avro.Schema$FixedSchema,org.pitest.mutationtest.engine.gregor.mutators.NegateConditionalsMutator,equals,1361,KILLED,org.apache.avro.ISW2SchemaC4ESTest.schema_ESTest_test096(org.apache.avro.ISW2SchemaC4ESTest)
Schema.java,org.apache.avro.Schema$FixedSchema,org.pitest.mutationtest.engine.gregor.mutators.NegateConditionalsMutator,equals,1361,KILLED,org.apache.avro.ISW2SchemaC4ESTest.schema_ESTest_test096(org.apache.avro.ISW2SchemaC4ESTest)
Schema.java,org.apache.avro.Schema$FixedSchema,org.pitest.mutationtest.engine.gregor.mutators.NegateConditionalsMutator,equals,1361,KILLED,org.apache.avro.ISW2SchemaC4ESTest.schema_ESTest_test096(org.apache.avro.ISW2SchemaC4ESTest)
Schema.java,org.apache.avro.Schema$FixedSchema,org.pitest.mutationtest.engine.gregor.mutators.returns.BooleanFalseReturnValsMutator,equals,1357,SURVIVED,none
Schema.java,org.apache.avro.Schema$FixedSchema,org.pitest.mutationtest.engine.gregor.mutators.returns.BooleanTrueReturnValsMutator,equals,1359,KILLED,org.apache.avro.ISW2SchemaC4ESTest.schema_ESTest_test035(org.apache.avro.ISW2SchemaC4ESTest)
Schema.java,org.apache.avro.Schema$FixedSchema,org.pitest.mutationtest.engine.gregor.mutators.returns.BooleanTrueReturnValsMutator,equals,1361,SURVIVED,none
Schema.java,org.apache.avro.Schema$FixedSchema,org.pitest.mutationtest.engine.gregor.mutators.returns.PrimitiveReturnsMutator,getFixedSize,1351,KILLED,org.apache.avro.ISW2SchemaC4ESTest.schema_ESTest_test096(org.apache.avro.ISW2SchemaC4ESTest)
Schema.java,org.apache.avro.Schema$FixedSchema,org.pitest.mutationtest.engine.gregor.mutators.NegateConditionalsMutator,toJson,1372,SURVIVED,none
Schema.java,org.apache.avro.Schema$FixedSchema,org.pitest.mutationtest.engine.gregor.mutators.NegateConditionalsMutator,toJson,1377,SURVIVED,none
Schema.java,org.apache.avro.Schema$FixedSchema,org.pitest.mutationtest.engine.gregor.mutators.VoidMethodCallMutator,toJson,1374,SURVIVED,none
Schema.java,org.apache.avro.Schema$FixedSchema,org.pitest.mutationtest.engine.gregor.mutators.VoidMethodCallMutator,toJson,1375,SURVIVED,none
Schema.java,org.apache.avro.Schema$FixedSchema,org.pitest.mutationtest.engine.gregor.mutators.VoidMethodCallMutator,toJson,1376,SURVIVED,none
Schema.java,org.apache.avro.Schema$FixedSchema,org.pitest.mutationtest.engine.gregor.mutators.VoidMethodCallMutator,toJson,1378,SURVIVED,none
Schema.java,org.apache.avro.Schema$FixedSchema,org.pitest.mutationtest.engine.gregor.mutators.VoidMethodCallMutator,toJson,1379,SURVIVED,none
Schema.java,org.apache.avro.Schema$FixedSchema,org.pitest.mutationtest.engine.gregor.mutators.VoidMethodCallMutator,toJson,1380,SURVIVED,none
Schema.java,org.apache.avro.Schema$FixedSchema,org.pitest.mutationtest.engine.gregor.mutators.VoidMethodCallMutator,toJson,1381,SURVIVED,none
Schema.java,org.apache.avro.Schema$FixedSchema,org.pitest.mutationtest.engine.gregor.mutators.VoidMethodCallMutator,toJson,1382,SURVIVED,none
Schema.java,org.apache.avro.Schema$MapSchema,org.pitest.mutationtest.engine.gregor.mutators.MathMutator,computeHash,1243,NO_COVERAGE,none
Schema.java,org.apache.avro.Schema$MapSchema,org.pitest.mutationtest.engine.gregor.mutators.returns.PrimitiveReturnsMutator,computeHash,1243,NO_COVERAGE,none
Schema.java,org.apache.avro.Schema$MapSchema,org.pitest.mutationtest.engine.gregor.mutators.NegateConditionalsMutator,equals,1233,SURVIVED,none
Schema.java,org.apache.avro.Schema$MapSchema,org.pitest.mutationtest.engine.gregor.mutators.NegateConditionalsMutator,equals,1235,KILLED,org.apache.avro.ISW2SchemaC4ESTest.schema_ESTest_test151(org.apache.avro.ISW2SchemaC4ESTest)
Schema.java,org.apache.avro.Schema$MapSchema,org.pitest.mutationtest.engine.gregor.mutators.NegateConditionalsMutator,equals,1238,NO_COVERAGE,none
Schema.java,org.apache.avro.Schema$MapSchema,org.pitest.mutationtest.engine.gregor.mutators.NegateConditionalsMutator,equals,1238,NO_COVERAGE,none
Schema.java,org.apache.avro.Schema$MapSchema,org.pitest.mutationtest.engine.gregor.mutators.NegateConditionalsMutator,equals,1238,NO_COVERAGE,none
Schema.java,org.apache.avro.Schema$MapSchema,org.pitest.mutationtest.engine.gregor.mutators.returns.BooleanFalseReturnValsMutator,equals,1234,SURVIVED,none
Schema.java,org.apache.avro.Schema$MapSchema,org.pitest.mutationtest.engine.gregor.mutators.returns.BooleanTrueReturnValsMutator,equals,1236,SURVIVED,none
Schema.java,org.apache.avro.Schema$MapSchema,org.pitest.mutationtest.engine.gregor.mutators.returns.BooleanTrueReturnValsMutator,equals,1238,NO_COVERAGE,none
Schema.java,org.apache.avro.Schema$MapSchema,org.pitest.mutationtest.engine.gregor.mutators.returns.NullReturnValsMutator,getValueType,1228,KILLED,org.apache.avro.ISW2SchemaC4ESTest.schema_ESTest_test096(org.apache.avro.ISW2SchemaC4ESTest)
Schema.java,org.apache.avro.Schema$MapSchema,org.pitest.mutationtest.engine.gregor.mutators.VoidMethodCallMutator,toJson,1249,NO_COVERAGE,none
Schema.java,org.apache.avro.Schema$MapSchema,org.pitest.mutationtest.engine.gregor.mutators.VoidMethodCallMutator,toJson,1250,NO_COVERAGE,none
Schema.java,org.apache.avro.Schema$MapSchema,org.pitest.mutationtest.engine.gregor.mutators.VoidMethodCallMutator,toJson,1251,NO_COVERAGE,none
Schema.java,org.apache.avro.Schema$MapSchema,org.pitest.mutationtest.engine.gregor.mutators.VoidMethodCallMutator,toJson,1252,NO_COVERAGE,none
Schema.java,org.apache.avro.Schema$MapSchema,org.pitest.mutationtest.engine.gregor.mutators.VoidMethodCallMutator,toJson,1253,NO_COVERAGE,none
Schema.java,org.apache.avro.Schema$MapSchema,org.pitest.mutationtest.engine.gregor.mutators.VoidMethodCallMutator,toJson,1254,NO_COVERAGE,none
Schema.java,org.apache.avro.Schema$ArraySchema,org.pitest.mutationtest.engine.gregor.mutators.MathMutator,computeHash,1203,NO_COVERAGE,none
Schema.java,org.apache.avro.Schema$ArraySchema,org.pitest.mutationtest.engine.gregor.mutators.returns.PrimitiveReturnsMutator,computeHash,1203,NO_COVERAGE,none
Schema.java,org.apache.avro.Schema$ArraySchema,org.pitest.mutationtest.engine.gregor.mutators.NegateConditionalsMutator,equals,1193,KILLED,org.apache.avro.ISW2SchemaC4ESTest.schema_ESTest_test036(org.apache.avro.ISW2SchemaC4ESTest)
Schema.java,org.apache.avro.Schema$ArraySchema,org.pitest.mutationtest.engine.gregor.mutators.NegateConditionalsMutator,equals,1195,KILLED,org.apache.avro.ISW2SchemaC4ESTest.schema_ESTest_test036(org.apache.avro.ISW2SchemaC4ESTest)
Schema.java,org.apache.avro.Schema$ArraySchema,org.pitest.mutationtest.engine.gregor.mutators.NegateConditionalsMutator,equals,1198,KILLED,org.apache.avro.ISW2SchemaC4ESTest.schema_ESTest_test036(org.apache.avro.ISW2SchemaC4ESTest)
Schema.java,org.apache.avro.Schema$ArraySchema,org.pitest.mutationtest.engine.gregor.mutators.NegateConditionalsMutator,equals,1198,KILLED,org.apache.avro.ISW2SchemaC4ESTest.schema_ESTest_test036(org.apache.avro.ISW2SchemaC4ESTest)
Schema.java,org.apache.avro.Schema$ArraySchema,org.pitest.mutationtest.engine.gregor.mutators.NegateConditionalsMutator,equals,1198,KILLED,org.apache.avro.ISW2SchemaC4ESTest.schema_ESTest_test036(org.apache.avro.ISW2SchemaC4ESTest)
Schema.java,org.apache.avro.Schema$ArraySchema,org.pitest.mutationtest.engine.gregor.mutators.returns.BooleanFalseReturnValsMutator,equals,1194,SURVIVED,none
Schema.java,org.apache.avro.Schema$ArraySchema,org.pitest.mutationtest.engine.gregor.mutators.returns.BooleanTrueReturnValsMutator,equals,1196,KILLED,org.apache.avro.ISW2SchemaC4ESTest.schema_ESTest_test036(org.apache.avro.ISW2SchemaC4ESTest)
Schema.java,org.apache.avro.Schema$ArraySchema,org.pitest.mutationtest.engine.gregor.mutators.returns.BooleanTrueReturnValsMutator,equals,1198,KILLED,org.apache.avro.ISW2SchemaC4ESTest.schema_ESTest_test037(org.apache.avro.ISW2SchemaC4ESTest)
Schema.java,org.apache.avro.Schema$ArraySchema,org.pitest.mutationtest.engine.gregor.mutators.returns.NullReturnValsMutator,getElementType,1188,KILLED,org.apache.avro.ISW2SchemaC4ESTest.schema_ESTest_test035(org.apache.avro.ISW2SchemaC4ESTest)
Schema.java,org.apache.avro.Schema$ArraySchema,org.pitest.mutationtest.engine.gregor.mutators.VoidMethodCallMutator,toJson,1209,KILLED,org.apache.avro.ISW2SchemaC4ESTest.schema_ESTest_test129(org.apache.avro.ISW2SchemaC4ESTest)
Schema.java,org.apache.avro.Schema$ArraySchema,org.pitest.mutationtest.engine.gregor.mutators.VoidMethodCallMutator,toJson,1210,SURVIVED,none
Schema.java,org.apache.avro.Schema$ArraySchema,org.pitest.mutationtest.engine.gregor.mutators.VoidMethodCallMutator,toJson,1211,SURVIVED,none
Schema.java,org.apache.avro.Schema$ArraySchema,org.pitest.mutationtest.engine.gregor.mutators.VoidMethodCallMutator,toJson,1212,KILLED,org.apache.avro.ISW2SchemaC4ESTest.schema_ESTest_test129(org.apache.avro.ISW2SchemaC4ESTest)
Schema.java,org.apache.avro.Schema$ArraySchema,org.pitest.mutationtest.engine.gregor.mutators.VoidMethodCallMutator,toJson,1213,NO_COVERAGE,none
Schema.java,org.apache.avro.Schema$ArraySchema,org.pitest.mutationtest.engine.gregor.mutators.VoidMethodCallMutator,toJson,1214,NO_COVERAGE,none
Schema.java,org.apache.avro.Schema$Names,org.pitest.mutationtest.engine.gregor.mutators.NegateConditionalsMutator,contains,1677,KILLED,org.apache.avro.ISW2SchemaC4ESTest.schema_ESTest_test023(org.apache.avro.ISW2SchemaC4ESTest)
Schema.java,org.apache.avro.Schema$Names,org.pitest.mutationtest.engine.gregor.mutators.returns.BooleanTrueReturnValsMutator,contains,1677,KILLED,org.apache.avro.ISW2SchemaC4ESTest.schema_ESTest_test023(org.apache.avro.ISW2SchemaC4ESTest)
Schema.java,org.apache.avro.Schema$Names,org.pitest.mutationtest.engine.gregor.mutators.NegateConditionalsMutator,get,1665,KILLED,org.apache.avro.ISW2SchemaC4ESTest.schema_ESTest_test069(org.apache.avro.ISW2SchemaC4ESTest)
Schema.java,org.apache.avro.Schema$Names,org.pitest.mutationtest.engine.gregor.mutators.NegateConditionalsMutator,get,1669,SURVIVED,none
Schema.java,org.apache.avro.Schema$Names,org.pitest.mutationtest.engine.gregor.mutators.returns.NullReturnValsMutator,get,1666,NO_COVERAGE,none
Schema.java,org.apache.avro.Schema$Names,org.pitest.mutationtest.engine.gregor.mutators.returns.NullReturnValsMutator,get,1673,KILLED,org.apache.avro.ISW2SchemaC4ESTest.schema_ESTest_test024(org.apache.avro.ISW2SchemaC4ESTest)
Schema.java,org.apache.avro.Schema$Names,org.pitest.mutationtest.engine.gregor.mutators.NegateConditionalsMutator,put,1686,KILLED,org.apache.avro.ISW2SchemaC4ESTest.schema_ESTest_test021(org.apache.avro.ISW2SchemaC4ESTest)
Schema.java,org.apache.avro.Schema$Names,org.pitest.mutationtest.engine.gregor.mutators.NegateConditionalsMutator,put,1688,KILLED,org.apache.avro.ISW2SchemaC4ESTest.schema_ESTest_test021(org.apache.avro.ISW2SchemaC4ESTest)
Schema.java,org.apache.avro.Schema$Names,org.pitest.mutationtest.engine.gregor.mutators.returns.NullReturnValsMutator,put,1691,SURVIVED,none
Schema.java,org.apache.avro.Schema$Names,org.pitest.mutationtest.engine.gregor.mutators.returns.NullReturnValsMutator,put,1694,SURVIVED,none
Schema.java,org.apache.avro.Schema$Names,org.pitest.mutationtest.engine.gregor.mutators.returns.EmptyObjectReturnValsMutator,space,1656,KILLED,org.apache.avro.ISW2SchemaC4ESTest.schema_ESTest_test103(org.apache.avro.ISW2SchemaC4ESTest)
Schema.java,org.apache.avro.Schema$SeenPair,org.pitest.mutationtest.engine.gregor.mutators.NegateConditionalsMutator,equals,921,KILLED,org.apache.avro.ISW2SchemaC4ESTest.schemaSeenPair_ESTest_test2(org.apache.avro.ISW2SchemaC4ESTest)
Schema.java,org.apache.avro.Schema$SeenPair,org.pitest.mutationtest.engine.gregor.mutators.NegateConditionalsMutator,equals,923,KILLED,org.apache.avro.ISW2SchemaC4ESTest.schemaSeenPair_ESTest_test3(org.apache.avro.ISW2SchemaC4ESTest)
Schema.java,org.apache.avro.Schema$SeenPair,org.pitest.mutationtest.engine.gregor.mutators.NegateConditionalsMutator,equals,923,KILLED,org.apache.avro.ISW2SchemaC4ESTest.schemaSeenPair_ESTest_test0(org.apache.avro.ISW2SchemaC4ESTest)
Schema.java,org.apache.avro.Schema$SeenPair,org.pitest.mutationtest.engine.gregor.mutators.returns.BooleanTrueReturnValsMutator,equals,922,KILLED,org.apache.avro.ISW2SchemaC4ESTest.schemaSeenPair_ESTest_test2(org.apache.avro.ISW2SchemaC4ESTest)
Schema.java,org.apache.avro.Schema$SeenPair,org.pitest.mutationtest.engine.gregor.mutators.returns.BooleanTrueReturnValsMutator,equals,923,KILLED,org.apache.avro.ISW2SchemaC4ESTest.schemaSeenPair_ESTest_test1(org.apache.avro.ISW2SchemaC4ESTest)
Schema.java,org.apache.avro.Schema$SeenPair,org.pitest.mutationtest.engine.gregor.mutators.MathMutator,hashCode,928,SURVIVED,none
Schema.java,org.apache.avro.Schema$SeenPair,org.pitest.mutationtest.engine.gregor.mutators.returns.PrimitiveReturnsMutator,hashCode,928,SURVIVED,none
Schema.java,org.apache.avro.Schema$Field$1,org.pitest.mutationtest.engine.gregor.mutators.returns.NullReturnValsMutator,createField,550,NO_COVERAGE,none
Schema.java,org.apache.avro.Schema$Field$1,org.pitest.mutationtest.engine.gregor.mutators.returns.NullReturnValsMutator,createField,556,NO_COVERAGE,none
Schema.java,org.apache.avro.Schema$Field$1,org.pitest.mutationtest.engine.gregor.mutators.returns.NullReturnValsMutator,defaultValue,545,NO_COVERAGE,none
Schema.java,org.apache.avro.Schema$SerializableSchema,org.pitest.mutationtest.engine.gregor.mutators.returns.NullReturnValsMutator,readResolve,116,NO_COVERAGE,none
Schema.java,org.apache.avro.Schema$Type,org.pitest.mutationtest.engine.gregor.mutators.returns.EmptyObjectReturnValsMutator,getName,151,KILLED,org.apache.avro.ISW2SchemaC4ESTest.schemaType_ESTest_test0(org.apache.avro.ISW2SchemaC4ESTest)
