Schema.java,org.apache.avro.Schema,org.pitest.mutationtest.engine.gregor.mutators.NegateConditionalsMutator,<init>,159,SURVIVED,none
Schema.java,org.apache.avro.Schema,org.pitest.mutationtest.engine.gregor.mutators.VoidMethodCallMutator,addProp,205,NO_COVERAGE,none
Schema.java,org.apache.avro.Schema,org.pitest.mutationtest.engine.gregor.mutators.VoidMethodCallMutator,addProp,199,KILLED,org.apache.avro.ISW2SchemaC4LLMTest.customPropertyAffectsEqualityAndIsRendered(org.apache.avro.ISW2SchemaC4LLMTest)
Schema.java,org.apache.avro.Schema,org.pitest.mutationtest.engine.gregor.mutators.NegateConditionalsMutator,applyAliases,2098,KILLED,org.apache.avro.ISW2SchemaC4LLMTest.applyAliasesRewritesWriterRecordAndFieldNames(org.apache.avro.ISW2SchemaC4LLMTest)
Schema.java,org.apache.avro.Schema,org.pitest.mutationtest.engine.gregor.mutators.NegateConditionalsMutator,applyAliases,2102,KILLED,org.apache.avro.ISW2SchemaC4LLMTest.applyAliasesRewritesWriterRecordAndFieldNames(org.apache.avro.ISW2SchemaC4LLMTest)
Schema.java,org.apache.avro.Schema,org.pitest.mutationtest.engine.gregor.mutators.NegateConditionalsMutator,applyAliases,2104,KILLED,org.apache.avro.ISW2SchemaC4LLMTest.applyAliasesRewritesWriterRecordAndFieldNames(org.apache.avro.ISW2SchemaC4LLMTest)
Schema.java,org.apache.avro.Schema,org.pitest.mutationtest.engine.gregor.mutators.NegateConditionalsMutator,applyAliases,2119,NO_COVERAGE,none
Schema.java,org.apache.avro.Schema,org.pitest.mutationtest.engine.gregor.mutators.NegateConditionalsMutator,applyAliases,2124,NO_COVERAGE,none
Schema.java,org.apache.avro.Schema,org.pitest.mutationtest.engine.gregor.mutators.NegateConditionalsMutator,applyAliases,2129,NO_COVERAGE,none
Schema.java,org.apache.avro.Schema,org.pitest.mutationtest.engine.gregor.mutators.NegateConditionalsMutator,applyAliases,2139,NO_COVERAGE,none
Schema.java,org.apache.avro.Schema,org.pitest.mutationtest.engine.gregor.mutators.NegateConditionalsMutator,applyAliases,2145,SURVIVED,none
Schema.java,org.apache.avro.Schema,org.pitest.mutationtest.engine.gregor.mutators.VoidMethodCallMutator,applyAliases,2113,SURVIVED,none
Schema.java,org.apache.avro.Schema,org.pitest.mutationtest.engine.gregor.mutators.VoidMethodCallMutator,applyAliases,2116,KILLED,org.apache.avro.ISW2SchemaC4LLMTest.applyAliasesRewritesWriterRecordAndFieldNames(org.apache.avro.ISW2SchemaC4LLMTest)
Schema.java,org.apache.avro.Schema,org.pitest.mutationtest.engine.gregor.mutators.VoidMethodCallMutator,applyAliases,2146,SURVIVED,none
Schema.java,org.apache.avro.Schema,org.pitest.mutationtest.engine.gregor.mutators.returns.NullReturnValsMutator,applyAliases,2103,NO_COVERAGE,none
Schema.java,org.apache.avro.Schema,org.pitest.mutationtest.engine.gregor.mutators.returns.NullReturnValsMutator,applyAliases,2147,KILLED,org.apache.avro.ISW2SchemaC4LLMTest.applyAliasesRewritesWriterRecordAndFieldNames(org.apache.avro.ISW2SchemaC4LLMTest)
Schema.java,org.apache.avro.Schema,org.pitest.mutationtest.engine.gregor.mutators.NegateConditionalsMutator,applyAliases,2078,KILLED,org.apache.avro.ISW2SchemaC4LLMTest.applyAliasesRewritesWriterRecordAndFieldNames(org.apache.avro.ISW2SchemaC4LLMTest)
Schema.java,org.apache.avro.Schema,org.pitest.mutationtest.engine.gregor.mutators.NegateConditionalsMutator,applyAliases,2087,SURVIVED,none
Schema.java,org.apache.avro.Schema,org.pitest.mutationtest.engine.gregor.mutators.NegateConditionalsMutator,applyAliases,2087,NO_COVERAGE,none
Schema.java,org.apache.avro.Schema,org.pitest.mutationtest.engine.gregor.mutators.VoidMethodCallMutator,applyAliases,2085,KILLED,org.apache.avro.ISW2SchemaC4LLMTest.applyAliasesRewritesWriterRecordAndFieldNames(org.apache.avro.ISW2SchemaC4LLMTest)
Schema.java,org.apache.avro.Schema,org.pitest.mutationtest.engine.gregor.mutators.VoidMethodCallMutator,applyAliases,2090,SURVIVED,none
Schema.java,org.apache.avro.Schema,org.pitest.mutationtest.engine.gregor.mutators.returns.NullReturnValsMutator,applyAliases,2079,NO_COVERAGE,none
Schema.java,org.apache.avro.Schema,org.pitest.mutationtest.engine.gregor.mutators.returns.NullReturnValsMutator,applyAliases,2088,NO_COVERAGE,none
Schema.java,org.apache.avro.Schema,org.pitest.mutationtest.engine.gregor.mutators.returns.NullReturnValsMutator,applyAliases,2091,KILLED,org.apache.avro.ISW2SchemaC4LLMTest.applyAliasesRewritesWriterRecordAndFieldNames(org.apache.avro.ISW2SchemaC4LLMTest)
Schema.java,org.apache.avro.Schema,org.pitest.mutationtest.engine.gregor.mutators.MathMutator,computeHash,508,SURVIVED,none
Schema.java,org.apache.avro.Schema,org.pitest.mutationtest.engine.gregor.mutators.returns.PrimitiveReturnsMutator,computeHash,508,SURVIVED,none
Schema.java,org.apache.avro.Schema,org.pitest.mutationtest.engine.gregor.mutators.returns.NullReturnValsMutator,create,167,KILLED,org.apache.avro.ISW2SchemaC4LLMTest.primitiveFactoriesExposeTypeNameAndNullability(org.apache.avro.ISW2SchemaC4LLMTest)
Schema.java,org.apache.avro.Schema,org.pitest.mutationtest.engine.gregor.mutators.returns.NullReturnValsMutator,create,169,KILLED,org.apache.avro.ISW2SchemaC4LLMTest.primitiveFactoriesExposeTypeNameAndNullability(org.apache.avro.ISW2SchemaC4LLMTest)
Schema.java,org.apache.avro.Schema,org.pitest.mutationtest.engine.gregor.mutators.returns.NullReturnValsMutator,create,171,KILLED,org.apache.avro.ISW2SchemaC4LLMTest.seenPairUsesObjectIdentityRatherThanLogicalEquality(org.apache.avro.ISW2SchemaC4LLMTest)
Schema.java,org.apache.avro.Schema,org.pitest.mutationtest.engine.gregor.mutators.returns.NullReturnValsMutator,create,173,KILLED,org.apache.avro.ISW2SchemaC4LLMTest.primitiveFactoriesExposeTypeNameAndNullability(org.apache.avro.ISW2SchemaC4LLMTest)
Schema.java,org.apache.avro.Schema,org.pitest.mutationtest.engine.gregor.mutators.returns.NullReturnValsMutator,create,175,KILLED,org.apache.avro.ISW2SchemaC4LLMTest.primitiveFactoriesExposeTypeNameAndNullability(org.apache.avro.ISW2SchemaC4LLMTest)
Schema.java,org.apache.avro.Schema,org.pitest.mutationtest.engine.gregor.mutators.returns.NullReturnValsMutator,create,177,KILLED,org.apache.avro.ISW2SchemaC4LLMTest.primitiveFactoriesExposeTypeNameAndNullability(org.apache.avro.ISW2SchemaC4LLMTest)
Schema.java,org.apache.avro.Schema,org.pitest.mutationtest.engine.gregor.mutators.returns.NullReturnValsMutator,create,179,KILLED,org.apache.avro.ISW2SchemaC4LLMTest.primitiveFactoriesExposeTypeNameAndNullability(org.apache.avro.ISW2SchemaC4LLMTest)
Schema.java,org.apache.avro.Schema,org.pitest.mutationtest.engine.gregor.mutators.returns.NullReturnValsMutator,create,181,KILLED,org.apache.avro.ISW2SchemaC4LLMTest.primitiveFactoriesExposeTypeNameAndNullability(org.apache.avro.ISW2SchemaC4LLMTest)
Schema.java,org.apache.avro.Schema,org.pitest.mutationtest.engine.gregor.mutators.returns.NullReturnValsMutator,createArray,255,KILLED,org.apache.avro.ISW2SchemaC4LLMTest.arrayAndMapRetainTheirComponentSchemas(org.apache.avro.ISW2SchemaC4LLMTest)
Schema.java,org.apache.avro.Schema,org.pitest.mutationtest.engine.gregor.mutators.returns.NullReturnValsMutator,createEnum,245,NO_COVERAGE,none
Schema.java,org.apache.avro.Schema,org.pitest.mutationtest.engine.gregor.mutators.returns.NullReturnValsMutator,createEnum,250,KILLED,org.apache.avro.ISW2SchemaC4LLMTest.enumExposesSymbolsOrdinalsMembershipAndDefault(org.apache.avro.ISW2SchemaC4LLMTest)
Schema.java,org.apache.avro.Schema,org.pitest.mutationtest.engine.gregor.mutators.returns.NullReturnValsMutator,createFixed,275,KILLED,org.apache.avro.ISW2SchemaC4LLMTest.fixedSchemaExposesNameSizeAndAliases(org.apache.avro.ISW2SchemaC4LLMTest)
Schema.java,org.apache.avro.Schema,org.pitest.mutationtest.engine.gregor.mutators.returns.NullReturnValsMutator,createMap,260,KILLED,org.apache.avro.ISW2SchemaC4LLMTest.arrayAndMapRetainTheirComponentSchemas(org.apache.avro.ISW2SchemaC4LLMTest)
Schema.java,org.apache.avro.Schema,org.pitest.mutationtest.engine.gregor.mutators.returns.NullReturnValsMutator,createRecord,235,KILLED,org.apache.avro.ISW2SchemaC4LLMTest.recordFieldsMayOnlyBeSetOnce(org.apache.avro.ISW2SchemaC4LLMTest)
Schema.java,org.apache.avro.Schema,org.pitest.mutationtest.engine.gregor.mutators.returns.NullReturnValsMutator,createRecord,240,KILLED,org.apache.avro.ISW2SchemaC4LLMTest.namedRecordExposesIdentityDocumentationAndErrorFlag(org.apache.avro.ISW2SchemaC4LLMTest)
Schema.java,org.apache.avro.Schema,org.pitest.mutationtest.engine.gregor.mutators.VoidMethodCallMutator,createRecord,229,NO_COVERAGE,none
Schema.java,org.apache.avro.Schema,org.pitest.mutationtest.engine.gregor.mutators.returns.NullReturnValsMutator,createRecord,230,NO_COVERAGE,none
Schema.java,org.apache.avro.Schema,org.pitest.mutationtest.engine.gregor.mutators.returns.NullReturnValsMutator,createUnion,265,KILLED,org.apache.avro.ISW2SchemaC4LLMTest.unionExposesBranchesIndexesAndNullableState(org.apache.avro.ISW2SchemaC4LLMTest)
Schema.java,org.apache.avro.Schema,org.pitest.mutationtest.engine.gregor.mutators.returns.NullReturnValsMutator,createUnion,270,KILLED,org.apache.avro.ISW2SchemaC4LLMTest.unionExposesBranchesIndexesAndNullableState(org.apache.avro.ISW2SchemaC4LLMTest)
Schema.java,org.apache.avro.Schema,org.pitest.mutationtest.engine.gregor.mutators.NegateConditionalsMutator,equalCachedHash,512,SURVIVED,none
Schema.java,org.apache.avro.Schema,org.pitest.mutationtest.engine.gregor.mutators.NegateConditionalsMutator,equalCachedHash,512,NO_COVERAGE,none
Schema.java,org.apache.avro.Schema,org.pitest.mutationtest.engine.gregor.mutators.NegateConditionalsMutator,equalCachedHash,512,NO_COVERAGE,none
Schema.java,org.apache.avro.Schema,org.pitest.mutationtest.engine.gregor.mutators.returns.BooleanTrueReturnValsMutator,equalCachedHash,512,SURVIVED,none
Schema.java,org.apache.avro.Schema,org.pitest.mutationtest.engine.gregor.mutators.NegateConditionalsMutator,equals,490,KILLED,org.apache.avro.ISW2SchemaC4LLMTest.customPropertyAffectsEqualityAndIsRendered(org.apache.avro.ISW2SchemaC4LLMTest)
Schema.java,org.apache.avro.Schema,org.pitest.mutationtest.engine.gregor.mutators.NegateConditionalsMutator,equals,492,KILLED,org.apache.avro.ISW2SchemaC4LLMTest.serializationRoundTripThroughParserPreservesSchema(org.apache.avro.ISW2SchemaC4LLMTest)
Schema.java,org.apache.avro.Schema,org.pitest.mutationtest.engine.gregor.mutators.NegateConditionalsMutator,equals,495,KILLED,org.apache.avro.ISW2SchemaC4LLMTest.serializationRoundTripThroughParserPreservesSchema(org.apache.avro.ISW2SchemaC4LLMTest)
Schema.java,org.apache.avro.Schema,org.pitest.mutationtest.engine.gregor.mutators.NegateConditionalsMutator,equals,497,KILLED,org.apache.avro.ISW2SchemaC4LLMTest.serializationRoundTripThroughParserPreservesSchema(org.apache.avro.ISW2SchemaC4LLMTest)
Schema.java,org.apache.avro.Schema,org.pitest.mutationtest.engine.gregor.mutators.NegateConditionalsMutator,equals,497,KILLED,org.apache.avro.ISW2SchemaC4LLMTest.customPropertyAffectsEqualityAndIsRendered(org.apache.avro.ISW2SchemaC4LLMTest)
Schema.java,org.apache.avro.Schema,org.pitest.mutationtest.engine.gregor.mutators.returns.BooleanFalseReturnValsMutator,equals,491,KILLED,org.apache.avro.ISW2SchemaC4LLMTest.unionExposesBranchesIndexesAndNullableState(org.apache.avro.ISW2SchemaC4LLMTest)
Schema.java,org.apache.avro.Schema,org.pitest.mutationtest.engine.gregor.mutators.returns.BooleanTrueReturnValsMutator,equals,493,NO_COVERAGE,none
Schema.java,org.apache.avro.Schema,org.pitest.mutationtest.engine.gregor.mutators.returns.BooleanTrueReturnValsMutator,equals,496,NO_COVERAGE,none
Schema.java,org.apache.avro.Schema,org.pitest.mutationtest.engine.gregor.mutators.returns.BooleanTrueReturnValsMutator,equals,497,KILLED,org.apache.avro.ISW2SchemaC4LLMTest.customPropertyAffectsEqualityAndIsRendered(org.apache.avro.ISW2SchemaC4LLMTest)
Schema.java,org.apache.avro.Schema,org.pitest.mutationtest.engine.gregor.mutators.NegateConditionalsMutator,getAliases,2153,KILLED,org.apache.avro.ISW2SchemaC4LLMTest.applyAliasesRewritesWriterRecordAndFieldNames(org.apache.avro.ISW2SchemaC4LLMTest)
Schema.java,org.apache.avro.Schema,org.pitest.mutationtest.engine.gregor.mutators.NegateConditionalsMutator,getAliases,2155,KILLED,org.apache.avro.ISW2SchemaC4LLMTest.applyAliasesRewritesWriterRecordAndFieldNames(org.apache.avro.ISW2SchemaC4LLMTest)
Schema.java,org.apache.avro.Schema,org.pitest.mutationtest.engine.gregor.mutators.NegateConditionalsMutator,getAliases,2161,KILLED,org.apache.avro.ISW2SchemaC4LLMTest.applyAliasesRewritesWriterRecordAndFieldNames(org.apache.avro.ISW2SchemaC4LLMTest)
Schema.java,org.apache.avro.Schema,org.pitest.mutationtest.engine.gregor.mutators.NegateConditionalsMutator,getAliases,2166,KILLED,org.apache.avro.ISW2SchemaC4LLMTest.applyAliasesRewritesWriterRecordAndFieldNames(org.apache.avro.ISW2SchemaC4LLMTest)
Schema.java,org.apache.avro.Schema,org.pitest.mutationtest.engine.gregor.mutators.NegateConditionalsMutator,getAliases,2173,SURVIVED,none
Schema.java,org.apache.avro.Schema,org.pitest.mutationtest.engine.gregor.mutators.NegateConditionalsMutator,getAliases,2173,SURVIVED,none
Schema.java,org.apache.avro.Schema,org.pitest.mutationtest.engine.gregor.mutators.VoidMethodCallMutator,getAliases,2171,SURVIVED,none
Schema.java,org.apache.avro.Schema,org.pitest.mutationtest.engine.gregor.mutators.VoidMethodCallMutator,getAliases,2178,NO_COVERAGE,none
Schema.java,org.apache.avro.Schema,org.pitest.mutationtest.engine.gregor.mutators.VoidMethodCallMutator,getAliases,2181,NO_COVERAGE,none
Schema.java,org.apache.avro.Schema,org.pitest.mutationtest.engine.gregor.mutators.VoidMethodCallMutator,getAliases,2185,NO_COVERAGE,none
Schema.java,org.apache.avro.Schema,org.pitest.mutationtest.engine.gregor.mutators.returns.EmptyObjectReturnValsMutator,getDoc,348,NO_COVERAGE,none
Schema.java,org.apache.avro.Schema,org.pitest.mutationtest.engine.gregor.mutators.NegateConditionalsMutator,getFieldAlias,2192,KILLED,org.apache.avro.ISW2SchemaC4LLMTest.applyAliasesRewritesWriterRecordAndFieldNames(org.apache.avro.ISW2SchemaC4LLMTest)
Schema.java,org.apache.avro.Schema,org.pitest.mutationtest.engine.gregor.mutators.NegateConditionalsMutator,getFieldAlias,2195,KILLED,org.apache.avro.ISW2SchemaC4LLMTest.applyAliasesRewritesWriterRecordAndFieldNames(org.apache.avro.ISW2SchemaC4LLMTest)
Schema.java,org.apache.avro.Schema,org.pitest.mutationtest.engine.gregor.mutators.returns.EmptyObjectReturnValsMutator,getFieldAlias,2193,NO_COVERAGE,none
Schema.java,org.apache.avro.Schema,org.pitest.mutationtest.engine.gregor.mutators.returns.EmptyObjectReturnValsMutator,getFieldAlias,2196,NO_COVERAGE,none
Schema.java,org.apache.avro.Schema,org.pitest.mutationtest.engine.gregor.mutators.returns.EmptyObjectReturnValsMutator,getFieldAlias,2197,KILLED,org.apache.avro.ISW2SchemaC4LLMTest.applyAliasesRewritesWriterRecordAndFieldNames(org.apache.avro.ISW2SchemaC4LLMTest)
Schema.java,org.apache.avro.Schema,org.pitest.mutationtest.engine.gregor.mutators.returns.EmptyObjectReturnValsMutator,getFullName,361,KILLED,org.apache.avro.ISW2SchemaC4LLMTest.unionExposesBranchesIndexesAndNullableState(org.apache.avro.ISW2SchemaC4LLMTest)
Schema.java,org.apache.avro.Schema,org.pitest.mutationtest.engine.gregor.mutators.returns.NullReturnValsMutator,getLogicalType,210,SURVIVED,none
Schema.java,org.apache.avro.Schema,org.pitest.mutationtest.engine.gregor.mutators.returns.EmptyObjectReturnValsMutator,getName,340,KILLED,org.apache.avro.ISW2SchemaC4LLMTest.primitiveFactoriesExposeTypeNameAndNullability(org.apache.avro.ISW2SchemaC4LLMTest)
Schema.java,org.apache.avro.Schema,org.pitest.mutationtest.engine.gregor.mutators.returns.NullReturnValsMutator,getNameValidator,1722,SURVIVED,none
Schema.java,org.apache.avro.Schema,org.pitest.mutationtest.engine.gregor.mutators.NegateConditionalsMutator,getOptionalText,2052,KILLED,org.apache.avro.ISW2SchemaC4LLMTest.serializationRoundTripThroughParserPreservesSchema(org.apache.avro.ISW2SchemaC4LLMTest)
Schema.java,org.apache.avro.Schema,org.pitest.mutationtest.engine.gregor.mutators.returns.EmptyObjectReturnValsMutator,getOptionalText,2052,KILLED,org.apache.avro.ISW2SchemaC4LLMTest.serializationRoundTripThroughParserPreservesSchema(org.apache.avro.ISW2SchemaC4LLMTest)
Schema.java,org.apache.avro.Schema,org.pitest.mutationtest.engine.gregor.mutators.NegateConditionalsMutator,getRequiredText,2043,KILLED,org.apache.avro.ISW2SchemaC4LLMTest.serializationRoundTripThroughParserPreservesSchema(org.apache.avro.ISW2SchemaC4LLMTest)
Schema.java,org.apache.avro.Schema,org.pitest.mutationtest.engine.gregor.mutators.returns.EmptyObjectReturnValsMutator,getRequiredText,2046,KILLED,org.apache.avro.ISW2SchemaC4LLMTest.serializationRoundTripThroughParserPreservesSchema(org.apache.avro.ISW2SchemaC4LLMTest)
Schema.java,org.apache.avro.Schema,org.pitest.mutationtest.engine.gregor.mutators.returns.NullReturnValsMutator,getType,280,KILLED,org.apache.avro.ISW2SchemaC4LLMTest.arrayAndMapRetainTheirComponentSchemas(org.apache.avro.ISW2SchemaC4LLMTest)
Schema.java,org.apache.avro.Schema,org.pitest.mutationtest.engine.gregor.mutators.returns.BooleanFalseReturnValsMutator,getValidateDefaults,1748,NO_COVERAGE,none
Schema.java,org.apache.avro.Schema,org.pitest.mutationtest.engine.gregor.mutators.returns.BooleanTrueReturnValsMutator,getValidateDefaults,1748,NO_COVERAGE,none
Schema.java,org.apache.avro.Schema,org.pitest.mutationtest.engine.gregor.mutators.NegateConditionalsMutator,hashCode,502,SURVIVED,none
Schema.java,org.apache.avro.Schema,org.pitest.mutationtest.engine.gregor.mutators.returns.PrimitiveReturnsMutator,hashCode,504,SURVIVED,none
Schema.java,org.apache.avro.Schema,org.pitest.mutationtest.engine.gregor.mutators.NegateConditionalsMutator,isNullable,525,KILLED,org.apache.avro.ISW2SchemaC4LLMTest.primitiveFactoriesExposeTypeNameAndNullability(org.apache.avro.ISW2SchemaC4LLMTest)
Schema.java,org.apache.avro.Schema,org.pitest.mutationtest.engine.gregor.mutators.NegateConditionalsMutator,isNullable,530,SURVIVED,none
Schema.java,org.apache.avro.Schema,org.pitest.mutationtest.engine.gregor.mutators.returns.BooleanFalseReturnValsMutator,isNullable,526,KILLED,org.apache.avro.ISW2SchemaC4LLMTest.primitiveFactoriesExposeTypeNameAndNullability(org.apache.avro.ISW2SchemaC4LLMTest)
Schema.java,org.apache.avro.Schema,org.pitest.mutationtest.engine.gregor.mutators.returns.BooleanFalseReturnValsMutator,isNullable,531,KILLED,org.apache.avro.ISW2SchemaC4LLMTest.unionExposesBranchesIndexesAndNullableState(org.apache.avro.ISW2SchemaC4LLMTest)
Schema.java,org.apache.avro.Schema,org.pitest.mutationtest.engine.gregor.mutators.returns.BooleanTrueReturnValsMutator,isNullable,526,KILLED,org.apache.avro.ISW2SchemaC4LLMTest.primitiveFactoriesExposeTypeNameAndNullability(org.apache.avro.ISW2SchemaC4LLMTest)
Schema.java,org.apache.avro.Schema,org.pitest.mutationtest.engine.gregor.mutators.returns.BooleanTrueReturnValsMutator,isNullable,535,NO_COVERAGE,none
Schema.java,org.apache.avro.Schema,org.pitest.mutationtest.engine.gregor.mutators.returns.BooleanFalseReturnValsMutator,isUnion,520,KILLED,org.apache.avro.ISW2SchemaC4LLMTest.unionExposesBranchesIndexesAndNullableState(org.apache.avro.ISW2SchemaC4LLMTest)
Schema.java,org.apache.avro.Schema,org.pitest.mutationtest.engine.gregor.mutators.returns.BooleanTrueReturnValsMutator,isUnion,520,KILLED,org.apache.avro.ISW2SchemaC4LLMTest.primitiveFactoriesExposeTypeNameAndNullability(org.apache.avro.ISW2SchemaC4LLMTest)
Schema.java,org.apache.avro.Schema,org.pitest.mutationtest.engine.gregor.mutators.returns.BooleanFalseReturnValsMutator,isValidDefault,1758,KILLED,org.apache.avro.ISW2SchemaC4LLMTest.nullDefaultIsDistinguishedFromAbsentDefault(org.apache.avro.ISW2SchemaC4LLMTest)
Schema.java,org.apache.avro.Schema,org.pitest.mutationtest.engine.gregor.mutators.returns.BooleanTrueReturnValsMutator,isValidDefault,1758,KILLED,org.apache.avro.ISW2SchemaC4LLMTest.fieldRejectsDefaultThatDoesNotMatchSchema(org.apache.avro.ISW2SchemaC4LLMTest)
Schema.java,org.apache.avro.Schema,org.pitest.mutationtest.engine.gregor.mutators.NegateConditionalsMutator,isValidDefault,1762,KILLED,org.apache.avro.ISW2SchemaC4LLMTest.nullDefaultIsDistinguishedFromAbsentDefault(org.apache.avro.ISW2SchemaC4LLMTest)
Schema.java,org.apache.avro.Schema,org.pitest.mutationtest.engine.gregor.mutators.NegateConditionalsMutator,isValidDefault,1771,KILLED,org.apache.avro.ISW2SchemaC4LLMTest.fieldExposesMetadataDefaultOrderAndAliases(org.apache.avro.ISW2SchemaC4LLMTest)
Schema.java,org.apache.avro.Schema,org.pitest.mutationtest.engine.gregor.mutators.NegateConditionalsMutator,isValidDefault,1771,KILLED,org.apache.avro.ISW2SchemaC4LLMTest.fieldExposesMetadataDefaultOrderAndAliases(org.apache.avro.ISW2SchemaC4LLMTest)
Schema.java,org.apache.avro.Schema,org.pitest.mutationtest.engine.gregor.mutators.NegateConditionalsMutator,isValidDefault,1773,NO_COVERAGE,none
Schema.java,org.apache.avro.Schema,org.pitest.mutationtest.engine.gregor.mutators.NegateConditionalsMutator,isValidDefault,1773,NO_COVERAGE,none
Schema.java,org.apache.avro.Schema,org.pitest.mutationtest.engine.gregor.mutators.NegateConditionalsMutator,isValidDefault,1782,NO_COVERAGE,none
Schema.java,org.apache.avro.Schema,org.pitest.mutationtest.engine.gregor.mutators.NegateConditionalsMutator,isValidDefault,1785,NO_COVERAGE,none
Schema.java,org.apache.avro.Schema,org.pitest.mutationtest.engine.gregor.mutators.NegateConditionalsMutator,isValidDefault,1789,NO_COVERAGE,none
Schema.java,org.apache.avro.Schema,org.pitest.mutationtest.engine.gregor.mutators.NegateConditionalsMutator,isValidDefault,1792,NO_COVERAGE,none
Schema.java,org.apache.avro.Schema,org.pitest.mutationtest.engine.gregor.mutators.NegateConditionalsMutator,isValidDefault,1798,NO_COVERAGE,none
Schema.java,org.apache.avro.Schema,org.pitest.mutationtest.engine.gregor.mutators.NegateConditionalsMutator,isValidDefault,1802,NO_COVERAGE,none
Schema.java,org.apache.avro.Schema,org.pitest.mutationtest.engine.gregor.mutators.NegateConditionalsMutator,isValidDefault,1801,NO_COVERAGE,none
Schema.java,org.apache.avro.Schema,org.pitest.mutationtest.engine.gregor.mutators.returns.BooleanFalseReturnValsMutator,isValidDefault,1769,NO_COVERAGE,none
Schema.java,org.apache.avro.Schema,org.pitest.mutationtest.engine.gregor.mutators.returns.BooleanFalseReturnValsMutator,isValidDefault,1776,NO_COVERAGE,none
Schema.java,org.apache.avro.Schema,org.pitest.mutationtest.engine.gregor.mutators.returns.BooleanFalseReturnValsMutator,isValidDefault,1778,NO_COVERAGE,none
Schema.java,org.apache.avro.Schema,org.pitest.mutationtest.engine.gregor.mutators.returns.BooleanFalseReturnValsMutator,isValidDefault,1780,KILLED,org.apache.avro.ISW2SchemaC4LLMTest.nullDefaultIsDistinguishedFromAbsentDefault(org.apache.avro.ISW2SchemaC4LLMTest)
Schema.java,org.apache.avro.Schema,org.pitest.mutationtest.engine.gregor.mutators.returns.BooleanFalseReturnValsMutator,isValidDefault,1787,NO_COVERAGE,none
Schema.java,org.apache.avro.Schema,org.pitest.mutationtest.engine.gregor.mutators.returns.BooleanFalseReturnValsMutator,isValidDefault,1794,NO_COVERAGE,none
Schema.java,org.apache.avro.Schema,org.pitest.mutationtest.engine.gregor.mutators.returns.BooleanFalseReturnValsMutator,isValidDefault,1796,NO_COVERAGE,none
Schema.java,org.apache.avro.Schema,org.pitest.mutationtest.engine.gregor.mutators.returns.BooleanFalseReturnValsMutator,isValidDefault,1804,NO_COVERAGE,none
Schema.java,org.apache.avro.Schema,org.pitest.mutationtest.engine.gregor.mutators.returns.BooleanTrueReturnValsMutator,isValidDefault,1763,NO_COVERAGE,none
Schema.java,org.apache.avro.Schema,org.pitest.mutationtest.engine.gregor.mutators.returns.BooleanTrueReturnValsMutator,isValidDefault,1769,NO_COVERAGE,none
Schema.java,org.apache.avro.Schema,org.pitest.mutationtest.engine.gregor.mutators.returns.BooleanTrueReturnValsMutator,isValidDefault,1771,KILLED,org.apache.avro.ISW2SchemaC4LLMTest.fieldRejectsDefaultThatDoesNotMatchSchema(org.apache.avro.ISW2SchemaC4LLMTest)
Schema.java,org.apache.avro.Schema,org.pitest.mutationtest.engine.gregor.mutators.returns.BooleanTrueReturnValsMutator,isValidDefault,1773,NO_COVERAGE,none
Schema.java,org.apache.avro.Schema,org.pitest.mutationtest.engine.gregor.mutators.returns.BooleanTrueReturnValsMutator,isValidDefault,1776,NO_COVERAGE,none
Schema.java,org.apache.avro.Schema,org.pitest.mutationtest.engine.gregor.mutators.returns.BooleanTrueReturnValsMutator,isValidDefault,1778,NO_COVERAGE,none
Schema.java,org.apache.avro.Schema,org.pitest.mutationtest.engine.gregor.mutators.returns.BooleanTrueReturnValsMutator,isValidDefault,1780,SURVIVED,none
Schema.java,org.apache.avro.Schema,org.pitest.mutationtest.engine.gregor.mutators.returns.BooleanTrueReturnValsMutator,isValidDefault,1783,NO_COVERAGE,none
Schema.java,org.apache.avro.Schema,org.pitest.mutationtest.engine.gregor.mutators.returns.BooleanTrueReturnValsMutator,isValidDefault,1786,NO_COVERAGE,none
Schema.java,org.apache.avro.Schema,org.pitest.mutationtest.engine.gregor.mutators.returns.BooleanTrueReturnValsMutator,isValidDefault,1790,NO_COVERAGE,none
Schema.java,org.apache.avro.Schema,org.pitest.mutationtest.engine.gregor.mutators.returns.BooleanTrueReturnValsMutator,isValidDefault,1793,NO_COVERAGE,none
Schema.java,org.apache.avro.Schema,org.pitest.mutationtest.engine.gregor.mutators.returns.BooleanTrueReturnValsMutator,isValidDefault,1796,NO_COVERAGE,none
Schema.java,org.apache.avro.Schema,org.pitest.mutationtest.engine.gregor.mutators.returns.BooleanTrueReturnValsMutator,isValidDefault,1799,NO_COVERAGE,none
Schema.java,org.apache.avro.Schema,org.pitest.mutationtest.engine.gregor.mutators.returns.BooleanTrueReturnValsMutator,isValidDefault,1803,NO_COVERAGE,none
Schema.java,org.apache.avro.Schema,org.pitest.mutationtest.engine.gregor.mutators.returns.BooleanTrueReturnValsMutator,isValidDefault,1806,NO_COVERAGE,none
Schema.java,org.apache.avro.Schema,org.pitest.mutationtest.engine.gregor.mutators.NegateConditionalsMutator,isValidValue,1818,NO_COVERAGE,none
Schema.java,org.apache.avro.Schema,org.pitest.mutationtest.engine.gregor.mutators.NegateConditionalsMutator,isValidValue,1820,NO_COVERAGE,none
Schema.java,org.apache.avro.Schema,org.pitest.mutationtest.engine.gregor.mutators.NegateConditionalsMutator,isValidValue,1823,NO_COVERAGE,none
Schema.java,org.apache.avro.Schema,org.pitest.mutationtest.engine.gregor.mutators.returns.BooleanFalseReturnValsMutator,isValidValue,1824,NO_COVERAGE,none
Schema.java,org.apache.avro.Schema,org.pitest.mutationtest.engine.gregor.mutators.returns.BooleanFalseReturnValsMutator,isValidValue,1830,NO_COVERAGE,none
Schema.java,org.apache.avro.Schema,org.pitest.mutationtest.engine.gregor.mutators.returns.BooleanTrueReturnValsMutator,isValidValue,1819,NO_COVERAGE,none
Schema.java,org.apache.avro.Schema,org.pitest.mutationtest.engine.gregor.mutators.returns.BooleanTrueReturnValsMutator,isValidValue,1827,NO_COVERAGE,none
Schema.java,org.apache.avro.Schema,org.pitest.mutationtest.engine.gregor.mutators.returns.BooleanTrueReturnValsMutator,isValidValue,1830,NO_COVERAGE,none
Schema.java,org.apache.avro.Schema,org.pitest.mutationtest.engine.gregor.mutators.returns.EmptyObjectReturnValsMutator,lambda$getAliases$4,2168,KILLED,org.apache.avro.ISW2SchemaC4LLMTest.applyAliasesRewritesWriterRecordAndFieldNames(org.apache.avro.ISW2SchemaC4LLMTest)
Schema.java,org.apache.avro.Schema,org.pitest.mutationtest.engine.gregor.mutators.returns.BooleanFalseReturnValsMutator,lambda$isValidDefault$2,1796,NO_COVERAGE,none
Schema.java,org.apache.avro.Schema,org.pitest.mutationtest.engine.gregor.mutators.returns.BooleanTrueReturnValsMutator,lambda$isValidDefault$2,1796,NO_COVERAGE,none
Schema.java,org.apache.avro.Schema,org.pitest.mutationtest.engine.gregor.mutators.NegateConditionalsMutator,lambda$parseProperties$3,1995,KILLED,org.apache.avro.ISW2SchemaC4LLMTest.serializationRoundTripThroughParserPreservesSchema(org.apache.avro.ISW2SchemaC4LLMTest)
Schema.java,org.apache.avro.Schema,org.pitest.mutationtest.engine.gregor.mutators.VoidMethodCallMutator,lambda$parseProperties$3,1996,NO_COVERAGE,none
Schema.java,org.apache.avro.Schema,org.pitest.mutationtest.engine.gregor.mutators.NegateConditionalsMutator,parse,1836,KILLED,org.apache.avro.ISW2SchemaC4LLMTest.parserLeavesInputStreamOpen(org.apache.avro.ISW2SchemaC4LLMTest)
Schema.java,org.apache.avro.Schema,org.pitest.mutationtest.engine.gregor.mutators.NegateConditionalsMutator,parse,1838,KILLED,org.apache.avro.ISW2SchemaC4LLMTest.parserLeavesInputStreamOpen(org.apache.avro.ISW2SchemaC4LLMTest)
Schema.java,org.apache.avro.Schema,org.pitest.mutationtest.engine.gregor.mutators.NegateConditionalsMutator,parse,1840,KILLED,org.apache.avro.ISW2SchemaC4LLMTest.serializationRoundTripThroughParserPreservesSchema(org.apache.avro.ISW2SchemaC4LLMTest)
Schema.java,org.apache.avro.Schema,org.pitest.mutationtest.engine.gregor.mutators.NegateConditionalsMutator,parse,1843,KILLED,org.apache.avro.ISW2SchemaC4LLMTest.serializationRoundTripThroughParserPreservesSchema(org.apache.avro.ISW2SchemaC4LLMTest)
Schema.java,org.apache.avro.Schema,org.pitest.mutationtest.engine.gregor.mutators.NegateConditionalsMutator,parse,1845,KILLED,org.apache.avro.ISW2SchemaC4LLMTest.serializationRoundTripThroughParserPreservesSchema(org.apache.avro.ISW2SchemaC4LLMTest)
Schema.java,org.apache.avro.Schema,org.pitest.mutationtest.engine.gregor.mutators.NegateConditionalsMutator,parse,1845,KILLED,org.apache.avro.ISW2SchemaC4LLMTest.serializationRoundTripThroughParserPreservesSchema(org.apache.avro.ISW2SchemaC4LLMTest)
Schema.java,org.apache.avro.Schema,org.pitest.mutationtest.engine.gregor.mutators.NegateConditionalsMutator,parse,1847,KILLED,org.apache.avro.ISW2SchemaC4LLMTest.serializationRoundTripThroughParserPreservesSchema(org.apache.avro.ISW2SchemaC4LLMTest)
Schema.java,org.apache.avro.Schema,org.pitest.mutationtest.engine.gregor.mutators.NegateConditionalsMutator,parse,1849,KILLED,org.apache.avro.ISW2SchemaC4LLMTest.serializationRoundTripThroughParserPreservesSchema(org.apache.avro.ISW2SchemaC4LLMTest)
Schema.java,org.apache.avro.Schema,org.pitest.mutationtest.engine.gregor.mutators.NegateConditionalsMutator,parse,1851,KILLED,org.apache.avro.ISW2SchemaC4LLMTest.serializationRoundTripThroughParserPreservesSchema(org.apache.avro.ISW2SchemaC4LLMTest)
Schema.java,org.apache.avro.Schema,org.pitest.mutationtest.engine.gregor.mutators.NegateConditionalsMutator,parse,1853,NO_COVERAGE,none
Schema.java,org.apache.avro.Schema,org.pitest.mutationtest.engine.gregor.mutators.NegateConditionalsMutator,parse,1859,NO_COVERAGE,none
Schema.java,org.apache.avro.Schema,org.pitest.mutationtest.engine.gregor.mutators.returns.NullReturnValsMutator,parse,1839,KILLED,org.apache.avro.ISW2SchemaC4LLMTest.parserRejectsDanglingContentForStringInput(org.apache.avro.ISW2SchemaC4LLMTest)
Schema.java,org.apache.avro.Schema,org.pitest.mutationtest.engine.gregor.mutators.returns.NullReturnValsMutator,parse,1844,NO_COVERAGE,none
Schema.java,org.apache.avro.Schema,org.pitest.mutationtest.engine.gregor.mutators.returns.NullReturnValsMutator,parse,1846,KILLED,org.apache.avro.ISW2SchemaC4LLMTest.parserBuildsRecordAndRetainsNamedType(org.apache.avro.ISW2SchemaC4LLMTest)
Schema.java,org.apache.avro.Schema,org.pitest.mutationtest.engine.gregor.mutators.returns.NullReturnValsMutator,parse,1848,NO_COVERAGE,none
Schema.java,org.apache.avro.Schema,org.pitest.mutationtest.engine.gregor.mutators.returns.NullReturnValsMutator,parse,1850,KILLED,org.apache.avro.ISW2SchemaC4LLMTest.serializationRoundTripThroughParserPreservesSchema(org.apache.avro.ISW2SchemaC4LLMTest)
Schema.java,org.apache.avro.Schema,org.pitest.mutationtest.engine.gregor.mutators.returns.NullReturnValsMutator,parse,1852,KILLED,org.apache.avro.ISW2SchemaC4LLMTest.serializationRoundTripThroughParserPreservesSchema(org.apache.avro.ISW2SchemaC4LLMTest)
Schema.java,org.apache.avro.Schema,org.pitest.mutationtest.engine.gregor.mutators.returns.NullReturnValsMutator,parse,1854,NO_COVERAGE,none
Schema.java,org.apache.avro.Schema,org.pitest.mutationtest.engine.gregor.mutators.returns.NullReturnValsMutator,parse,1860,NO_COVERAGE,none
Schema.java,org.apache.avro.Schema,org.pitest.mutationtest.engine.gregor.mutators.returns.NullReturnValsMutator,parse,1592,NO_COVERAGE,none
Schema.java,org.apache.avro.Schema,org.pitest.mutationtest.engine.gregor.mutators.returns.NullReturnValsMutator,parse,1607,NO_COVERAGE,none
Schema.java,org.apache.avro.Schema,org.pitest.mutationtest.engine.gregor.mutators.returns.NullReturnValsMutator,parse,1617,NO_COVERAGE,none
Schema.java,org.apache.avro.Schema,org.pitest.mutationtest.engine.gregor.mutators.NegateConditionalsMutator,parse,1628,NO_COVERAGE,none
Schema.java,org.apache.avro.Schema,org.pitest.mutationtest.engine.gregor.mutators.returns.NullReturnValsMutator,parse,1629,NO_COVERAGE,none
Schema.java,org.apache.avro.Schema,org.pitest.mutationtest.engine.gregor.mutators.NegateConditionalsMutator,parseAliases,2020,KILLED,org.apache.avro.ISW2SchemaC4LLMTest.parserBuildsRecordAndRetainsNamedType(org.apache.avro.ISW2SchemaC4LLMTest)
Schema.java,org.apache.avro.Schema,org.pitest.mutationtest.engine.gregor.mutators.NegateConditionalsMutator,parseAliases,2022,NO_COVERAGE,none
Schema.java,org.apache.avro.Schema,org.pitest.mutationtest.engine.gregor.mutators.NegateConditionalsMutator,parseAliases,2026,NO_COVERAGE,none
Schema.java,org.apache.avro.Schema,org.pitest.mutationtest.engine.gregor.mutators.returns.EmptyObjectReturnValsMutator,parseAliases,2021,SURVIVED,none
Schema.java,org.apache.avro.Schema,org.pitest.mutationtest.engine.gregor.mutators.returns.EmptyObjectReturnValsMutator,parseAliases,2030,NO_COVERAGE,none
Schema.java,org.apache.avro.Schema,org.pitest.mutationtest.engine.gregor.mutators.NegateConditionalsMutator,parseAliases,2013,KILLED,org.apache.avro.ISW2SchemaC4LLMTest.parserBuildsRecordAndRetainsNamedType(org.apache.avro.ISW2SchemaC4LLMTest)
Schema.java,org.apache.avro.Schema,org.pitest.mutationtest.engine.gregor.mutators.VoidMethodCallMutator,parseAliases,2015,NO_COVERAGE,none
Schema.java,org.apache.avro.Schema,org.pitest.mutationtest.engine.gregor.mutators.NegateConditionalsMutator,parseArray,1948,KILLED,org.apache.avro.ISW2SchemaC4LLMTest.serializationRoundTripThroughParserPreservesSchema(org.apache.avro.ISW2SchemaC4LLMTest)
Schema.java,org.apache.avro.Schema,org.pitest.mutationtest.engine.gregor.mutators.VoidMethodCallMutator,parseArray,1951,SURVIVED,none
Schema.java,org.apache.avro.Schema,org.pitest.mutationtest.engine.gregor.mutators.returns.NullReturnValsMutator,parseArray,1952,KILLED,org.apache.avro.ISW2SchemaC4LLMTest.serializationRoundTripThroughParserPreservesSchema(org.apache.avro.ISW2SchemaC4LLMTest)
Schema.java,org.apache.avro.Schema,org.pitest.mutationtest.engine.gregor.mutators.returns.EmptyObjectReturnValsMutator,parseDoc,2008,SURVIVED,none
Schema.java,org.apache.avro.Schema,org.pitest.mutationtest.engine.gregor.mutators.NegateConditionalsMutator,parseEnum,1926,NO_COVERAGE,none
Schema.java,org.apache.avro.Schema,org.pitest.mutationtest.engine.gregor.mutators.NegateConditionalsMutator,parseEnum,1926,NO_COVERAGE,none
Schema.java,org.apache.avro.Schema,org.pitest.mutationtest.engine.gregor.mutators.NegateConditionalsMutator,parseEnum,1934,NO_COVERAGE,none
Schema.java,org.apache.avro.Schema,org.pitest.mutationtest.engine.gregor.mutators.VoidMethodCallMutator,parseEnum,1939,NO_COVERAGE,none
Schema.java,org.apache.avro.Schema,org.pitest.mutationtest.engine.gregor.mutators.VoidMethodCallMutator,parseEnum,1940,NO_COVERAGE,none
Schema.java,org.apache.avro.Schema,org.pitest.mutationtest.engine.gregor.mutators.VoidMethodCallMutator,parseEnum,1941,NO_COVERAGE,none
Schema.java,org.apache.avro.Schema,org.pitest.mutationtest.engine.gregor.mutators.returns.NullReturnValsMutator,parseEnum,1942,NO_COVERAGE,none
Schema.java,org.apache.avro.Schema,org.pitest.mutationtest.engine.gregor.mutators.NegateConditionalsMutator,parseField,1901,KILLED,org.apache.avro.ISW2SchemaC4LLMTest.parserBuildsRecordAndRetainsNamedType(org.apache.avro.ISW2SchemaC4LLMTest)
Schema.java,org.apache.avro.Schema,org.pitest.mutationtest.engine.gregor.mutators.NegateConditionalsMutator,parseField,1907,KILLED,org.apache.avro.ISW2SchemaC4LLMTest.parserBuildsRecordAndRetainsNamedType(org.apache.avro.ISW2SchemaC4LLMTest)
Schema.java,org.apache.avro.Schema,org.pitest.mutationtest.engine.gregor.mutators.NegateConditionalsMutator,parseField,1911,SURVIVED,none
Schema.java,org.apache.avro.Schema,org.pitest.mutationtest.engine.gregor.mutators.NegateConditionalsMutator,parseField,1911,NO_COVERAGE,none
Schema.java,org.apache.avro.Schema,org.pitest.mutationtest.engine.gregor.mutators.NegateConditionalsMutator,parseField,1911,NO_COVERAGE,none
Schema.java,org.apache.avro.Schema,org.pitest.mutationtest.engine.gregor.mutators.NegateConditionalsMutator,parseField,1912,NO_COVERAGE,none
Schema.java,org.apache.avro.Schema,org.pitest.mutationtest.engine.gregor.mutators.VoidMethodCallMutator,parseField,1916,SURVIVED,none
Schema.java,org.apache.avro.Schema,org.pitest.mutationtest.engine.gregor.mutators.returns.NullReturnValsMutator,parseField,1918,KILLED,org.apache.avro.ISW2SchemaC4LLMTest.parserBuildsRecordAndRetainsNamedType(org.apache.avro.ISW2SchemaC4LLMTest)
Schema.java,org.apache.avro.Schema,org.pitest.mutationtest.engine.gregor.mutators.NegateConditionalsMutator,parseFixed,1970,NO_COVERAGE,none
Schema.java,org.apache.avro.Schema,org.pitest.mutationtest.engine.gregor.mutators.NegateConditionalsMutator,parseFixed,1970,NO_COVERAGE,none
Schema.java,org.apache.avro.Schema,org.pitest.mutationtest.engine.gregor.mutators.VoidMethodCallMutator,parseFixed,1974,NO_COVERAGE,none
Schema.java,org.apache.avro.Schema,org.pitest.mutationtest.engine.gregor.mutators.VoidMethodCallMutator,parseFixed,1975,NO_COVERAGE,none
Schema.java,org.apache.avro.Schema,org.pitest.mutationtest.engine.gregor.mutators.VoidMethodCallMutator,parseFixed,1976,NO_COVERAGE,none
Schema.java,org.apache.avro.Schema,org.pitest.mutationtest.engine.gregor.mutators.returns.NullReturnValsMutator,parseFixed,1977,NO_COVERAGE,none
Schema.java,org.apache.avro.Schema,org.pitest.mutationtest.engine.gregor.mutators.returns.NullReturnValsMutator,parseJson,2057,NO_COVERAGE,none
Schema.java,org.apache.avro.Schema,org.pitest.mutationtest.engine.gregor.mutators.returns.NullReturnValsMutator,parseJsonToObject,2067,NO_COVERAGE,none
Schema.java,org.apache.avro.Schema,org.pitest.mutationtest.engine.gregor.mutators.NegateConditionalsMutator,parseMap,1958,KILLED,org.apache.avro.ISW2SchemaC4LLMTest.serializationRoundTripThroughParserPreservesSchema(org.apache.avro.ISW2SchemaC4LLMTest)
Schema.java,org.apache.avro.Schema,org.pitest.mutationtest.engine.gregor.mutators.VoidMethodCallMutator,parseMap,1961,SURVIVED,none
Schema.java,org.apache.avro.Schema,org.pitest.mutationtest.engine.gregor.mutators.returns.NullReturnValsMutator,parseMap,1962,KILLED,org.apache.avro.ISW2SchemaC4LLMTest.serializationRoundTripThroughParserPreservesSchema(org.apache.avro.ISW2SchemaC4LLMTest)
Schema.java,org.apache.avro.Schema,org.pitest.mutationtest.engine.gregor.mutators.NegateConditionalsMutator,parseName,2002,KILLED,org.apache.avro.ISW2SchemaC4LLMTest.parserBuildsRecordAndRetainsNamedType(org.apache.avro.ISW2SchemaC4LLMTest)
Schema.java,org.apache.avro.Schema,org.pitest.mutationtest.engine.gregor.mutators.returns.NullReturnValsMutator,parseName,2004,KILLED,org.apache.avro.ISW2SchemaC4LLMTest.parserBuildsRecordAndRetainsNamedType(org.apache.avro.ISW2SchemaC4LLMTest)
Schema.java,org.apache.avro.Schema,org.pitest.mutationtest.engine.gregor.mutators.VoidMethodCallMutator,parsePrimitive,1868,NO_COVERAGE,none
Schema.java,org.apache.avro.Schema,org.pitest.mutationtest.engine.gregor.mutators.returns.NullReturnValsMutator,parsePrimitive,1869,NO_COVERAGE,none
Schema.java,org.apache.avro.Schema,org.pitest.mutationtest.engine.gregor.mutators.VoidMethodCallMutator,parseProperties,1994,SURVIVED,none
Schema.java,org.apache.avro.Schema,org.pitest.mutationtest.engine.gregor.mutators.VoidMethodCallMutator,parsePropertiesAndLogicalType,1988,SURVIVED,none
Schema.java,org.apache.avro.Schema,org.pitest.mutationtest.engine.gregor.mutators.NegateConditionalsMutator,parseRecord,1879,KILLED,org.apache.avro.ISW2SchemaC4LLMTest.parserBuildsRecordAndRetainsNamedType(org.apache.avro.ISW2SchemaC4LLMTest)
Schema.java,org.apache.avro.Schema,org.pitest.mutationtest.engine.gregor.mutators.NegateConditionalsMutator,parseRecord,1879,KILLED,org.apache.avro.ISW2SchemaC4LLMTest.parserBuildsRecordAndRetainsNamedType(org.apache.avro.ISW2SchemaC4LLMTest)
Schema.java,org.apache.avro.Schema,org.pitest.mutationtest.engine.gregor.mutators.NegateConditionalsMutator,parseRecord,1885,SURVIVED,none
Schema.java,org.apache.avro.Schema,org.pitest.mutationtest.engine.gregor.mutators.NegateConditionalsMutator,parseRecord,1885,SURVIVED,none
Schema.java,org.apache.avro.Schema,org.pitest.mutationtest.engine.gregor.mutators.VoidMethodCallMutator,parseRecord,1890,KILLED,org.apache.avro.ISW2SchemaC4LLMTest.parserBuildsRecordAndRetainsNamedType(org.apache.avro.ISW2SchemaC4LLMTest)
Schema.java,org.apache.avro.Schema,org.pitest.mutationtest.engine.gregor.mutators.VoidMethodCallMutator,parseRecord,1891,SURVIVED,none
Schema.java,org.apache.avro.Schema,org.pitest.mutationtest.engine.gregor.mutators.VoidMethodCallMutator,parseRecord,1892,SURVIVED,none
Schema.java,org.apache.avro.Schema,org.pitest.mutationtest.engine.gregor.mutators.VoidMethodCallMutator,parseRecord,1893,KILLED,org.apache.avro.ISW2SchemaC4LLMTest.parserBuildsRecordAndRetainsNamedType(org.apache.avro.ISW2SchemaC4LLMTest)
Schema.java,org.apache.avro.Schema,org.pitest.mutationtest.engine.gregor.mutators.returns.NullReturnValsMutator,parseRecord,1894,KILLED,org.apache.avro.ISW2SchemaC4LLMTest.parserBuildsRecordAndRetainsNamedType(org.apache.avro.ISW2SchemaC4LLMTest)
Schema.java,org.apache.avro.Schema,org.pitest.mutationtest.engine.gregor.mutators.returns.NullReturnValsMutator,parseUnion,1984,NO_COVERAGE,none
Schema.java,org.apache.avro.Schema,org.pitest.mutationtest.engine.gregor.mutators.VoidMethodCallMutator,setNameValidator,1714,SURVIVED,none
Schema.java,org.apache.avro.Schema,org.pitest.mutationtest.engine.gregor.mutators.VoidMethodCallMutator,setValidateDefaults,1740,NO_COVERAGE,none
Schema.java,org.apache.avro.Schema,org.pitest.mutationtest.engine.gregor.mutators.NegateConditionalsMutator,toJson,473,KILLED,org.apache.avro.ISW2SchemaC4LLMTest.customPropertyAffectsEqualityAndIsRendered(org.apache.avro.ISW2SchemaC4LLMTest)
Schema.java,org.apache.avro.Schema,org.pitest.mutationtest.engine.gregor.mutators.VoidMethodCallMutator,toJson,474,KILLED,org.apache.avro.ISW2SchemaC4LLMTest.serializationRoundTripThroughParserPreservesSchema(org.apache.avro.ISW2SchemaC4LLMTest)
Schema.java,org.apache.avro.Schema,org.pitest.mutationtest.engine.gregor.mutators.VoidMethodCallMutator,toJson,476,KILLED,org.apache.avro.ISW2SchemaC4LLMTest.customPropertyAffectsEqualityAndIsRendered(org.apache.avro.ISW2SchemaC4LLMTest)
Schema.java,org.apache.avro.Schema,org.pitest.mutationtest.engine.gregor.mutators.VoidMethodCallMutator,toJson,477,SURVIVED,none
Schema.java,org.apache.avro.Schema,org.pitest.mutationtest.engine.gregor.mutators.VoidMethodCallMutator,toJson,478,KILLED,org.apache.avro.ISW2SchemaC4LLMTest.customPropertyAffectsEqualityAndIsRendered(org.apache.avro.ISW2SchemaC4LLMTest)
Schema.java,org.apache.avro.Schema,org.pitest.mutationtest.engine.gregor.mutators.VoidMethodCallMutator,toJson,479,SURVIVED,none
Schema.java,org.apache.avro.Schema,org.pitest.mutationtest.engine.gregor.mutators.returns.EmptyObjectReturnValsMutator,toString,421,KILLED,org.apache.avro.ISW2SchemaC4LLMTest.customPropertyAffectsEqualityAndIsRendered(org.apache.avro.ISW2SchemaC4LLMTest)
Schema.java,org.apache.avro.Schema,org.pitest.mutationtest.engine.gregor.mutators.NegateConditionalsMutator,toString,447,NO_COVERAGE,none
Schema.java,org.apache.avro.Schema,org.pitest.mutationtest.engine.gregor.mutators.returns.EmptyObjectReturnValsMutator,toString,452,NO_COVERAGE,none
Schema.java,org.apache.avro.Schema,org.pitest.mutationtest.engine.gregor.mutators.NegateConditionalsMutator,toString,460,KILLED,org.apache.avro.ISW2SchemaC4LLMTest.customPropertyAffectsEqualityAndIsRendered(org.apache.avro.ISW2SchemaC4LLMTest)
Schema.java,org.apache.avro.Schema,org.pitest.mutationtest.engine.gregor.mutators.VoidMethodCallMutator,toString,462,KILLED,org.apache.avro.ISW2SchemaC4LLMTest.customPropertyAffectsEqualityAndIsRendered(org.apache.avro.ISW2SchemaC4LLMTest)
Schema.java,org.apache.avro.Schema,org.pitest.mutationtest.engine.gregor.mutators.VoidMethodCallMutator,toString,463,KILLED,org.apache.avro.ISW2SchemaC4LLMTest.serializationRoundTripThroughParserPreservesSchema(org.apache.avro.ISW2SchemaC4LLMTest)
Schema.java,org.apache.avro.Schema,org.pitest.mutationtest.engine.gregor.mutators.returns.EmptyObjectReturnValsMutator,toString,433,KILLED,org.apache.avro.ISW2SchemaC4LLMTest.customPropertyAffectsEqualityAndIsRendered(org.apache.avro.ISW2SchemaC4LLMTest)
Schema.java,org.apache.avro.Schema,org.pitest.mutationtest.engine.gregor.mutators.NegateConditionalsMutator,validateDefault,1728,KILLED,org.apache.avro.ISW2SchemaC4LLMTest.fieldRejectsDefaultThatDoesNotMatchSchema(org.apache.avro.ISW2SchemaC4LLMTest)
Schema.java,org.apache.avro.Schema,org.pitest.mutationtest.engine.gregor.mutators.NegateConditionalsMutator,validateDefault,1728,KILLED,org.apache.avro.ISW2SchemaC4LLMTest.nullDefaultIsDistinguishedFromAbsentDefault(org.apache.avro.ISW2SchemaC4LLMTest)
Schema.java,org.apache.avro.Schema,org.pitest.mutationtest.engine.gregor.mutators.NegateConditionalsMutator,validateDefault,1728,KILLED,org.apache.avro.ISW2SchemaC4LLMTest.nullDefaultIsDistinguishedFromAbsentDefault(org.apache.avro.ISW2SchemaC4LLMTest)
Schema.java,org.apache.avro.Schema,org.pitest.mutationtest.engine.gregor.mutators.returns.NullReturnValsMutator,validateDefault,1732,KILLED,org.apache.avro.ISW2SchemaC4LLMTest.nullDefaultIsDistinguishedFromAbsentDefault(org.apache.avro.ISW2SchemaC4LLMTest)
Schema.java,org.apache.avro.Schema,org.pitest.mutationtest.engine.gregor.mutators.NegateConditionalsMutator,validateName,1703,KILLED,org.apache.avro.ISW2SchemaC4LLMTest.enumExposesSymbolsOrdinalsMembershipAndDefault(org.apache.avro.ISW2SchemaC4LLMTest)
Schema.java,org.apache.avro.Schema,org.pitest.mutationtest.engine.gregor.mutators.returns.EmptyObjectReturnValsMutator,validateName,1706,KILLED,org.apache.avro.ISW2SchemaC4LLMTest.enumExposesSymbolsOrdinalsMembershipAndDefault(org.apache.avro.ISW2SchemaC4LLMTest)
Schema.java,org.apache.avro.Schema,org.pitest.mutationtest.engine.gregor.mutators.returns.NullReturnValsMutator,writeReplace,103,NO_COVERAGE,none
Schema.java,org.apache.avro.Schema$RecordSchema,org.pitest.mutationtest.engine.gregor.mutators.VoidMethodCallMutator,<init>,948,KILLED,org.apache.avro.ISW2SchemaC4LLMTest.namedRecordExposesIdentityDocumentationAndErrorFlag(org.apache.avro.ISW2SchemaC4LLMTest)
Schema.java,org.apache.avro.Schema$RecordSchema,org.pitest.mutationtest.engine.gregor.mutators.MathMutator,computeHash,1034,NO_COVERAGE,none
Schema.java,org.apache.avro.Schema$RecordSchema,org.pitest.mutationtest.engine.gregor.mutators.NegateConditionalsMutator,computeHash,1029,NO_COVERAGE,none
Schema.java,org.apache.avro.Schema$RecordSchema,org.pitest.mutationtest.engine.gregor.mutators.NegateConditionalsMutator,computeHash,1036,NO_COVERAGE,none
Schema.java,org.apache.avro.Schema$RecordSchema,org.pitest.mutationtest.engine.gregor.mutators.VoidMethodCallMutator,computeHash,1037,NO_COVERAGE,none
Schema.java,org.apache.avro.Schema$RecordSchema,org.pitest.mutationtest.engine.gregor.mutators.returns.PrimitiveReturnsMutator,computeHash,1034,NO_COVERAGE,none
Schema.java,org.apache.avro.Schema$RecordSchema,org.pitest.mutationtest.engine.gregor.mutators.NegateConditionalsMutator,equals,1001,KILLED,org.apache.avro.ISW2SchemaC4LLMTest.applyAliasesRewritesWriterRecordAndFieldNames(org.apache.avro.ISW2SchemaC4LLMTest)
Schema.java,org.apache.avro.Schema$RecordSchema,org.pitest.mutationtest.engine.gregor.mutators.NegateConditionalsMutator,equals,1003,SURVIVED,none
Schema.java,org.apache.avro.Schema$RecordSchema,org.pitest.mutationtest.engine.gregor.mutators.NegateConditionalsMutator,equals,1006,SURVIVED,none
Schema.java,org.apache.avro.Schema$RecordSchema,org.pitest.mutationtest.engine.gregor.mutators.NegateConditionalsMutator,equals,1008,SURVIVED,none
Schema.java,org.apache.avro.Schema$RecordSchema,org.pitest.mutationtest.engine.gregor.mutators.NegateConditionalsMutator,equals,1010,NO_COVERAGE,none
Schema.java,org.apache.avro.Schema$RecordSchema,org.pitest.mutationtest.engine.gregor.mutators.NegateConditionalsMutator,equals,1014,NO_COVERAGE,none
Schema.java,org.apache.avro.Schema$RecordSchema,org.pitest.mutationtest.engine.gregor.mutators.NegateConditionalsMutator,equals,1021,NO_COVERAGE,none
Schema.java,org.apache.avro.Schema$RecordSchema,org.pitest.mutationtest.engine.gregor.mutators.VoidMethodCallMutator,equals,1022,NO_COVERAGE,none
Schema.java,org.apache.avro.Schema$RecordSchema,org.pitest.mutationtest.engine.gregor.mutators.returns.BooleanFalseReturnValsMutator,equals,1002,NO_COVERAGE,none
Schema.java,org.apache.avro.Schema$RecordSchema,org.pitest.mutationtest.engine.gregor.mutators.returns.BooleanFalseReturnValsMutator,equals,1015,NO_COVERAGE,none
Schema.java,org.apache.avro.Schema$RecordSchema,org.pitest.mutationtest.engine.gregor.mutators.returns.BooleanFalseReturnValsMutator,equals,1019,NO_COVERAGE,none
Schema.java,org.apache.avro.Schema$RecordSchema,org.pitest.mutationtest.engine.gregor.mutators.returns.BooleanTrueReturnValsMutator,equals,1004,NO_COVERAGE,none
Schema.java,org.apache.avro.Schema$RecordSchema,org.pitest.mutationtest.engine.gregor.mutators.returns.BooleanTrueReturnValsMutator,equals,1007,NO_COVERAGE,none
Schema.java,org.apache.avro.Schema$RecordSchema,org.pitest.mutationtest.engine.gregor.mutators.returns.BooleanTrueReturnValsMutator,equals,1009,KILLED,org.apache.avro.ISW2SchemaC4LLMTest.applyAliasesRewritesWriterRecordAndFieldNames(org.apache.avro.ISW2SchemaC4LLMTest)
Schema.java,org.apache.avro.Schema$RecordSchema,org.pitest.mutationtest.engine.gregor.mutators.returns.BooleanTrueReturnValsMutator,equals,1011,NO_COVERAGE,none
Schema.java,org.apache.avro.Schema$RecordSchema,org.pitest.mutationtest.engine.gregor.mutators.returns.BooleanTrueReturnValsMutator,equals,1019,NO_COVERAGE,none
Schema.java,org.apache.avro.Schema$RecordSchema,org.pitest.mutationtest.engine.gregor.mutators.NegateConditionalsMutator,fieldsToJson,1072,NO_COVERAGE,none
Schema.java,org.apache.avro.Schema$RecordSchema,org.pitest.mutationtest.engine.gregor.mutators.NegateConditionalsMutator,fieldsToJson,1074,NO_COVERAGE,none
Schema.java,org.apache.avro.Schema$RecordSchema,org.pitest.mutationtest.engine.gregor.mutators.NegateConditionalsMutator,fieldsToJson,1078,NO_COVERAGE,none
Schema.java,org.apache.avro.Schema$RecordSchema,org.pitest.mutationtest.engine.gregor.mutators.NegateConditionalsMutator,fieldsToJson,1080,NO_COVERAGE,none
Schema.java,org.apache.avro.Schema$RecordSchema,org.pitest.mutationtest.engine.gregor.mutators.NegateConditionalsMutator,fieldsToJson,1080,NO_COVERAGE,none
Schema.java,org.apache.avro.Schema$RecordSchema,org.pitest.mutationtest.engine.gregor.mutators.VoidMethodCallMutator,fieldsToJson,1066,NO_COVERAGE,none
Schema.java,org.apache.avro.Schema$RecordSchema,org.pitest.mutationtest.engine.gregor.mutators.VoidMethodCallMutator,fieldsToJson,1068,NO_COVERAGE,none
Schema.java,org.apache.avro.Schema$RecordSchema,org.pitest.mutationtest.engine.gregor.mutators.VoidMethodCallMutator,fieldsToJson,1069,NO_COVERAGE,none
Schema.java,org.apache.avro.Schema$RecordSchema,org.pitest.mutationtest.engine.gregor.mutators.VoidMethodCallMutator,fieldsToJson,1070,NO_COVERAGE,none
Schema.java,org.apache.avro.Schema$RecordSchema,org.pitest.mutationtest.engine.gregor.mutators.VoidMethodCallMutator,fieldsToJson,1071,NO_COVERAGE,none
Schema.java,org.apache.avro.Schema$RecordSchema,org.pitest.mutationtest.engine.gregor.mutators.VoidMethodCallMutator,fieldsToJson,1073,NO_COVERAGE,none
Schema.java,org.apache.avro.Schema$RecordSchema,org.pitest.mutationtest.engine.gregor.mutators.VoidMethodCallMutator,fieldsToJson,1075,NO_COVERAGE,none
Schema.java,org.apache.avro.Schema$RecordSchema,org.pitest.mutationtest.engine.gregor.mutators.VoidMethodCallMutator,fieldsToJson,1076,NO_COVERAGE,none
Schema.java,org.apache.avro.Schema$RecordSchema,org.pitest.mutationtest.engine.gregor.mutators.VoidMethodCallMutator,fieldsToJson,1079,NO_COVERAGE,none
Schema.java,org.apache.avro.Schema$RecordSchema,org.pitest.mutationtest.engine.gregor.mutators.VoidMethodCallMutator,fieldsToJson,1081,NO_COVERAGE,none
Schema.java,org.apache.avro.Schema$RecordSchema,org.pitest.mutationtest.engine.gregor.mutators.VoidMethodCallMutator,fieldsToJson,1082,NO_COVERAGE,none
Schema.java,org.apache.avro.Schema$RecordSchema,org.pitest.mutationtest.engine.gregor.mutators.VoidMethodCallMutator,fieldsToJson,1084,NO_COVERAGE,none
Schema.java,org.apache.avro.Schema$RecordSchema,org.pitest.mutationtest.engine.gregor.mutators.VoidMethodCallMutator,fieldsToJson,1085,NO_COVERAGE,none
Schema.java,org.apache.avro.Schema$RecordSchema,org.pitest.mutationtest.engine.gregor.mutators.VoidMethodCallMutator,fieldsToJson,1087,NO_COVERAGE,none
Schema.java,org.apache.avro.Schema$RecordSchema,org.pitest.mutationtest.engine.gregor.mutators.VoidMethodCallMutator,fieldsToJson,1088,NO_COVERAGE,none
Schema.java,org.apache.avro.Schema$RecordSchema,org.pitest.mutationtest.engine.gregor.mutators.VoidMethodCallMutator,fieldsToJson,1090,NO_COVERAGE,none
Schema.java,org.apache.avro.Schema$RecordSchema,org.pitest.mutationtest.engine.gregor.mutators.NegateConditionalsMutator,getField,958,KILLED,org.apache.avro.ISW2SchemaC4LLMTest.recordFieldsReceivePositionsAndSupportLookup(org.apache.avro.ISW2SchemaC4LLMTest)
Schema.java,org.apache.avro.Schema$RecordSchema,org.pitest.mutationtest.engine.gregor.mutators.returns.NullReturnValsMutator,getField,960,KILLED,org.apache.avro.ISW2SchemaC4LLMTest.recordFieldsReceivePositionsAndSupportLookup(org.apache.avro.ISW2SchemaC4LLMTest)
Schema.java,org.apache.avro.Schema$RecordSchema,org.pitest.mutationtest.engine.gregor.mutators.NegateConditionalsMutator,getFields,965,KILLED,org.apache.avro.ISW2SchemaC4LLMTest.recordFieldsReceivePositionsAndSupportLookup(org.apache.avro.ISW2SchemaC4LLMTest)
Schema.java,org.apache.avro.Schema$RecordSchema,org.pitest.mutationtest.engine.gregor.mutators.returns.EmptyObjectReturnValsMutator,getFields,967,KILLED,org.apache.avro.ISW2SchemaC4LLMTest.recordFieldsReceivePositionsAndSupportLookup(org.apache.avro.ISW2SchemaC4LLMTest)
Schema.java,org.apache.avro.Schema$RecordSchema,org.pitest.mutationtest.engine.gregor.mutators.NegateConditionalsMutator,hasFields,972,KILLED,org.apache.avro.ISW2SchemaC4LLMTest.namedRecordExposesIdentityDocumentationAndErrorFlag(org.apache.avro.ISW2SchemaC4LLMTest)
Schema.java,org.apache.avro.Schema$RecordSchema,org.pitest.mutationtest.engine.gregor.mutators.returns.BooleanTrueReturnValsMutator,hasFields,972,KILLED,org.apache.avro.ISW2SchemaC4LLMTest.parserBuildsRecordAndRetainsNamedType(org.apache.avro.ISW2SchemaC4LLMTest)
Schema.java,org.apache.avro.Schema$RecordSchema,org.pitest.mutationtest.engine.gregor.mutators.returns.BooleanFalseReturnValsMutator,isError,953,KILLED,org.apache.avro.ISW2SchemaC4LLMTest.namedRecordExposesIdentityDocumentationAndErrorFlag(org.apache.avro.ISW2SchemaC4LLMTest)
Schema.java,org.apache.avro.Schema$RecordSchema,org.pitest.mutationtest.engine.gregor.mutators.returns.BooleanTrueReturnValsMutator,isError,953,SURVIVED,none
Schema.java,org.apache.avro.Schema$RecordSchema,org.pitest.mutationtest.engine.gregor.mutators.IncrementsMutator,setFields,987,KILLED,org.apache.avro.ISW2SchemaC4LLMTest.recordFieldsReceivePositionsAndSupportLookup(org.apache.avro.ISW2SchemaC4LLMTest)
Schema.java,org.apache.avro.Schema$RecordSchema,org.pitest.mutationtest.engine.gregor.mutators.NegateConditionalsMutator,setFields,977,KILLED,org.apache.avro.ISW2SchemaC4LLMTest.namedRecordExposesIdentityDocumentationAndErrorFlag(org.apache.avro.ISW2SchemaC4LLMTest)
Schema.java,org.apache.avro.Schema$RecordSchema,org.pitest.mutationtest.engine.gregor.mutators.NegateConditionalsMutator,setFields,984,KILLED,org.apache.avro.ISW2SchemaC4LLMTest.recordFieldsReceivePositionsAndSupportLookup(org.apache.avro.ISW2SchemaC4LLMTest)
Schema.java,org.apache.avro.Schema$RecordSchema,org.pitest.mutationtest.engine.gregor.mutators.NegateConditionalsMutator,setFields,989,KILLED,org.apache.avro.ISW2SchemaC4LLMTest.recordFieldsReceivePositionsAndSupportLookup(org.apache.avro.ISW2SchemaC4LLMTest)
Schema.java,org.apache.avro.Schema$RecordSchema,org.pitest.mutationtest.engine.gregor.mutators.NegateConditionalsMutator,toJson,1044,NO_COVERAGE,none
Schema.java,org.apache.avro.Schema$RecordSchema,org.pitest.mutationtest.engine.gregor.mutators.NegateConditionalsMutator,toJson,1047,NO_COVERAGE,none
Schema.java,org.apache.avro.Schema$RecordSchema,org.pitest.mutationtest.engine.gregor.mutators.NegateConditionalsMutator,toJson,1049,NO_COVERAGE,none
Schema.java,org.apache.avro.Schema$RecordSchema,org.pitest.mutationtest.engine.gregor.mutators.NegateConditionalsMutator,toJson,1053,NO_COVERAGE,none
Schema.java,org.apache.avro.Schema$RecordSchema,org.pitest.mutationtest.engine.gregor.mutators.VoidMethodCallMutator,toJson,1046,NO_COVERAGE,none
Schema.java,org.apache.avro.Schema$RecordSchema,org.pitest.mutationtest.engine.gregor.mutators.VoidMethodCallMutator,toJson,1047,NO_COVERAGE,none
Schema.java,org.apache.avro.Schema$RecordSchema,org.pitest.mutationtest.engine.gregor.mutators.VoidMethodCallMutator,toJson,1048,NO_COVERAGE,none
Schema.java,org.apache.avro.Schema$RecordSchema,org.pitest.mutationtest.engine.gregor.mutators.VoidMethodCallMutator,toJson,1050,NO_COVERAGE,none
Schema.java,org.apache.avro.Schema$RecordSchema,org.pitest.mutationtest.engine.gregor.mutators.VoidMethodCallMutator,toJson,1054,NO_COVERAGE,none
Schema.java,org.apache.avro.Schema$RecordSchema,org.pitest.mutationtest.engine.gregor.mutators.VoidMethodCallMutator,toJson,1055,NO_COVERAGE,none
Schema.java,org.apache.avro.Schema$RecordSchema,org.pitest.mutationtest.engine.gregor.mutators.VoidMethodCallMutator,toJson,1058,NO_COVERAGE,none
Schema.java,org.apache.avro.Schema$RecordSchema,org.pitest.mutationtest.engine.gregor.mutators.VoidMethodCallMutator,toJson,1059,NO_COVERAGE,none
Schema.java,org.apache.avro.Schema$RecordSchema,org.pitest.mutationtest.engine.gregor.mutators.VoidMethodCallMutator,toJson,1060,NO_COVERAGE,none
Schema.java,org.apache.avro.Schema$Field,org.pitest.mutationtest.engine.gregor.mutators.NegateConditionalsMutator,<init>,591,KILLED,org.apache.avro.ISW2SchemaC4LLMTest.fieldRejectsDefaultThatDoesNotMatchSchema(org.apache.avro.ISW2SchemaC4LLMTest)
Schema.java,org.apache.avro.Schema$Field,org.pitest.mutationtest.engine.gregor.mutators.NegateConditionalsMutator,<init>,628,KILLED,org.apache.avro.ISW2SchemaC4LLMTest.nullDefaultIsDistinguishedFromAbsentDefault(org.apache.avro.ISW2SchemaC4LLMTest)
Schema.java,org.apache.avro.Schema$Field,org.pitest.mutationtest.engine.gregor.mutators.NegateConditionalsMutator,<init>,638,KILLED,org.apache.avro.ISW2SchemaC4LLMTest.fieldExposesMetadataDefaultOrderAndAliases(org.apache.avro.ISW2SchemaC4LLMTest)
Schema.java,org.apache.avro.Schema$Field,org.pitest.mutationtest.engine.gregor.mutators.NegateConditionalsMutator,<init>,604,KILLED,org.apache.avro.ISW2SchemaC4LLMTest.parserBuildsRecordAndRetainsNamedType(org.apache.avro.ISW2SchemaC4LLMTest)
Schema.java,org.apache.avro.Schema$Field,org.pitest.mutationtest.engine.gregor.mutators.VoidMethodCallMutator,<init>,603,SURVIVED,none
Schema.java,org.apache.avro.Schema$Field,org.pitest.mutationtest.engine.gregor.mutators.NegateConditionalsMutator,addAlias,687,KILLED,org.apache.avro.ISW2SchemaC4LLMTest.fieldExposesMetadataDefaultOrderAndAliases(org.apache.avro.ISW2SchemaC4LLMTest)
Schema.java,org.apache.avro.Schema$Field,org.pitest.mutationtest.engine.gregor.mutators.NegateConditionalsMutator,aliases,694,KILLED,org.apache.avro.ISW2SchemaC4LLMTest.fieldExposesMetadataDefaultOrderAndAliases(org.apache.avro.ISW2SchemaC4LLMTest)
Schema.java,org.apache.avro.Schema$Field,org.pitest.mutationtest.engine.gregor.mutators.returns.EmptyObjectReturnValsMutator,aliases,696,KILLED,org.apache.avro.ISW2SchemaC4LLMTest.fieldExposesMetadataDefaultOrderAndAliases(org.apache.avro.ISW2SchemaC4LLMTest)
Schema.java,org.apache.avro.Schema$Field,org.pitest.mutationtest.engine.gregor.mutators.returns.NullReturnValsMutator,defaultVal,679,KILLED,org.apache.avro.ISW2SchemaC4LLMTest.nullDefaultIsDistinguishedFromAbsentDefault(org.apache.avro.ISW2SchemaC4LLMTest)
Schema.java,org.apache.avro.Schema$Field,org.pitest.mutationtest.engine.gregor.mutators.returns.NullReturnValsMutator,defaultValue,671,NO_COVERAGE,none
Schema.java,org.apache.avro.Schema$Field,org.pitest.mutationtest.engine.gregor.mutators.NegateConditionalsMutator,defaultValueEquals,716,NO_COVERAGE,none
Schema.java,org.apache.avro.Schema$Field,org.pitest.mutationtest.engine.gregor.mutators.NegateConditionalsMutator,defaultValueEquals,717,NO_COVERAGE,none
Schema.java,org.apache.avro.Schema$Field,org.pitest.mutationtest.engine.gregor.mutators.NegateConditionalsMutator,defaultValueEquals,718,NO_COVERAGE,none
Schema.java,org.apache.avro.Schema$Field,org.pitest.mutationtest.engine.gregor.mutators.NegateConditionalsMutator,defaultValueEquals,720,NO_COVERAGE,none
Schema.java,org.apache.avro.Schema$Field,org.pitest.mutationtest.engine.gregor.mutators.returns.BooleanFalseReturnValsMutator,defaultValueEquals,721,NO_COVERAGE,none
Schema.java,org.apache.avro.Schema$Field,org.pitest.mutationtest.engine.gregor.mutators.returns.BooleanFalseReturnValsMutator,defaultValueEquals,722,NO_COVERAGE,none
Schema.java,org.apache.avro.Schema$Field,org.pitest.mutationtest.engine.gregor.mutators.returns.BooleanTrueReturnValsMutator,defaultValueEquals,717,NO_COVERAGE,none
Schema.java,org.apache.avro.Schema$Field,org.pitest.mutationtest.engine.gregor.mutators.returns.BooleanTrueReturnValsMutator,defaultValueEquals,719,NO_COVERAGE,none
Schema.java,org.apache.avro.Schema$Field,org.pitest.mutationtest.engine.gregor.mutators.returns.BooleanTrueReturnValsMutator,defaultValueEquals,721,NO_COVERAGE,none
Schema.java,org.apache.avro.Schema$Field,org.pitest.mutationtest.engine.gregor.mutators.returns.BooleanTrueReturnValsMutator,defaultValueEquals,722,NO_COVERAGE,none
Schema.java,org.apache.avro.Schema$Field,org.pitest.mutationtest.engine.gregor.mutators.returns.EmptyObjectReturnValsMutator,doc,658,KILLED,org.apache.avro.ISW2SchemaC4LLMTest.fieldExposesMetadataDefaultOrderAndAliases(org.apache.avro.ISW2SchemaC4LLMTest)
Schema.java,org.apache.avro.Schema$Field,org.pitest.mutationtest.engine.gregor.mutators.NegateConditionalsMutator,equals,701,SURVIVED,none
Schema.java,org.apache.avro.Schema$Field,org.pitest.mutationtest.engine.gregor.mutators.NegateConditionalsMutator,equals,703,NO_COVERAGE,none
Schema.java,org.apache.avro.Schema$Field,org.pitest.mutationtest.engine.gregor.mutators.NegateConditionalsMutator,equals,706,NO_COVERAGE,none
Schema.java,org.apache.avro.Schema$Field,org.pitest.mutationtest.engine.gregor.mutators.NegateConditionalsMutator,equals,706,NO_COVERAGE,none
Schema.java,org.apache.avro.Schema$Field,org.pitest.mutationtest.engine.gregor.mutators.NegateConditionalsMutator,equals,706,NO_COVERAGE,none
Schema.java,org.apache.avro.Schema$Field,org.pitest.mutationtest.engine.gregor.mutators.NegateConditionalsMutator,equals,706,NO_COVERAGE,none
Schema.java,org.apache.avro.Schema$Field,org.pitest.mutationtest.engine.gregor.mutators.NegateConditionalsMutator,equals,707,NO_COVERAGE,none
Schema.java,org.apache.avro.Schema$Field,org.pitest.mutationtest.engine.gregor.mutators.returns.BooleanFalseReturnValsMutator,equals,702,KILLED,org.apache.avro.ISW2SchemaC4LLMTest.recordFieldsReceivePositionsAndSupportLookup(org.apache.avro.ISW2SchemaC4LLMTest)
Schema.java,org.apache.avro.Schema$Field,org.pitest.mutationtest.engine.gregor.mutators.returns.BooleanTrueReturnValsMutator,equals,704,NO_COVERAGE,none
Schema.java,org.apache.avro.Schema$Field,org.pitest.mutationtest.engine.gregor.mutators.returns.BooleanTrueReturnValsMutator,equals,706,NO_COVERAGE,none
Schema.java,org.apache.avro.Schema$Field,org.pitest.mutationtest.engine.gregor.mutators.NegateConditionalsMutator,hasDefaultValue,667,KILLED,org.apache.avro.ISW2SchemaC4LLMTest.nullDefaultIsDistinguishedFromAbsentDefault(org.apache.avro.ISW2SchemaC4LLMTest)
Schema.java,org.apache.avro.Schema$Field,org.pitest.mutationtest.engine.gregor.mutators.returns.BooleanTrueReturnValsMutator,hasDefaultValue,667,KILLED,org.apache.avro.ISW2SchemaC4LLMTest.nullDefaultIsDistinguishedFromAbsentDefault(org.apache.avro.ISW2SchemaC4LLMTest)
Schema.java,org.apache.avro.Schema$Field,org.pitest.mutationtest.engine.gregor.mutators.MathMutator,hashCode,712,NO_COVERAGE,none
Schema.java,org.apache.avro.Schema$Field,org.pitest.mutationtest.engine.gregor.mutators.returns.PrimitiveReturnsMutator,hashCode,712,NO_COVERAGE,none
Schema.java,org.apache.avro.Schema$Field,org.pitest.mutationtest.engine.gregor.mutators.returns.EmptyObjectReturnValsMutator,name,643,KILLED,org.apache.avro.ISW2SchemaC4LLMTest.fieldExposesMetadataDefaultOrderAndAliases(org.apache.avro.ISW2SchemaC4LLMTest)
Schema.java,org.apache.avro.Schema$Field,org.pitest.mutationtest.engine.gregor.mutators.returns.NullReturnValsMutator,order,683,KILLED,org.apache.avro.ISW2SchemaC4LLMTest.fieldExposesMetadataDefaultOrderAndAliases(org.apache.avro.ISW2SchemaC4LLMTest)
Schema.java,org.apache.avro.Schema$Field,org.pitest.mutationtest.engine.gregor.mutators.returns.PrimitiveReturnsMutator,pos,648,KILLED,org.apache.avro.ISW2SchemaC4LLMTest.recordFieldsReceivePositionsAndSupportLookup(org.apache.avro.ISW2SchemaC4LLMTest)
Schema.java,org.apache.avro.Schema$Field,org.pitest.mutationtest.engine.gregor.mutators.returns.NullReturnValsMutator,schema,653,KILLED,org.apache.avro.ISW2SchemaC4LLMTest.fieldExposesMetadataDefaultOrderAndAliases(org.apache.avro.ISW2SchemaC4LLMTest)
Schema.java,org.apache.avro.Schema$Field,org.pitest.mutationtest.engine.gregor.mutators.returns.EmptyObjectReturnValsMutator,toString,727,SURVIVED,none
Schema.java,org.apache.avro.Schema$EnumSchema,org.pitest.mutationtest.engine.gregor.mutators.IncrementsMutator,<init>,1106,KILLED,org.apache.avro.ISW2SchemaC4LLMTest.enumExposesSymbolsOrdinalsMembershipAndDefault(org.apache.avro.ISW2SchemaC4LLMTest)
Schema.java,org.apache.avro.Schema$EnumSchema,org.pitest.mutationtest.engine.gregor.mutators.NegateConditionalsMutator,<init>,1106,KILLED,org.apache.avro.ISW2SchemaC4LLMTest.enumExposesSymbolsOrdinalsMembershipAndDefault(org.apache.avro.ISW2SchemaC4LLMTest)
Schema.java,org.apache.avro.Schema$EnumSchema,org.pitest.mutationtest.engine.gregor.mutators.NegateConditionalsMutator,<init>,1110,KILLED,org.apache.avro.ISW2SchemaC4LLMTest.enumRejectsDefaultOutsideSymbolSet(org.apache.avro.ISW2SchemaC4LLMTest)
Schema.java,org.apache.avro.Schema$EnumSchema,org.pitest.mutationtest.engine.gregor.mutators.NegateConditionalsMutator,<init>,1110,KILLED,org.apache.avro.ISW2SchemaC4LLMTest.enumExposesSymbolsOrdinalsMembershipAndDefault(org.apache.avro.ISW2SchemaC4LLMTest)
Schema.java,org.apache.avro.Schema$EnumSchema,org.pitest.mutationtest.engine.gregor.mutators.MathMutator,computeHash,1153,NO_COVERAGE,none
Schema.java,org.apache.avro.Schema$EnumSchema,org.pitest.mutationtest.engine.gregor.mutators.returns.PrimitiveReturnsMutator,computeHash,1153,NO_COVERAGE,none
Schema.java,org.apache.avro.Schema$EnumSchema,org.pitest.mutationtest.engine.gregor.mutators.NegateConditionalsMutator,equals,1138,NO_COVERAGE,none
Schema.java,org.apache.avro.Schema$EnumSchema,org.pitest.mutationtest.engine.gregor.mutators.NegateConditionalsMutator,equals,1140,NO_COVERAGE,none
Schema.java,org.apache.avro.Schema$EnumSchema,org.pitest.mutationtest.engine.gregor.mutators.NegateConditionalsMutator,equals,1143,NO_COVERAGE,none
Schema.java,org.apache.avro.Schema$EnumSchema,org.pitest.mutationtest.engine.gregor.mutators.NegateConditionalsMutator,equals,1143,NO_COVERAGE,none
Schema.java,org.apache.avro.Schema$EnumSchema,org.pitest.mutationtest.engine.gregor.mutators.NegateConditionalsMutator,equals,1143,NO_COVERAGE,none
Schema.java,org.apache.avro.Schema$EnumSchema,org.pitest.mutationtest.engine.gregor.mutators.NegateConditionalsMutator,equals,1143,NO_COVERAGE,none
Schema.java,org.apache.avro.Schema$EnumSchema,org.pitest.mutationtest.engine.gregor.mutators.returns.BooleanFalseReturnValsMutator,equals,1139,NO_COVERAGE,none
Schema.java,org.apache.avro.Schema$EnumSchema,org.pitest.mutationtest.engine.gregor.mutators.returns.BooleanTrueReturnValsMutator,equals,1141,NO_COVERAGE,none
Schema.java,org.apache.avro.Schema$EnumSchema,org.pitest.mutationtest.engine.gregor.mutators.returns.BooleanTrueReturnValsMutator,equals,1143,NO_COVERAGE,none
Schema.java,org.apache.avro.Schema$EnumSchema,org.pitest.mutationtest.engine.gregor.mutators.returns.EmptyObjectReturnValsMutator,getEnumDefault,1148,KILLED,org.apache.avro.ISW2SchemaC4LLMTest.enumExposesSymbolsOrdinalsMembershipAndDefault(org.apache.avro.ISW2SchemaC4LLMTest)
Schema.java,org.apache.avro.Schema$EnumSchema,org.pitest.mutationtest.engine.gregor.mutators.NegateConditionalsMutator,getEnumOrdinal,1129,KILLED,org.apache.avro.ISW2SchemaC4LLMTest.enumExposesSymbolsOrdinalsMembershipAndDefault(org.apache.avro.ISW2SchemaC4LLMTest)
Schema.java,org.apache.avro.Schema$EnumSchema,org.pitest.mutationtest.engine.gregor.mutators.returns.PrimitiveReturnsMutator,getEnumOrdinal,1133,KILLED,org.apache.avro.ISW2SchemaC4LLMTest.enumExposesSymbolsOrdinalsMembershipAndDefault(org.apache.avro.ISW2SchemaC4LLMTest)
Schema.java,org.apache.avro.Schema$EnumSchema,org.pitest.mutationtest.engine.gregor.mutators.returns.EmptyObjectReturnValsMutator,getEnumSymbols,1118,KILLED,org.apache.avro.ISW2SchemaC4LLMTest.enumExposesSymbolsOrdinalsMembershipAndDefault(org.apache.avro.ISW2SchemaC4LLMTest)
Schema.java,org.apache.avro.Schema$EnumSchema,org.pitest.mutationtest.engine.gregor.mutators.returns.BooleanFalseReturnValsMutator,hasEnumSymbol,1123,KILLED,org.apache.avro.ISW2SchemaC4LLMTest.enumExposesSymbolsOrdinalsMembershipAndDefault(org.apache.avro.ISW2SchemaC4LLMTest)
Schema.java,org.apache.avro.Schema$EnumSchema,org.pitest.mutationtest.engine.gregor.mutators.returns.BooleanTrueReturnValsMutator,hasEnumSymbol,1123,KILLED,org.apache.avro.ISW2SchemaC4LLMTest.enumExposesSymbolsOrdinalsMembershipAndDefault(org.apache.avro.ISW2SchemaC4LLMTest)
Schema.java,org.apache.avro.Schema$EnumSchema,org.pitest.mutationtest.engine.gregor.mutators.NegateConditionalsMutator,toJson,1159,NO_COVERAGE,none
Schema.java,org.apache.avro.Schema$EnumSchema,org.pitest.mutationtest.engine.gregor.mutators.NegateConditionalsMutator,toJson,1164,NO_COVERAGE,none
Schema.java,org.apache.avro.Schema$EnumSchema,org.pitest.mutationtest.engine.gregor.mutators.NegateConditionalsMutator,toJson,1170,NO_COVERAGE,none
Schema.java,org.apache.avro.Schema$EnumSchema,org.pitest.mutationtest.engine.gregor.mutators.VoidMethodCallMutator,toJson,1161,NO_COVERAGE,none
Schema.java,org.apache.avro.Schema$EnumSchema,org.pitest.mutationtest.engine.gregor.mutators.VoidMethodCallMutator,toJson,1162,NO_COVERAGE,none
Schema.java,org.apache.avro.Schema$EnumSchema,org.pitest.mutationtest.engine.gregor.mutators.VoidMethodCallMutator,toJson,1163,NO_COVERAGE,none
Schema.java,org.apache.avro.Schema$EnumSchema,org.pitest.mutationtest.engine.gregor.mutators.VoidMethodCallMutator,toJson,1165,NO_COVERAGE,none
Schema.java,org.apache.avro.Schema$EnumSchema,org.pitest.mutationtest.engine.gregor.mutators.VoidMethodCallMutator,toJson,1166,NO_COVERAGE,none
Schema.java,org.apache.avro.Schema$EnumSchema,org.pitest.mutationtest.engine.gregor.mutators.VoidMethodCallMutator,toJson,1168,NO_COVERAGE,none
Schema.java,org.apache.avro.Schema$EnumSchema,org.pitest.mutationtest.engine.gregor.mutators.VoidMethodCallMutator,toJson,1169,NO_COVERAGE,none
Schema.java,org.apache.avro.Schema$EnumSchema,org.pitest.mutationtest.engine.gregor.mutators.VoidMethodCallMutator,toJson,1171,NO_COVERAGE,none
Schema.java,org.apache.avro.Schema$EnumSchema,org.pitest.mutationtest.engine.gregor.mutators.VoidMethodCallMutator,toJson,1172,NO_COVERAGE,none
Schema.java,org.apache.avro.Schema$EnumSchema,org.pitest.mutationtest.engine.gregor.mutators.VoidMethodCallMutator,toJson,1173,NO_COVERAGE,none
Schema.java,org.apache.avro.Schema$EnumSchema,org.pitest.mutationtest.engine.gregor.mutators.VoidMethodCallMutator,toJson,1174,NO_COVERAGE,none
Schema.java,org.apache.avro.Schema$Name,org.pitest.mutationtest.engine.gregor.mutators.ConditionalsBoundaryMutator,<init>,742,SURVIVED,none
Schema.java,org.apache.avro.Schema$Name,org.pitest.mutationtest.engine.gregor.mutators.MathMutator,<init>,746,KILLED,org.apache.avro.ISW2SchemaC4LLMTest.applyAliasesRewritesWriterRecordAndFieldNames(org.apache.avro.ISW2SchemaC4LLMTest)
Schema.java,org.apache.avro.Schema$Name,org.pitest.mutationtest.engine.gregor.mutators.NegateConditionalsMutator,<init>,737,KILLED,org.apache.avro.ISW2SchemaC4LLMTest.namedRecordExposesIdentityDocumentationAndErrorFlag(org.apache.avro.ISW2SchemaC4LLMTest)
Schema.java,org.apache.avro.Schema$Name,org.pitest.mutationtest.engine.gregor.mutators.NegateConditionalsMutator,<init>,742,KILLED,org.apache.avro.ISW2SchemaC4LLMTest.recordFieldsMayOnlyBeSetOnce(org.apache.avro.ISW2SchemaC4LLMTest)
Schema.java,org.apache.avro.Schema$Name,org.pitest.mutationtest.engine.gregor.mutators.NegateConditionalsMutator,<init>,748,KILLED,org.apache.avro.ISW2SchemaC4LLMTest.namedRecordExposesIdentityDocumentationAndErrorFlag(org.apache.avro.ISW2SchemaC4LLMTest)
Schema.java,org.apache.avro.Schema$Name,org.pitest.mutationtest.engine.gregor.mutators.NegateConditionalsMutator,<init>,751,KILLED,org.apache.avro.ISW2SchemaC4LLMTest.namedRecordExposesIdentityDocumentationAndErrorFlag(org.apache.avro.ISW2SchemaC4LLMTest)
Schema.java,org.apache.avro.Schema$Name,org.pitest.mutationtest.engine.gregor.mutators.NegateConditionalsMutator,equals,756,SURVIVED,none
Schema.java,org.apache.avro.Schema$Name,org.pitest.mutationtest.engine.gregor.mutators.NegateConditionalsMutator,equals,758,KILLED,org.apache.avro.ISW2SchemaC4LLMTest.applyAliasesRewritesWriterRecordAndFieldNames(org.apache.avro.ISW2SchemaC4LLMTest)
Schema.java,org.apache.avro.Schema$Name,org.pitest.mutationtest.engine.gregor.mutators.returns.BooleanFalseReturnValsMutator,equals,757,NO_COVERAGE,none
Schema.java,org.apache.avro.Schema$Name,org.pitest.mutationtest.engine.gregor.mutators.returns.BooleanFalseReturnValsMutator,equals,761,KILLED,org.apache.avro.ISW2SchemaC4LLMTest.applyAliasesRewritesWriterRecordAndFieldNames(org.apache.avro.ISW2SchemaC4LLMTest)
Schema.java,org.apache.avro.Schema$Name,org.pitest.mutationtest.engine.gregor.mutators.returns.BooleanTrueReturnValsMutator,equals,759,NO_COVERAGE,none
Schema.java,org.apache.avro.Schema$Name,org.pitest.mutationtest.engine.gregor.mutators.returns.BooleanTrueReturnValsMutator,equals,761,SURVIVED,none
Schema.java,org.apache.avro.Schema$Name,org.pitest.mutationtest.engine.gregor.mutators.NegateConditionalsMutator,getQualified,786,NO_COVERAGE,none
Schema.java,org.apache.avro.Schema$Name,org.pitest.mutationtest.engine.gregor.mutators.returns.EmptyObjectReturnValsMutator,getQualified,786,NO_COVERAGE,none
Schema.java,org.apache.avro.Schema$Name,org.pitest.mutationtest.engine.gregor.mutators.NegateConditionalsMutator,hashCode,766,SURVIVED,none
Schema.java,org.apache.avro.Schema$Name,org.pitest.mutationtest.engine.gregor.mutators.returns.PrimitiveReturnsMutator,hashCode,766,SURVIVED,none
Schema.java,org.apache.avro.Schema$Name,org.pitest.mutationtest.engine.gregor.mutators.NegateConditionalsMutator,shouldWriteFull,798,NO_COVERAGE,none
Schema.java,org.apache.avro.Schema$Name,org.pitest.mutationtest.engine.gregor.mutators.NegateConditionalsMutator,shouldWriteFull,798,NO_COVERAGE,none
Schema.java,org.apache.avro.Schema$Name,org.pitest.mutationtest.engine.gregor.mutators.NegateConditionalsMutator,shouldWriteFull,800,NO_COVERAGE,none
Schema.java,org.apache.avro.Schema$Name,org.pitest.mutationtest.engine.gregor.mutators.returns.BooleanFalseReturnValsMutator,shouldWriteFull,802,NO_COVERAGE,none
Schema.java,org.apache.avro.Schema$Name,org.pitest.mutationtest.engine.gregor.mutators.returns.BooleanFalseReturnValsMutator,shouldWriteFull,809,NO_COVERAGE,none
Schema.java,org.apache.avro.Schema$Name,org.pitest.mutationtest.engine.gregor.mutators.returns.BooleanTrueReturnValsMutator,shouldWriteFull,806,NO_COVERAGE,none
Schema.java,org.apache.avro.Schema$Name,org.pitest.mutationtest.engine.gregor.mutators.returns.EmptyObjectReturnValsMutator,toString,771,SURVIVED,none
Schema.java,org.apache.avro.Schema$Name,org.pitest.mutationtest.engine.gregor.mutators.NegateConditionalsMutator,writeName,775,NO_COVERAGE,none
Schema.java,org.apache.avro.Schema$Name,org.pitest.mutationtest.engine.gregor.mutators.NegateConditionalsMutator,writeName,777,NO_COVERAGE,none
Schema.java,org.apache.avro.Schema$Name,org.pitest.mutationtest.engine.gregor.mutators.NegateConditionalsMutator,writeName,778,NO_COVERAGE,none
Schema.java,org.apache.avro.Schema$Name,org.pitest.mutationtest.engine.gregor.mutators.NegateConditionalsMutator,writeName,780,NO_COVERAGE,none
Schema.java,org.apache.avro.Schema$Name,org.pitest.mutationtest.engine.gregor.mutators.VoidMethodCallMutator,writeName,776,NO_COVERAGE,none
Schema.java,org.apache.avro.Schema$Name,org.pitest.mutationtest.engine.gregor.mutators.VoidMethodCallMutator,writeName,779,NO_COVERAGE,none
Schema.java,org.apache.avro.Schema$Name,org.pitest.mutationtest.engine.gregor.mutators.VoidMethodCallMutator,writeName,781,NO_COVERAGE,none
Schema.java,org.apache.avro.Schema$NamedSchema,org.pitest.mutationtest.engine.gregor.mutators.NegateConditionalsMutator,<init>,823,KILLED,org.apache.avro.ISW2SchemaC4LLMTest.enumRejectsDuplicateSymbols(org.apache.avro.ISW2SchemaC4LLMTest)
Schema.java,org.apache.avro.Schema$NamedSchema,org.pitest.mutationtest.engine.gregor.mutators.VoidMethodCallMutator,addAlias,850,KILLED,org.apache.avro.ISW2SchemaC4LLMTest.fixedSchemaExposesNameSizeAndAliases(org.apache.avro.ISW2SchemaC4LLMTest)
Schema.java,org.apache.avro.Schema$NamedSchema,org.pitest.mutationtest.engine.gregor.mutators.NegateConditionalsMutator,addAlias,855,KILLED,org.apache.avro.ISW2SchemaC4LLMTest.fixedSchemaExposesNameSizeAndAliases(org.apache.avro.ISW2SchemaC4LLMTest)
Schema.java,org.apache.avro.Schema$NamedSchema,org.pitest.mutationtest.engine.gregor.mutators.NegateConditionalsMutator,addAlias,857,KILLED,org.apache.avro.ISW2SchemaC4LLMTest.fixedSchemaExposesNameSizeAndAliases(org.apache.avro.ISW2SchemaC4LLMTest)
Schema.java,org.apache.avro.Schema$NamedSchema,org.pitest.mutationtest.engine.gregor.mutators.NegateConditionalsMutator,aliasesToJson,896,NO_COVERAGE,none
Schema.java,org.apache.avro.Schema$NamedSchema,org.pitest.mutationtest.engine.gregor.mutators.NegateConditionalsMutator,aliasesToJson,896,NO_COVERAGE,none
Schema.java,org.apache.avro.Schema$NamedSchema,org.pitest.mutationtest.engine.gregor.mutators.VoidMethodCallMutator,aliasesToJson,898,NO_COVERAGE,none
Schema.java,org.apache.avro.Schema$NamedSchema,org.pitest.mutationtest.engine.gregor.mutators.VoidMethodCallMutator,aliasesToJson,899,NO_COVERAGE,none
Schema.java,org.apache.avro.Schema$NamedSchema,org.pitest.mutationtest.engine.gregor.mutators.VoidMethodCallMutator,aliasesToJson,901,NO_COVERAGE,none
Schema.java,org.apache.avro.Schema$NamedSchema,org.pitest.mutationtest.engine.gregor.mutators.VoidMethodCallMutator,aliasesToJson,902,NO_COVERAGE,none
Schema.java,org.apache.avro.Schema$NamedSchema,org.pitest.mutationtest.engine.gregor.mutators.MathMutator,computeHash,892,NO_COVERAGE,none
Schema.java,org.apache.avro.Schema$NamedSchema,org.pitest.mutationtest.engine.gregor.mutators.returns.PrimitiveReturnsMutator,computeHash,892,NO_COVERAGE,none
Schema.java,org.apache.avro.Schema$NamedSchema,org.pitest.mutationtest.engine.gregor.mutators.returns.BooleanFalseReturnValsMutator,equalNames,887,SURVIVED,none
Schema.java,org.apache.avro.Schema$NamedSchema,org.pitest.mutationtest.engine.gregor.mutators.returns.BooleanTrueReturnValsMutator,equalNames,887,SURVIVED,none
Schema.java,org.apache.avro.Schema$NamedSchema,org.pitest.mutationtest.engine.gregor.mutators.NegateConditionalsMutator,getAliases,865,KILLED,org.apache.avro.ISW2SchemaC4LLMTest.fixedSchemaExposesNameSizeAndAliases(org.apache.avro.ISW2SchemaC4LLMTest)
Schema.java,org.apache.avro.Schema$NamedSchema,org.pitest.mutationtest.engine.gregor.mutators.NegateConditionalsMutator,getAliases,867,KILLED,org.apache.avro.ISW2SchemaC4LLMTest.fixedSchemaExposesNameSizeAndAliases(org.apache.avro.ISW2SchemaC4LLMTest)
Schema.java,org.apache.avro.Schema$NamedSchema,org.pitest.mutationtest.engine.gregor.mutators.NegateConditionalsMutator,getAliases,867,NO_COVERAGE,none
Schema.java,org.apache.avro.Schema$NamedSchema,org.pitest.mutationtest.engine.gregor.mutators.returns.EmptyObjectReturnValsMutator,getAliases,871,KILLED,org.apache.avro.ISW2SchemaC4LLMTest.fixedSchemaExposesNameSizeAndAliases(org.apache.avro.ISW2SchemaC4LLMTest)
Schema.java,org.apache.avro.Schema$NamedSchema,org.pitest.mutationtest.engine.gregor.mutators.returns.EmptyObjectReturnValsMutator,getDoc,835,KILLED,org.apache.avro.ISW2SchemaC4LLMTest.namedRecordExposesIdentityDocumentationAndErrorFlag(org.apache.avro.ISW2SchemaC4LLMTest)
Schema.java,org.apache.avro.Schema$NamedSchema,org.pitest.mutationtest.engine.gregor.mutators.returns.EmptyObjectReturnValsMutator,getFullName,845,KILLED,org.apache.avro.ISW2SchemaC4LLMTest.namedRecordExposesIdentityDocumentationAndErrorFlag(org.apache.avro.ISW2SchemaC4LLMTest)
Schema.java,org.apache.avro.Schema$NamedSchema,org.pitest.mutationtest.engine.gregor.mutators.returns.EmptyObjectReturnValsMutator,getName,830,KILLED,org.apache.avro.ISW2SchemaC4LLMTest.namedRecordExposesIdentityDocumentationAndErrorFlag(org.apache.avro.ISW2SchemaC4LLMTest)
Schema.java,org.apache.avro.Schema$NamedSchema,org.pitest.mutationtest.engine.gregor.mutators.returns.EmptyObjectReturnValsMutator,getNamespace,840,KILLED,org.apache.avro.ISW2SchemaC4LLMTest.namedRecordExposesIdentityDocumentationAndErrorFlag(org.apache.avro.ISW2SchemaC4LLMTest)
Schema.java,org.apache.avro.Schema$NamedSchema,org.pitest.mutationtest.engine.gregor.mutators.VoidMethodCallMutator,writeName,883,NO_COVERAGE,none
Schema.java,org.apache.avro.Schema$NamedSchema,org.pitest.mutationtest.engine.gregor.mutators.NegateConditionalsMutator,writeNameRef,875,NO_COVERAGE,none
Schema.java,org.apache.avro.Schema$NamedSchema,org.pitest.mutationtest.engine.gregor.mutators.NegateConditionalsMutator,writeNameRef,875,NO_COVERAGE,none
Schema.java,org.apache.avro.Schema$NamedSchema,org.pitest.mutationtest.engine.gregor.mutators.VoidMethodCallMutator,writeNameRef,876,NO_COVERAGE,none
Schema.java,org.apache.avro.Schema$NamedSchema,org.pitest.mutationtest.engine.gregor.mutators.returns.BooleanFalseReturnValsMutator,writeNameRef,877,NO_COVERAGE,none
Schema.java,org.apache.avro.Schema$NamedSchema,org.pitest.mutationtest.engine.gregor.mutators.returns.BooleanTrueReturnValsMutator,writeNameRef,879,NO_COVERAGE,none
Schema.java,org.apache.avro.Schema$Parser,org.pitest.mutationtest.engine.gregor.mutators.NegateConditionalsMutator,<init>,1449,SURVIVED,none
Schema.java,org.apache.avro.Schema$Parser,org.pitest.mutationtest.engine.gregor.mutators.VoidMethodCallMutator,addTypes,1475,NO_COVERAGE,none
Schema.java,org.apache.avro.Schema$Parser,org.pitest.mutationtest.engine.gregor.mutators.returns.NullReturnValsMutator,addTypes,1476,NO_COVERAGE,none
Schema.java,org.apache.avro.Schema$Parser,org.pitest.mutationtest.engine.gregor.mutators.returns.NullReturnValsMutator,addTypes,1466,NO_COVERAGE,none
Schema.java,org.apache.avro.Schema$Parser,org.pitest.mutationtest.engine.gregor.mutators.returns.EmptyObjectReturnValsMutator,getTypes,1481,KILLED,org.apache.avro.ISW2SchemaC4LLMTest.parserBuildsRecordAndRetainsNamedType(org.apache.avro.ISW2SchemaC4LLMTest)
Schema.java,org.apache.avro.Schema$Parser,org.pitest.mutationtest.engine.gregor.mutators.returns.BooleanFalseReturnValsMutator,getValidateDefaults,1492,KILLED,org.apache.avro.ISW2SchemaC4LLMTest.parserBuildsRecordAndRetainsNamedType(org.apache.avro.ISW2SchemaC4LLMTest)
Schema.java,org.apache.avro.Schema$Parser,org.pitest.mutationtest.engine.gregor.mutators.returns.BooleanTrueReturnValsMutator,getValidateDefaults,1492,SURVIVED,none
Schema.java,org.apache.avro.Schema$Parser,org.pitest.mutationtest.engine.gregor.mutators.NegateConditionalsMutator,parse,1550,SURVIVED,none
Schema.java,org.apache.avro.Schema$Parser,org.pitest.mutationtest.engine.gregor.mutators.NegateConditionalsMutator,parse,1554,KILLED,org.apache.avro.ISW2SchemaC4LLMTest.parserRejectsDanglingContentForStringInput(org.apache.avro.ISW2SchemaC4LLMTest)
Schema.java,org.apache.avro.Schema$Parser,org.pitest.mutationtest.engine.gregor.mutators.NegateConditionalsMutator,parse,1558,KILLED,org.apache.avro.ISW2SchemaC4LLMTest.parserRejectsDanglingContentForStringInput(org.apache.avro.ISW2SchemaC4LLMTest)
Schema.java,org.apache.avro.Schema$Parser,org.pitest.mutationtest.engine.gregor.mutators.NegateConditionalsMutator,parse,1565,KILLED,org.apache.avro.ISW2SchemaC4LLMTest.parserRejectsDanglingContentForStringInput(org.apache.avro.ISW2SchemaC4LLMTest)
Schema.java,org.apache.avro.Schema$Parser,org.pitest.mutationtest.engine.gregor.mutators.VoidMethodCallMutator,parse,1546,SURVIVED,none
Schema.java,org.apache.avro.Schema$Parser,org.pitest.mutationtest.engine.gregor.mutators.VoidMethodCallMutator,parse,1547,SURVIVED,none
Schema.java,org.apache.avro.Schema$Parser,org.pitest.mutationtest.engine.gregor.mutators.VoidMethodCallMutator,parse,1551,KILLED,org.apache.avro.ISW2SchemaC4LLMTest.parserBuildsRecordAndRetainsNamedType(org.apache.avro.ISW2SchemaC4LLMTest)
Schema.java,org.apache.avro.Schema$Parser,org.pitest.mutationtest.engine.gregor.mutators.VoidMethodCallMutator,parse,1573,SURVIVED,none
Schema.java,org.apache.avro.Schema$Parser,org.pitest.mutationtest.engine.gregor.mutators.VoidMethodCallMutator,parse,1574,SURVIVED,none
Schema.java,org.apache.avro.Schema$Parser,org.pitest.mutationtest.engine.gregor.mutators.VoidMethodCallMutator,parse,1575,SURVIVED,none
Schema.java,org.apache.avro.Schema$Parser,org.pitest.mutationtest.engine.gregor.mutators.returns.NullReturnValsMutator,parse,1569,KILLED,org.apache.avro.ISW2SchemaC4LLMTest.parserLeavesInputStreamOpen(org.apache.avro.ISW2SchemaC4LLMTest)
Schema.java,org.apache.avro.Schema$Parser,org.pitest.mutationtest.engine.gregor.mutators.returns.NullReturnValsMutator,parse,1500,NO_COVERAGE,none
Schema.java,org.apache.avro.Schema$Parser,org.pitest.mutationtest.engine.gregor.mutators.returns.NullReturnValsMutator,parse,1509,KILLED,org.apache.avro.ISW2SchemaC4LLMTest.parserLeavesInputStreamOpen(org.apache.avro.ISW2SchemaC4LLMTest)
Schema.java,org.apache.avro.Schema$Parser,org.pitest.mutationtest.engine.gregor.mutators.returns.NullReturnValsMutator,parse,1526,KILLED,org.apache.avro.ISW2SchemaC4LLMTest.serializationRoundTripThroughParserPreservesSchema(org.apache.avro.ISW2SchemaC4LLMTest)
Schema.java,org.apache.avro.Schema$Parser,org.pitest.mutationtest.engine.gregor.mutators.returns.NullReturnValsMutator,parse,1517,NO_COVERAGE,none
Schema.java,org.apache.avro.Schema$Parser,org.pitest.mutationtest.engine.gregor.mutators.returns.NullReturnValsMutator,parseInternal,1534,NO_COVERAGE,none
Schema.java,org.apache.avro.Schema$Parser,org.pitest.mutationtest.engine.gregor.mutators.returns.NullReturnValsMutator,setValidateDefaults,1487,NO_COVERAGE,none
Schema.java,org.apache.avro.Schema$UnionSchema,org.pitest.mutationtest.engine.gregor.mutators.IncrementsMutator,<init>,1275,KILLED,org.apache.avro.ISW2SchemaC4LLMTest.unionExposesBranchesIndexesAndNullableState(org.apache.avro.ISW2SchemaC4LLMTest)
Schema.java,org.apache.avro.Schema$UnionSchema,org.pitest.mutationtest.engine.gregor.mutators.NegateConditionalsMutator,<init>,1268,KILLED,org.apache.avro.ISW2SchemaC4LLMTest.unionExposesBranchesIndexesAndNullableState(org.apache.avro.ISW2SchemaC4LLMTest)
Schema.java,org.apache.avro.Schema$UnionSchema,org.pitest.mutationtest.engine.gregor.mutators.NegateConditionalsMutator,<init>,1272,KILLED,org.apache.avro.ISW2SchemaC4LLMTest.unionExposesBranchesIndexesAndNullableState(org.apache.avro.ISW2SchemaC4LLMTest)
Schema.java,org.apache.avro.Schema$UnionSchema,org.pitest.mutationtest.engine.gregor.mutators.NegateConditionalsMutator,<init>,1275,KILLED,org.apache.avro.ISW2SchemaC4LLMTest.unionExposesBranchesIndexesAndNullableState(org.apache.avro.ISW2SchemaC4LLMTest)
Schema.java,org.apache.avro.Schema$UnionSchema,org.pitest.mutationtest.engine.gregor.mutators.MathMutator,computeHash,1315,NO_COVERAGE,none
Schema.java,org.apache.avro.Schema$UnionSchema,org.pitest.mutationtest.engine.gregor.mutators.returns.PrimitiveReturnsMutator,computeHash,1316,NO_COVERAGE,none
Schema.java,org.apache.avro.Schema$UnionSchema,org.pitest.mutationtest.engine.gregor.mutators.NegateConditionalsMutator,equals,1303,NO_COVERAGE,none
Schema.java,org.apache.avro.Schema$UnionSchema,org.pitest.mutationtest.engine.gregor.mutators.NegateConditionalsMutator,equals,1305,NO_COVERAGE,none
Schema.java,org.apache.avro.Schema$UnionSchema,org.pitest.mutationtest.engine.gregor.mutators.NegateConditionalsMutator,equals,1308,NO_COVERAGE,none
Schema.java,org.apache.avro.Schema$UnionSchema,org.pitest.mutationtest.engine.gregor.mutators.NegateConditionalsMutator,equals,1308,NO_COVERAGE,none
Schema.java,org.apache.avro.Schema$UnionSchema,org.pitest.mutationtest.engine.gregor.mutators.NegateConditionalsMutator,equals,1308,NO_COVERAGE,none
Schema.java,org.apache.avro.Schema$UnionSchema,org.pitest.mutationtest.engine.gregor.mutators.returns.BooleanFalseReturnValsMutator,equals,1304,NO_COVERAGE,none
Schema.java,org.apache.avro.Schema$UnionSchema,org.pitest.mutationtest.engine.gregor.mutators.returns.BooleanTrueReturnValsMutator,equals,1306,NO_COVERAGE,none
Schema.java,org.apache.avro.Schema$UnionSchema,org.pitest.mutationtest.engine.gregor.mutators.returns.BooleanTrueReturnValsMutator,equals,1308,NO_COVERAGE,none
Schema.java,org.apache.avro.Schema$UnionSchema,org.pitest.mutationtest.engine.gregor.mutators.returns.EmptyObjectReturnValsMutator,getIndexNamed,1298,KILLED,org.apache.avro.ISW2SchemaC4LLMTest.unionExposesBranchesIndexesAndNullableState(org.apache.avro.ISW2SchemaC4LLMTest)
Schema.java,org.apache.avro.Schema$UnionSchema,org.pitest.mutationtest.engine.gregor.mutators.returns.EmptyObjectReturnValsMutator,getName,1335,NO_COVERAGE,none
Schema.java,org.apache.avro.Schema$UnionSchema,org.pitest.mutationtest.engine.gregor.mutators.returns.EmptyObjectReturnValsMutator,getTypes,1293,KILLED,org.apache.avro.ISW2SchemaC4LLMTest.unionExposesBranchesIndexesAndNullableState(org.apache.avro.ISW2SchemaC4LLMTest)
Schema.java,org.apache.avro.Schema$UnionSchema,org.pitest.mutationtest.engine.gregor.mutators.returns.BooleanFalseReturnValsMutator,isValidDefault,1288,NO_COVERAGE,none
Schema.java,org.apache.avro.Schema$UnionSchema,org.pitest.mutationtest.engine.gregor.mutators.returns.BooleanTrueReturnValsMutator,isValidDefault,1288,NO_COVERAGE,none
Schema.java,org.apache.avro.Schema$UnionSchema,org.pitest.mutationtest.engine.gregor.mutators.returns.BooleanFalseReturnValsMutator,lambda$isValidDefault$0,1288,NO_COVERAGE,none
Schema.java,org.apache.avro.Schema$UnionSchema,org.pitest.mutationtest.engine.gregor.mutators.returns.BooleanTrueReturnValsMutator,lambda$isValidDefault$0,1288,NO_COVERAGE,none
Schema.java,org.apache.avro.Schema$UnionSchema,org.pitest.mutationtest.engine.gregor.mutators.VoidMethodCallMutator,toJson,1327,SURVIVED,none
Schema.java,org.apache.avro.Schema$UnionSchema,org.pitest.mutationtest.engine.gregor.mutators.VoidMethodCallMutator,toJson,1329,SURVIVED,none
Schema.java,org.apache.avro.Schema$UnionSchema,org.pitest.mutationtest.engine.gregor.mutators.VoidMethodCallMutator,toJson,1330,SURVIVED,none
Schema.java,org.apache.avro.Schema$LockableArrayList,org.pitest.mutationtest.engine.gregor.mutators.VoidMethodCallMutator,add,2251,SURVIVED,none
Schema.java,org.apache.avro.Schema$LockableArrayList,org.pitest.mutationtest.engine.gregor.mutators.returns.BooleanFalseReturnValsMutator,add,2252,SURVIVED,none
Schema.java,org.apache.avro.Schema$LockableArrayList,org.pitest.mutationtest.engine.gregor.mutators.returns.BooleanTrueReturnValsMutator,add,2252,SURVIVED,none
Schema.java,org.apache.avro.Schema$LockableArrayList,org.pitest.mutationtest.engine.gregor.mutators.VoidMethodCallMutator,addAll,2275,NO_COVERAGE,none
Schema.java,org.apache.avro.Schema$LockableArrayList,org.pitest.mutationtest.engine.gregor.mutators.returns.BooleanFalseReturnValsMutator,addAll,2276,NO_COVERAGE,none
Schema.java,org.apache.avro.Schema$LockableArrayList,org.pitest.mutationtest.engine.gregor.mutators.returns.BooleanTrueReturnValsMutator,addAll,2276,NO_COVERAGE,none
Schema.java,org.apache.avro.Schema$LockableArrayList,org.pitest.mutationtest.engine.gregor.mutators.VoidMethodCallMutator,addAll,2269,NO_COVERAGE,none
Schema.java,org.apache.avro.Schema$LockableArrayList,org.pitest.mutationtest.engine.gregor.mutators.returns.BooleanFalseReturnValsMutator,addAll,2270,NO_COVERAGE,none
Schema.java,org.apache.avro.Schema$LockableArrayList,org.pitest.mutationtest.engine.gregor.mutators.returns.BooleanTrueReturnValsMutator,addAll,2270,NO_COVERAGE,none
Schema.java,org.apache.avro.Schema$LockableArrayList,org.pitest.mutationtest.engine.gregor.mutators.VoidMethodCallMutator,clear,2293,NO_COVERAGE,none
Schema.java,org.apache.avro.Schema$LockableArrayList,org.pitest.mutationtest.engine.gregor.mutators.VoidMethodCallMutator,clear,2294,NO_COVERAGE,none
Schema.java,org.apache.avro.Schema$LockableArrayList,org.pitest.mutationtest.engine.gregor.mutators.NegateConditionalsMutator,ensureUnlocked,2244,KILLED,org.apache.avro.ISW2SchemaC4LLMTest.unionRejectsDuplicateBranches(org.apache.avro.ISW2SchemaC4LLMTest)
Schema.java,org.apache.avro.Schema$LockableArrayList,org.pitest.mutationtest.engine.gregor.mutators.returns.EmptyObjectReturnValsMutator,lock,2240,KILLED,org.apache.avro.ISW2SchemaC4LLMTest.enumExposesSymbolsOrdinalsMembershipAndDefault(org.apache.avro.ISW2SchemaC4LLMTest)
Schema.java,org.apache.avro.Schema$LockableArrayList,org.pitest.mutationtest.engine.gregor.mutators.VoidMethodCallMutator,remove,2263,NO_COVERAGE,none
Schema.java,org.apache.avro.Schema$LockableArrayList,org.pitest.mutationtest.engine.gregor.mutators.returns.NullReturnValsMutator,remove,2264,NO_COVERAGE,none
Schema.java,org.apache.avro.Schema$LockableArrayList,org.pitest.mutationtest.engine.gregor.mutators.VoidMethodCallMutator,remove,2257,NO_COVERAGE,none
Schema.java,org.apache.avro.Schema$LockableArrayList,org.pitest.mutationtest.engine.gregor.mutators.returns.BooleanFalseReturnValsMutator,remove,2258,NO_COVERAGE,none
Schema.java,org.apache.avro.Schema$LockableArrayList,org.pitest.mutationtest.engine.gregor.mutators.returns.BooleanTrueReturnValsMutator,remove,2258,NO_COVERAGE,none
Schema.java,org.apache.avro.Schema$LockableArrayList,org.pitest.mutationtest.engine.gregor.mutators.VoidMethodCallMutator,removeAll,2281,NO_COVERAGE,none
Schema.java,org.apache.avro.Schema$LockableArrayList,org.pitest.mutationtest.engine.gregor.mutators.returns.BooleanFalseReturnValsMutator,removeAll,2282,NO_COVERAGE,none
Schema.java,org.apache.avro.Schema$LockableArrayList,org.pitest.mutationtest.engine.gregor.mutators.returns.BooleanTrueReturnValsMutator,removeAll,2282,NO_COVERAGE,none
Schema.java,org.apache.avro.Schema$LockableArrayList,org.pitest.mutationtest.engine.gregor.mutators.VoidMethodCallMutator,retainAll,2287,NO_COVERAGE,none
Schema.java,org.apache.avro.Schema$LockableArrayList,org.pitest.mutationtest.engine.gregor.mutators.returns.BooleanFalseReturnValsMutator,retainAll,2288,NO_COVERAGE,none
Schema.java,org.apache.avro.Schema$LockableArrayList,org.pitest.mutationtest.engine.gregor.mutators.returns.BooleanTrueReturnValsMutator,retainAll,2288,NO_COVERAGE,none
Schema.java,org.apache.avro.Schema$FixedSchema,org.pitest.mutationtest.engine.gregor.mutators.MathMutator,computeHash,1366,NO_COVERAGE,none
Schema.java,org.apache.avro.Schema$FixedSchema,org.pitest.mutationtest.engine.gregor.mutators.returns.PrimitiveReturnsMutator,computeHash,1366,NO_COVERAGE,none
Schema.java,org.apache.avro.Schema$FixedSchema,org.pitest.mutationtest.engine.gregor.mutators.NegateConditionalsMutator,equals,1356,NO_COVERAGE,none
Schema.java,org.apache.avro.Schema$FixedSchema,org.pitest.mutationtest.engine.gregor.mutators.NegateConditionalsMutator,equals,1358,NO_COVERAGE,none
Schema.java,org.apache.avro.Schema$FixedSchema,org.pitest.mutationtest.engine.gregor.mutators.NegateConditionalsMutator,equals,1361,NO_COVERAGE,none
Schema.java,org.apache.avro.Schema$FixedSchema,org.pitest.mutationtest.engine.gregor.mutators.NegateConditionalsMutator,equals,1361,NO_COVERAGE,none
Schema.java,org.apache.avro.Schema$FixedSchema,org.pitest.mutationtest.engine.gregor.mutators.NegateConditionalsMutator,equals,1361,NO_COVERAGE,none
Schema.java,org.apache.avro.Schema$FixedSchema,org.pitest.mutationtest.engine.gregor.mutators.NegateConditionalsMutator,equals,1361,NO_COVERAGE,none
Schema.java,org.apache.avro.Schema$FixedSchema,org.pitest.mutationtest.engine.gregor.mutators.returns.BooleanFalseReturnValsMutator,equals,1357,NO_COVERAGE,none
Schema.java,org.apache.avro.Schema$FixedSchema,org.pitest.mutationtest.engine.gregor.mutators.returns.BooleanTrueReturnValsMutator,equals,1359,NO_COVERAGE,none
Schema.java,org.apache.avro.Schema$FixedSchema,org.pitest.mutationtest.engine.gregor.mutators.returns.BooleanTrueReturnValsMutator,equals,1361,NO_COVERAGE,none
Schema.java,org.apache.avro.Schema$FixedSchema,org.pitest.mutationtest.engine.gregor.mutators.returns.PrimitiveReturnsMutator,getFixedSize,1351,KILLED,org.apache.avro.ISW2SchemaC4LLMTest.fixedSchemaExposesNameSizeAndAliases(org.apache.avro.ISW2SchemaC4LLMTest)
Schema.java,org.apache.avro.Schema$FixedSchema,org.pitest.mutationtest.engine.gregor.mutators.NegateConditionalsMutator,toJson,1372,NO_COVERAGE,none
Schema.java,org.apache.avro.Schema$FixedSchema,org.pitest.mutationtest.engine.gregor.mutators.NegateConditionalsMutator,toJson,1377,NO_COVERAGE,none
Schema.java,org.apache.avro.Schema$FixedSchema,org.pitest.mutationtest.engine.gregor.mutators.VoidMethodCallMutator,toJson,1374,NO_COVERAGE,none
Schema.java,org.apache.avro.Schema$FixedSchema,org.pitest.mutationtest.engine.gregor.mutators.VoidMethodCallMutator,toJson,1375,NO_COVERAGE,none
Schema.java,org.apache.avro.Schema$FixedSchema,org.pitest.mutationtest.engine.gregor.mutators.VoidMethodCallMutator,toJson,1376,NO_COVERAGE,none
Schema.java,org.apache.avro.Schema$FixedSchema,org.pitest.mutationtest.engine.gregor.mutators.VoidMethodCallMutator,toJson,1378,NO_COVERAGE,none
Schema.java,org.apache.avro.Schema$FixedSchema,org.pitest.mutationtest.engine.gregor.mutators.VoidMethodCallMutator,toJson,1379,NO_COVERAGE,none
Schema.java,org.apache.avro.Schema$FixedSchema,org.pitest.mutationtest.engine.gregor.mutators.VoidMethodCallMutator,toJson,1380,NO_COVERAGE,none
Schema.java,org.apache.avro.Schema$FixedSchema,org.pitest.mutationtest.engine.gregor.mutators.VoidMethodCallMutator,toJson,1381,NO_COVERAGE,none
Schema.java,org.apache.avro.Schema$FixedSchema,org.pitest.mutationtest.engine.gregor.mutators.VoidMethodCallMutator,toJson,1382,NO_COVERAGE,none
Schema.java,org.apache.avro.Schema$MapSchema,org.pitest.mutationtest.engine.gregor.mutators.MathMutator,computeHash,1243,SURVIVED,none
Schema.java,org.apache.avro.Schema$MapSchema,org.pitest.mutationtest.engine.gregor.mutators.returns.PrimitiveReturnsMutator,computeHash,1243,SURVIVED,none
Schema.java,org.apache.avro.Schema$MapSchema,org.pitest.mutationtest.engine.gregor.mutators.NegateConditionalsMutator,equals,1233,SURVIVED,none
Schema.java,org.apache.avro.Schema$MapSchema,org.pitest.mutationtest.engine.gregor.mutators.NegateConditionalsMutator,equals,1235,KILLED,org.apache.avro.ISW2SchemaC4LLMTest.serializationRoundTripThroughParserPreservesSchema(org.apache.avro.ISW2SchemaC4LLMTest)
Schema.java,org.apache.avro.Schema$MapSchema,org.pitest.mutationtest.engine.gregor.mutators.NegateConditionalsMutator,equals,1238,KILLED,org.apache.avro.ISW2SchemaC4LLMTest.serializationRoundTripThroughParserPreservesSchema(org.apache.avro.ISW2SchemaC4LLMTest)
Schema.java,org.apache.avro.Schema$MapSchema,org.pitest.mutationtest.engine.gregor.mutators.NegateConditionalsMutator,equals,1238,KILLED,org.apache.avro.ISW2SchemaC4LLMTest.serializationRoundTripThroughParserPreservesSchema(org.apache.avro.ISW2SchemaC4LLMTest)
Schema.java,org.apache.avro.Schema$MapSchema,org.pitest.mutationtest.engine.gregor.mutators.NegateConditionalsMutator,equals,1238,KILLED,org.apache.avro.ISW2SchemaC4LLMTest.serializationRoundTripThroughParserPreservesSchema(org.apache.avro.ISW2SchemaC4LLMTest)
Schema.java,org.apache.avro.Schema$MapSchema,org.pitest.mutationtest.engine.gregor.mutators.returns.BooleanFalseReturnValsMutator,equals,1234,NO_COVERAGE,none
Schema.java,org.apache.avro.Schema$MapSchema,org.pitest.mutationtest.engine.gregor.mutators.returns.BooleanTrueReturnValsMutator,equals,1236,NO_COVERAGE,none
Schema.java,org.apache.avro.Schema$MapSchema,org.pitest.mutationtest.engine.gregor.mutators.returns.BooleanTrueReturnValsMutator,equals,1238,SURVIVED,none
Schema.java,org.apache.avro.Schema$MapSchema,org.pitest.mutationtest.engine.gregor.mutators.returns.NullReturnValsMutator,getValueType,1228,KILLED,org.apache.avro.ISW2SchemaC4LLMTest.arrayAndMapRetainTheirComponentSchemas(org.apache.avro.ISW2SchemaC4LLMTest)
Schema.java,org.apache.avro.Schema$MapSchema,org.pitest.mutationtest.engine.gregor.mutators.VoidMethodCallMutator,toJson,1249,KILLED,org.apache.avro.ISW2SchemaC4LLMTest.serializationRoundTripThroughParserPreservesSchema(org.apache.avro.ISW2SchemaC4LLMTest)
Schema.java,org.apache.avro.Schema$MapSchema,org.pitest.mutationtest.engine.gregor.mutators.VoidMethodCallMutator,toJson,1250,KILLED,org.apache.avro.ISW2SchemaC4LLMTest.serializationRoundTripThroughParserPreservesSchema(org.apache.avro.ISW2SchemaC4LLMTest)
Schema.java,org.apache.avro.Schema$MapSchema,org.pitest.mutationtest.engine.gregor.mutators.VoidMethodCallMutator,toJson,1251,KILLED,org.apache.avro.ISW2SchemaC4LLMTest.serializationRoundTripThroughParserPreservesSchema(org.apache.avro.ISW2SchemaC4LLMTest)
Schema.java,org.apache.avro.Schema$MapSchema,org.pitest.mutationtest.engine.gregor.mutators.VoidMethodCallMutator,toJson,1252,KILLED,org.apache.avro.ISW2SchemaC4LLMTest.serializationRoundTripThroughParserPreservesSchema(org.apache.avro.ISW2SchemaC4LLMTest)
Schema.java,org.apache.avro.Schema$MapSchema,org.pitest.mutationtest.engine.gregor.mutators.VoidMethodCallMutator,toJson,1253,SURVIVED,none
Schema.java,org.apache.avro.Schema$MapSchema,org.pitest.mutationtest.engine.gregor.mutators.VoidMethodCallMutator,toJson,1254,KILLED,org.apache.avro.ISW2SchemaC4LLMTest.serializationRoundTripThroughParserPreservesSchema(org.apache.avro.ISW2SchemaC4LLMTest)
Schema.java,org.apache.avro.Schema$ArraySchema,org.pitest.mutationtest.engine.gregor.mutators.MathMutator,computeHash,1203,SURVIVED,none
Schema.java,org.apache.avro.Schema$ArraySchema,org.pitest.mutationtest.engine.gregor.mutators.returns.PrimitiveReturnsMutator,computeHash,1203,SURVIVED,none
Schema.java,org.apache.avro.Schema$ArraySchema,org.pitest.mutationtest.engine.gregor.mutators.NegateConditionalsMutator,equals,1193,SURVIVED,none
Schema.java,org.apache.avro.Schema$ArraySchema,org.pitest.mutationtest.engine.gregor.mutators.NegateConditionalsMutator,equals,1195,KILLED,org.apache.avro.ISW2SchemaC4LLMTest.serializationRoundTripThroughParserPreservesSchema(org.apache.avro.ISW2SchemaC4LLMTest)
Schema.java,org.apache.avro.Schema$ArraySchema,org.pitest.mutationtest.engine.gregor.mutators.NegateConditionalsMutator,equals,1198,KILLED,org.apache.avro.ISW2SchemaC4LLMTest.serializationRoundTripThroughParserPreservesSchema(org.apache.avro.ISW2SchemaC4LLMTest)
Schema.java,org.apache.avro.Schema$ArraySchema,org.pitest.mutationtest.engine.gregor.mutators.NegateConditionalsMutator,equals,1198,KILLED,org.apache.avro.ISW2SchemaC4LLMTest.serializationRoundTripThroughParserPreservesSchema(org.apache.avro.ISW2SchemaC4LLMTest)
Schema.java,org.apache.avro.Schema$ArraySchema,org.pitest.mutationtest.engine.gregor.mutators.NegateConditionalsMutator,equals,1198,KILLED,org.apache.avro.ISW2SchemaC4LLMTest.serializationRoundTripThroughParserPreservesSchema(org.apache.avro.ISW2SchemaC4LLMTest)
Schema.java,org.apache.avro.Schema$ArraySchema,org.pitest.mutationtest.engine.gregor.mutators.returns.BooleanFalseReturnValsMutator,equals,1194,NO_COVERAGE,none
Schema.java,org.apache.avro.Schema$ArraySchema,org.pitest.mutationtest.engine.gregor.mutators.returns.BooleanTrueReturnValsMutator,equals,1196,NO_COVERAGE,none
Schema.java,org.apache.avro.Schema$ArraySchema,org.pitest.mutationtest.engine.gregor.mutators.returns.BooleanTrueReturnValsMutator,equals,1198,SURVIVED,none
Schema.java,org.apache.avro.Schema$ArraySchema,org.pitest.mutationtest.engine.gregor.mutators.returns.NullReturnValsMutator,getElementType,1188,KILLED,org.apache.avro.ISW2SchemaC4LLMTest.arrayAndMapRetainTheirComponentSchemas(org.apache.avro.ISW2SchemaC4LLMTest)
Schema.java,org.apache.avro.Schema$ArraySchema,org.pitest.mutationtest.engine.gregor.mutators.VoidMethodCallMutator,toJson,1209,KILLED,org.apache.avro.ISW2SchemaC4LLMTest.serializationRoundTripThroughParserPreservesSchema(org.apache.avro.ISW2SchemaC4LLMTest)
Schema.java,org.apache.avro.Schema$ArraySchema,org.pitest.mutationtest.engine.gregor.mutators.VoidMethodCallMutator,toJson,1210,KILLED,org.apache.avro.ISW2SchemaC4LLMTest.serializationRoundTripThroughParserPreservesSchema(org.apache.avro.ISW2SchemaC4LLMTest)
Schema.java,org.apache.avro.Schema$ArraySchema,org.pitest.mutationtest.engine.gregor.mutators.VoidMethodCallMutator,toJson,1211,KILLED,org.apache.avro.ISW2SchemaC4LLMTest.serializationRoundTripThroughParserPreservesSchema(org.apache.avro.ISW2SchemaC4LLMTest)
Schema.java,org.apache.avro.Schema$ArraySchema,org.pitest.mutationtest.engine.gregor.mutators.VoidMethodCallMutator,toJson,1212,KILLED,org.apache.avro.ISW2SchemaC4LLMTest.serializationRoundTripThroughParserPreservesSchema(org.apache.avro.ISW2SchemaC4LLMTest)
Schema.java,org.apache.avro.Schema$ArraySchema,org.pitest.mutationtest.engine.gregor.mutators.VoidMethodCallMutator,toJson,1213,SURVIVED,none
Schema.java,org.apache.avro.Schema$ArraySchema,org.pitest.mutationtest.engine.gregor.mutators.VoidMethodCallMutator,toJson,1214,KILLED,org.apache.avro.ISW2SchemaC4LLMTest.serializationRoundTripThroughParserPreservesSchema(org.apache.avro.ISW2SchemaC4LLMTest)
Schema.java,org.apache.avro.Schema$Names,org.pitest.mutationtest.engine.gregor.mutators.NegateConditionalsMutator,contains,1677,NO_COVERAGE,none
Schema.java,org.apache.avro.Schema$Names,org.pitest.mutationtest.engine.gregor.mutators.returns.BooleanTrueReturnValsMutator,contains,1677,NO_COVERAGE,none
Schema.java,org.apache.avro.Schema$Names,org.pitest.mutationtest.engine.gregor.mutators.NegateConditionalsMutator,get,1665,NO_COVERAGE,none
Schema.java,org.apache.avro.Schema$Names,org.pitest.mutationtest.engine.gregor.mutators.NegateConditionalsMutator,get,1669,NO_COVERAGE,none
Schema.java,org.apache.avro.Schema$Names,org.pitest.mutationtest.engine.gregor.mutators.returns.NullReturnValsMutator,get,1666,NO_COVERAGE,none
Schema.java,org.apache.avro.Schema$Names,org.pitest.mutationtest.engine.gregor.mutators.returns.NullReturnValsMutator,get,1673,NO_COVERAGE,none
Schema.java,org.apache.avro.Schema$Names,org.pitest.mutationtest.engine.gregor.mutators.NegateConditionalsMutator,put,1686,NO_COVERAGE,none
Schema.java,org.apache.avro.Schema$Names,org.pitest.mutationtest.engine.gregor.mutators.NegateConditionalsMutator,put,1688,NO_COVERAGE,none
Schema.java,org.apache.avro.Schema$Names,org.pitest.mutationtest.engine.gregor.mutators.returns.NullReturnValsMutator,put,1691,NO_COVERAGE,none
Schema.java,org.apache.avro.Schema$Names,org.pitest.mutationtest.engine.gregor.mutators.returns.NullReturnValsMutator,put,1694,NO_COVERAGE,none
Schema.java,org.apache.avro.Schema$Names,org.pitest.mutationtest.engine.gregor.mutators.returns.EmptyObjectReturnValsMutator,space,1656,NO_COVERAGE,none
Schema.java,org.apache.avro.Schema$SeenPair,org.pitest.mutationtest.engine.gregor.mutators.NegateConditionalsMutator,equals,921,KILLED,org.apache.avro.ISW2SchemaC4LLMTest.seenPairUsesObjectIdentityRatherThanLogicalEquality(org.apache.avro.ISW2SchemaC4LLMTest)
Schema.java,org.apache.avro.Schema$SeenPair,org.pitest.mutationtest.engine.gregor.mutators.NegateConditionalsMutator,equals,923,KILLED,org.apache.avro.ISW2SchemaC4LLMTest.seenPairUsesObjectIdentityRatherThanLogicalEquality(org.apache.avro.ISW2SchemaC4LLMTest)
Schema.java,org.apache.avro.Schema$SeenPair,org.pitest.mutationtest.engine.gregor.mutators.NegateConditionalsMutator,equals,923,KILLED,org.apache.avro.ISW2SchemaC4LLMTest.seenPairUsesObjectIdentityRatherThanLogicalEquality(org.apache.avro.ISW2SchemaC4LLMTest)
Schema.java,org.apache.avro.Schema$SeenPair,org.pitest.mutationtest.engine.gregor.mutators.returns.BooleanTrueReturnValsMutator,equals,922,NO_COVERAGE,none
Schema.java,org.apache.avro.Schema$SeenPair,org.pitest.mutationtest.engine.gregor.mutators.returns.BooleanTrueReturnValsMutator,equals,923,KILLED,org.apache.avro.ISW2SchemaC4LLMTest.seenPairUsesObjectIdentityRatherThanLogicalEquality(org.apache.avro.ISW2SchemaC4LLMTest)
Schema.java,org.apache.avro.Schema$SeenPair,org.pitest.mutationtest.engine.gregor.mutators.MathMutator,hashCode,928,NO_COVERAGE,none
Schema.java,org.apache.avro.Schema$SeenPair,org.pitest.mutationtest.engine.gregor.mutators.returns.PrimitiveReturnsMutator,hashCode,928,NO_COVERAGE,none
Schema.java,org.apache.avro.Schema$Field$1,org.pitest.mutationtest.engine.gregor.mutators.returns.NullReturnValsMutator,createField,550,NO_COVERAGE,none
Schema.java,org.apache.avro.Schema$Field$1,org.pitest.mutationtest.engine.gregor.mutators.returns.NullReturnValsMutator,createField,556,NO_COVERAGE,none
Schema.java,org.apache.avro.Schema$Field$1,org.pitest.mutationtest.engine.gregor.mutators.returns.NullReturnValsMutator,defaultValue,545,NO_COVERAGE,none
Schema.java,org.apache.avro.Schema$SerializableSchema,org.pitest.mutationtest.engine.gregor.mutators.returns.NullReturnValsMutator,readResolve,116,NO_COVERAGE,none
Schema.java,org.apache.avro.Schema$Type,org.pitest.mutationtest.engine.gregor.mutators.returns.EmptyObjectReturnValsMutator,getName,151,KILLED,org.apache.avro.ISW2SchemaC4LLMTest.primitiveFactoriesExposeTypeNameAndNullability(org.apache.avro.ISW2SchemaC4LLMTest)
